id,name,age,position,nationality,foot,height,weight,current_team_id,current_league_id
1,Aymeric Camavinga,23,ST,Colombian,right,183.7,79.3,151,9
2,Patrik Garcia,35,CM,French,right,182.8,82.4,113,6
3,Remo Szoboszlai,26,FB,Turkish,right,183.0,77.2,191,11
4,Juan Nunez,24,AM,Japanese,right,185.5,87.6,72,4
5,Shaqiri Van Dijk,27,CB,English,right,176.5,77.4,218,12
6,Marco Gomez,27,W,Croatian,right,183.2,76.2,46,3
7,John Smith,36,CB,Nigerian,right,193.5,83.9,344,18
8,Phil Varane,25,CM,Danish,left,181.7,79.1,306,16
9,Ladislav Martinez,22,CM,English,left,181.7,74.3,98,6
10,Lingr Pique,37,FB,Belgian,left,180.4,82.9,75,4
11,Remo Rossi,34,CM,Italian,right,176.5,79.1,292,16
12,Santi Camavinga,29,CM,Turkish,right,181.0,77.5,296,16
13,Mohamed Valverde,38,W,Colombian,left,188.4,86.4,163,10
14,Mason Gakpo,36,CB,Swiss,left,181.7,76.0,261,14
15,Jordi Van Dijk,21,AM,Polish,right,178.7,74.6,372,20
16,Mateo Kroos,19,FB,Belgian,right,172.1,81.3,100,6
17,Haris Kante,34,CB,Korean,right,189.9,85.4,198,11
18,Lionel Williams,26,CB,Nigerian,right,182.7,81.9,51,3
19,Bruno Sancho,27,FB,Austrian,right,190.3,79.7,110,6
20,Lingr Kane,30,ST,Polish,right,179.5,75.5,144,8
21,Luis White,18,W,Austrian,right,174.9,75.1,310,17
22,Shaqiri Anderson,30,CB,Dutch,right,180.3,72.3,364,20
23,Ivan Taylor,18,FB,Swiss,left,185.7,78.5,270,15
24,Jan Kane,25,CM,Serbian,right,173.7,80.6,312,17
25,David Havertz,24,CB,Japanese,left,181.4,75.4,251,14
26,Willian Benzema,30,ST,Spanish,right,181.7,76.9,368,20
27,Roberto Clarke,30,CM,Ghanaian,right,183.5,77.2,177,10
28,Bruno Lopez,24,AM,Austrian,right,190.9,82.5,216,12
29,Jamal Havertz,28,AM,Dutch,right,181.2,74.6,193,11
30,Luka Rodriguez,28,GK,Turkish,right,185.5,81.0,375,20
31,Leroy Moore,16,FB,Dutch,right,185.8,74.4,203,12
32,Andres Firmino,21,CB,Turkish,both,181.2,78.6,363,20
33,Ansu Sane,37,CM,French,right,186.3,87.7,289,16
34,Willian Valverde,21,AM,German,right,182.2,78.2,162,9
35,Diego Gnabry,30,W,Greek,right,185.2,86.0,158,9
36,Harry Carvajal,17,CB,Japanese,left,193.8,81.0,124,7
37,Federico Hall,32,ST,Spanish,left,182.1,80.6,161,9
38,Lionel Sterling,37,GK,Turkish,right,179.6,78.7,349,19
39,Xavi Kroos,26,CM,Romanian,right,180.8,78.1,367,20
40,Lionel Bellingham,34,W,Colombian,right,181.4,83.0,52,3
41,Hlozek Brozovic,16,ST,Swedish,right,180.8,74.3,208,12
42,Ciro Wan-Bissaka,33,CM,Austrian,right,185.1,78.5,89,5
43,Milan Mbappe,16,FB,Ghanaian,right,179.9,70.3,328,18
44,Achraf Havertz,33,CB,Czech,left,199.2,88.9,320,17
45,Marco Diaz,33,FB,Senegalese,right,194.8,81.4,176,10
46,Zuber King,36,ST,English,both,181.8,76.0,376,20
47,Niklas Clarke,21,ST,Ghanaian,right,175.4,76.0,257,14
48,Haris Hernandez,28,CB,Nigerian,left,188.3,82.3,370,20
49,Cesc Gakpo,28,CB,Austrian,right,186.5,79.0,180,11
50,Patrik Martinez,23,AM,Colombian,right,181.1,70.7,190,11
51,Ansu Lewis,37,AM,Ghanaian,right,180.2,73.2,119,7
52,Robert Bellingham,19,W,Ghanaian,left,175.6,79.2,228,13
53,Sadio Diaz,17,CM,Argentine,left,171.5,75.9,313,17
54,Santi Young,32,GK,Belgian,right,190.0,80.3,360,19
55,Robert Carvajal,25,AM,Greek,left,178.9,76.4,36,2
56,Stefan Trossard,37,AM,Swiss,right,180.0,80.5,84,5
57,Santi Mbappe,35,CB,Senegalese,right,180.3,76.5,332,18
58,Achraf Odegaard,38,ST,French,left,188.2,78.9,48,3
59,Ederson Saka,20,CM,Polish,left,174.1,74.3,27,2
60,Cristiano Scott,31,AM,Brazilian,right,186.2,78.8,153,9
61,James Hall,21,CB,Austrian,right,192.3,79.5,324,17
62,Leroy Wilson,34,CM,Austrian,right,199.9,87.2,303,16
63,Patrik Firmino,33,W,Nigerian,left,173.2,80.8,250,14
64,Aymeric Nunez,23,AM,Polish,right,185.9,82.1,266,15
65,Theo Jackson,29,GK,Czech,right,186.9,83.8,182,11
66,Sergio Thomas,31,CB,Romanian,left,182.9,80.2,288,16
67,Sergio Goretzka,22,AM,Japanese,right,171.9,71.9,156,9
68,Theo Valverde,32,ST,Senegalese,right,178.0,72.6,206,12
69,Kai Hernandez,20,AM,Portuguese,right,184.8,77.2,295,16
70,Cesc Jackson,21,W,Moroccan,right,179.0,74.6,308,17
71,Patrik Anderson,20,W,English,left,177.7,75.8,327,18
72,Willian Kimmich,16,CM,Norwegian,right,178.3,79.3,283,16
73,Kylian Young,34,FB,Moroccan,both,169.9,70.8,370,20
74,Trent Dias,23,CM,Italian,left,176.3,76.2,166,10
75,Leroy Adams,36,CM,Serbian,right,175.7,80.7,141,8
76,Gavi Young,21,FB,Spanish,right,185.7,84.1,344,18
77,Marco Brozovic,31,AM,Croatian,right,182.0,76.7,314,17
78,Juan Scott,33,W,Uruguayan,left,189.7,82.9,183,11
79,Neymar Kramaric,35,AM,Romanian,right,181.0,78.5,169,10
80,Zuber Alba,21,ST,French,left,175.2,70.8,309,17
81,Ederson Ederson,25,FB,Ghanaian,right,182.8,79.8,363,20
82,Can Diaz,30,ST,Dutch,right,171.8,74.9,199,11
83,Trent Harris,31,CB,Japanese,right,186.0,80.0,260,14
84,Vinicius Wilson,21,CM,Austrian,right,182.1,74.9,320,17
85,Lingr Rudiger,35,AM,Turkish,right,178.4,76.1,297,16
86,Florian Wan-Bissaka,27,FB,Brazilian,right,174.8,77.5,374,20
87,Ferran Rudiger,27,CM,German,right,192.4,86.6,302,16
88,Robert Martin,37,CM,Ghanaian,both,191.2,81.6,374,20
89,Serge Laporte,25,FB,Argentine,right,180.0,80.0,81,5
90,Leon Laporte,19,CB,Romanian,right,192.3,86.3,290,16
91,Trent Allen,37,FB,Turkish,right,179.2,79.6,321,17
92,Achraf Upamecano,19,CM,Serbian,left,177.8,76.8,340,18
93,Remo Szoboszlai,19,AM,Swedish,right,181.3,78.7,275,15
94,Mason Wilson,34,AM,Romanian,right,188.7,78.4,37,2
95,Joshua Neuer,34,ST,Brazilian,right,175.3,74.6,276,15
96,Breel Jackson,26,CB,Romanian,right,187.9,80.0,193,11
97,Leroy Perisic,36,CM,French,left,186.0,76.6,357,19
98,Jordi Kovacic,27,W,Norwegian,right,181.0,73.9,244,14
99,Mason Adams,19,CB,Nigerian,right,179.5,80.2,95,5
100,Joshua Pique,26,GK,Japanese,left,182.9,75.9,249,14
101,Joao Havertz,33,CB,Italian,right,191.9,82.6,229,13
102,Gavi Santos,25,CB,Argentine,right,193.0,79.2,325,18
103,Lionel Camavinga,19,CB,Austrian,right,179.8,77.9,304,16
104,Ondrej King,20,W,Ghanaian,right,184.0,78.4,229,13
105,Jordi Davies,23,CM,Croatian,right,179.6,75.1,144,8
106,Niklas Sterling,33,GK,Belgian,right,188.5,79.9,315,17
107,Cristiano Lewis,29,AM,Serbian,left,183.2,82.4,39,2
108,Aymeric Mitchell,29,W,Nigerian,left,182.4,73.6,51,3
109,Lautaro Firmino,36,CM,Colombian,left,183.6,80.0,139,8
110,Andres Mitchell,28,CB,Brazilian,right,178.0,79.0,255,14
111,Kevin Griezmann,37,ST,Argentine,right,178.8,76.2,352,19
112,Gavi Baker,32,AM,Argentine,right,185.7,82.0,13,1
113,Harry Kramaric,17,AM,Spanish,right,183.3,80.6,306,16
114,Dusan Van Dijk,33,CB,Danish,left,192.5,79.2,168,10
115,Robert Alba,20,AM,Swiss,right,190.3,81.5,380,20
116,Marco Bajcetic,21,CM,Norwegian,right,177.6,80.6,100,6
117,Remo Kovacic,32,CB,Moroccan,right,179.1,75.1,345,19
118,Breel Thomas,34,W,Belgian,right,179.7,81.0,60,4
119,Theo Gomez,29,CB,Korean,right,192.5,84.7,334,18
120,Gabriel Scott,22,ST,French,left,189.9,80.0,309,17
121,Virgil Kramaric,25,FB,Italian,right,178.3,76.1,33,2
122,Ederson Thomas,20,W,Dutch,left,193.2,87.6,292,16
123,Leon Valverde,32,CB,Nigerian,both,192.9,82.3,285,16
124,Mateo Green,31,CB,Croatian,left,179.1,83.5,188,11
125,Theo Silva,37,CM,Swiss,right,184.2,75.8,312,17
126,Phil Dupont,18,W,Japanese,right,179.4,76.4,370,20
127,Diego King,25,FB,Romanian,right,189.8,76.6,114,6
128,Timo Bellingham,31,W,Serbian,left,176.2,76.2,366,20
129,Manuel Baker,19,GK,French,left,189.0,77.1,354,19
130,Lautaro Foden,19,AM,English,left,180.8,81.3,346,19
131,Carlos Harris,16,ST,Dutch,right,188.0,82.2,363,20
132,Sergio King,18,W,Polish,right,167.9,74.1,209,12
133,Timo Valverde,34,ST,Norwegian,right,182.3,78.4,257,14
134,Florian Werner,23,FB,Czech,right,188.4,78.6,214,12
135,Milan Griezmann,27,ST,Colombian,right,178.7,77.0,219,12
136,Mohamed Martinelli,37,CM,Moroccan,right,179.6,70.9,101,6
137,Ederson Davies,28,CM,Ghanaian,left,180.7,74.6,188,11
138,Dani Thomas,38,AM,Polish,left,183.5,79.5,106,6
139,John Werner,22,ST,Swiss,right,180.5,78.1,212,12
140,Bruno Sancho,19,CB,Dutch,left,184.5,75.5,303,16
141,Virgil White,16,FB,Czech,right,188.7,83.5,202,11
142,Pedri Martinelli,20,W,Czech,both,179.6,78.4,242,14
143,Rafael Davies,38,W,Portuguese,left,191.2,83.9,356,19
144,Haris Nunez,25,FB,Greek,right,169.8,71.6,195,11
145,Jude Pique,31,ST,Norwegian,right,191.5,84.5,271,15
146,Sadio Neuer,28,AM,Japanese,left,178.4,76.4,251,14
147,Bukayo Foden,31,FB,Romanian,right,174.7,78.5,353,19
148,Patrik Odegaard,37,AM,Polish,left,179.8,75.2,147,8
149,Dusan Havertz,24,CB,Austrian,right,197.9,81.3,276,15
150,Milan Allen,34,AM,Czech,right,179.7,73.9,266,15
151,Bernardo Thompson,28,W,English,right,182.4,76.4,285,16
152,Federico Rashford,35,AM,Spanish,right,186.1,79.8,380,20
153,Gavi Dupont,35,GK,Spanish,right,193.6,85.2,333,18
154,Willian Dias,22,W,Polish,left,182.9,78.1,199,11
155,Luis Silva,33,W,Argentine,right,176.0,74.2,17,1
156,Joshua Taylor,36,ST,Argentine,right,182.5,85.0,66,4
157,Dani Wan-Bissaka,34,ST,Swiss,right,186.6,85.6,319,17
158,Alisson Sane,25,FB,Romanian,left,176.0,76.6,371,20
159,Marcelo Firmino,16,ST,Brazilian,right,181.9,82.3,220,12
160,Sergio Gakpo,28,CM,Korean,left,178.5,79.9,361,19
161,Lingr Sancho,33,FB,English,right,178.6,75.1,358,19
162,Xherdan Martin,28,CM,Serbian,right,184.6,79.8,292,16
163,Granit Firmino,25,CB,German,left,176.4,73.7,4,1
164,Adam Perisic,35,CM,Uruguayan,right,184.8,73.1,38,2
165,Harry Odegaard,36,ST,Danish,left,189.3,83.0,351,19
166,Rodri Davies,27,ST,Spanish,left,190.0,80.5,377,20
167,Schick Muller,26,FB,Argentine,right,189.7,85.8,315,17
168,Manuel Muller,33,ST,Danish,both,185.9,78.4,304,16
169,Presnel Brozovic,35,ST,Portuguese,left,186.8,82.9,328,18
170,Andres Casemiro,16,CB,Senegalese,both,184.3,81.8,337,18
171,Ansu Pogba,21,CB,Spanish,left,185.8,79.8,37,2
172,Thomas Mbappe,38,AM,Norwegian,right,182.4,78.0,163,10
173,Kylian Clarke,17,ST,Moroccan,left,182.7,79.3,253,14
174,Sergio Dias,28,W,Turkish,right,177.5,72.0,209,12
175,Kingsley Jones,28,AM,Korean,right,185.9,80.2,209,12
176,Emre Mitchell,29,CB,Moroccan,right,192.2,78.2,80,5
177,Dusan Adams,22,FB,Turkish,both,182.7,75.4,91,5
178,Florian Davies,26,W,Greek,right,186.2,76.3,76,4
179,John Wan-Bissaka,27,ST,Dutch,right,181.3,74.4,156,9
180,Joao Fernandez,38,CB,Czech,right,182.9,77.8,238,13
181,Roberto Lewis,30,AM,Colombian,left,182.9,80.8,177,10
182,Achraf Lloris,16,AM,Nigerian,right,186.2,79.1,183,11
183,Luka Anderson,19,CM,Norwegian,both,181.6,75.7,60,4
184,Joshua Kovacic,20,CB,Spanish,right,192.3,81.6,169,10
185,Aymeric Kante,30,W,Polish,left,180.1,83.0,312,17
186,Granit Casemiro,18,FB,Dutch,right,187.5,79.6,178,10
187,Schick Johnson,18,CM,Japanese,right,183.3,84.9,117,7
188,Ferran Brozovic,27,ST,Korean,right,167.4,70.0,66,4
189,Andres Foden,32,ST,Swiss,right,183.5,77.9,70,4
190,Xavi Van Dijk,27,ST,French,right,188.6,78.5,358,19
191,Lingr Asensio,24,W,Spanish,right,177.8,79.7,182,11
192,Remo Robertson,29,W,Norwegian,right,183.1,77.5,321,17
193,Aymeric Mane,37,AM,Korean,right,183.2,75.0,62,4
194,Kalidou Asensio,19,ST,Argentine,right,186.4,86.3,216,12
195,Leroy Anderson,19,CM,Greek,right,175.3,76.5,333,18
196,Xavi Hernandez,24,ST,German,right,182.1,83.5,137,8
197,Patrik Taylor,26,W,Polish,right,192.6,83.3,314,17
198,Thibaut Perisic,36,CB,Belgian,right,184.7,81.9,209,12
199,Sergio King,34,W,Moroccan,right,176.5,74.6,362,19
200,Harry Upamecano,19,ST,Norwegian,right,180.5,75.8,377,20
201,John Rashford,30,ST,Croatian,left,177.8,76.7,338,18
202,Neymar Goretzka,34,CM,Spanish,right,178.4,71.0,74,4
203,Mason De Bruyne,32,CM,Czech,right,186.3,79.4,288,16
204,Juan Thomas,20,FB,Austrian,right,180.7,78.5,245,14
205,Hlozek Garcia,31,CM,Swiss,left,182.4,77.3,325,18
206,Kingsley Green,17,CB,Japanese,left,183.8,75.6,195,11
207,Ladislav Szoboszlai,19,CB,Nigerian,right,192.2,86.2,332,18
208,Santi Williams,25,FB,Greek,right,175.0,75.7,94,5
209,Santi Werner,23,ST,Danish,left,164.4,72.7,318,17
210,James Kane,26,W,Nigerian,right,185.6,79.0,231,13
211,Jordi Valverde,22,CM,Senegalese,right,192.9,80.2,356,19
212,Raphael Adams,20,CM,Romanian,right,190.0,79.2,15,1
213,Bruno Alba,18,ST,Norwegian,right,177.6,81.6,271,15
214,Marcelo Fernandez,22,FB,Colombian,right,175.4,76.7,363,20
215,Neymar Pique,20,CB,Polish,left,181.7,79.3,42,3
216,Ondrej Modric,22,AM,English,left,182.2,76.8,357,19
217,Xavi Jackson,26,W,English,right,174.3,75.9,4,1
218,Kalidou Harris,30,ST,Romanian,right,185.2,85.9,357,19
219,Sergio Wan-Bissaka,38,CM,Uruguayan,right,176.2,73.2,65,4
220,Ivan Sancho,26,FB,Serbian,right,181.9,79.2,215,12
221,Jude Gomez,19,ST,Uruguayan,both,185.9,82.1,120,7
222,Marco Brown,38,CB,Colombian,right,178.5,78.7,242,14
223,Leroy Martinelli,32,W,Senegalese,right,183.7,86.0,331,18
224,Marcelo Rashford,21,W,Turkish,right,177.7,74.4,225,13
225,James Diaz,23,ST,Uruguayan,left,186.3,79.8,100,6
226,Fernando Clarke,33,W,Nigerian,right,190.7,81.1,139,8
227,Rafael Young,22,AM,Nigerian,both,185.0,80.8,114,6
228,Can Valverde,18,FB,Polish,right,173.8,73.3,319,17
229,Ederson Dias,20,AM,Portuguese,right,187.1,80.0,320,17
230,Ruben Firmino,23,GK,French,left,184.5,79.5,219,12
231,Bernardo Mitchell,27,ST,Spanish,right,179.3,73.7,159,9
232,Alisson Kimmich,17,FB,Turkish,right,185.1,85.0,313,17
233,Fernando Ramos,36,CB,Spanish,left,188.9,85.7,65,4
234,Gabriel Van Dijk,30,CM,Ghanaian,right,186.5,77.4,149,8
235,Remo Davies,38,CM,Senegalese,right,192.0,82.1,37,2
236,Santi Odegaard,33,ST,Swiss,left,174.9,76.7,52,3
237,Joshua Gakpo,21,CM,Swedish,right,177.1,71.6,380,20
238,Timo Kane,22,W,Colombian,right,183.7,76.9,174,10
239,Mateo Walker,25,ST,Italian,left,176.2,73.7,259,14
240,Ansu Valverde,37,CB,Turkish,right,186.3,75.7,370,20
241,Luis Adams,17,FB,Moroccan,right,177.0,76.8,63,4
242,Leroy Perisic,31,FB,Romanian,both,188.7,81.0,358,19
243,Ivan Busquets,26,GK,Belgian,right,192.3,82.0,113,6
244,Granit Wan-Bissaka,38,ST,Japanese,right,183.8,79.8,159,9
245,Luis Sane,24,W,Italian,left,191.0,84.7,369,20
246,Antoine Saka,17,CM,Korean,right,182.0,81.2,289,16
247,Granit Varane,29,FB,Italian,right,164.1,69.9,153,9
248,Joshua Camavinga,22,CM,Brazilian,right,184.3,84.2,225,13
249,Neymar Brozovic,18,CM,Italian,right,182.6,77.0,380,20
250,Jude Baker,31,GK,Swiss,right,183.2,78.7,320,17
251,Ciro Neuer,33,GK,Korean,right,199.6,82.0,172,10
252,Can Mbappe,22,CM,Ghanaian,both,177.2,77.5,333,18
253,Nikola Henderson,24,AM,Colombian,right,194.5,83.4,173,10
254,Neymar Rudiger,29,AM,Norwegian,left,192.5,83.0,328,18
255,Ilkay Gomez,35,CM,Italian,left,170.0,72.9,344,18
256,Bukayo Dupont,32,CB,Argentine,right,195.2,88.0,319,17
257,Kai Rossi,33,ST,Romanian,right,186.6,84.1,184,11
258,Schick Kimmich,38,CB,Swedish,right,178.6,80.3,16,1
259,Willian Mane,17,W,Argentine,both,178.2,78.3,351,19
260,Lingr Stones,32,CM,Colombian,left,183.4,79.2,167,10
261,David Fabinho,38,AM,Czech,left,192.0,80.7,345,19
262,Stefan Wan-Bissaka,35,GK,Polish,right,185.6,78.7,196,11
263,Patrik Moore,28,ST,Brazilian,right,183.7,78.7,373,20
264,Timo Alexander-Arnold,23,W,Senegalese,right,181.8,79.1,335,18
265,Ivan Allen,23,AM,Croatian,right,175.1,75.7,108,6
266,Presnel Hall,32,ST,English,right,189.0,82.8,370,20
267,Timo Martinez,23,CB,Argentine,right,182.9,86.3,264,15
268,David Foden,24,CB,Senegalese,right,188.7,83.3,170,10
269,Nikola Gundogan,20,W,Uruguayan,left,182.0,79.1,195,11
270,Ruben Carvajal,32,ST,Swiss,right,173.6,74.4,41,3
271,Jude Kovacic,36,CB,Czech,right,185.4,82.3,195,11
272,Erling Sane,28,W,Romanian,right,179.7,80.8,311,17
273,Jan Casemiro,17,CB,Danish,right,197.0,83.4,44,3
274,Roberto Diaz,32,FB,Colombian,right,175.9,72.0,179,11
275,Gavi Thomas,27,CB,Belgian,right,192.2,78.3,355,19
276,David King,18,CB,Greek,right,186.8,83.4,249,14
277,Can Hernandez,18,FB,German,right,174.1,77.1,205,12
278,Kevin Szoboszlai,16,CM,German,right,186.0,84.4,219,12
279,Dusan Mbappe,32,CB,Romanian,right,180.9,79.5,77,4
280,Lionel King,25,FB,Croatian,left,179.0,77.6,29,2
281,Marquinhos Laporte,19,CB,Swiss,left,186.3,79.8,379,20
282,Manuel Mitchell,24,FB,Austrian,left,176.2,76.1,328,18
283,Cristiano Harris,31,W,Brazilian,right,176.3,79.9,66,4
284,Bukayo Kante,32,W,Italian,right,183.8,77.7,317,17
285,Luka Diaz,33,W,Romanian,left,186.1,77.3,279,15
286,Schick King,25,W,Uruguayan,left,178.9,79.4,106,6
287,Marquinhos Mitchell,37,CM,Nigerian,right,183.9,81.8,256,14
288,Kylian Henderson,31,ST,Polish,right,181.4,80.3,264,15
289,Gabriel Gundogan,27,ST,English,right,177.4,76.5,8,1
290,Granit Saka,37,FB,Serbian,right,189.3,79.4,152,9
291,Luis Sancho,17,CB,Greek,right,191.6,80.7,361,19
292,James Santos,23,AM,Czech,right,192.7,78.8,124,7
293,Lautaro Muller,22,CM,Swiss,left,187.1,84.1,369,20
294,Ruben Stones,35,CM,Swiss,right,184.3,79.2,183,11
295,Hlozek Son,27,CM,English,right,186.1,75.7,29,2
296,Sadio Brozovic,32,AM,Japanese,right,177.6,79.5,279,15
297,Ederson Saka,25,CM,Swiss,both,180.4,76.7,189,11
298,Niklas Pique,29,FB,Brazilian,left,181.3,81.0,322,17
299,Borna Brozovic,31,AM,Swiss,right,179.5,73.1,120,7
300,Trent Pavard,38,CM,Czech,both,176.2,75.9,111,6
301,Florian Johnson,26,FB,Portuguese,right,183.9,80.8,341,18
302,Sadio Taylor,21,ST,Portuguese,both,176.0,81.4,112,6
303,Pedri Scott,36,AM,Argentine,left,187.7,79.7,312,17
304,Diego Dupont,25,W,French,right,186.1,84.1,319,17
305,Nikola King,35,W,Italian,right,168.9,72.8,317,17
306,Kylian White,25,FB,Senegalese,right,181.9,73.6,236,13
307,Cristiano Rudiger,36,CM,Greek,right,178.8,74.0,218,12
308,Erling Rashford,19,CB,Dutch,right,188.6,80.5,297,16
309,Leon Sane,27,CB,Portuguese,right,191.5,82.4,305,16
310,Nikola Smith,28,GK,Swiss,right,185.7,76.1,298,16
311,Fernando Henderson,16,GK,Argentine,right,188.9,81.0,209,12
312,Bruno Modric,29,ST,Czech,left,183.5,77.2,276,15
313,Phil Modric,20,CM,Belgian,left,177.7,75.4,55,3
314,Bukayo De Bruyne,16,ST,Ghanaian,right,180.6,73.2,151,9
315,Jordi Diaz,20,ST,Italian,left,183.5,76.9,30,2
316,Jamal Sterling,33,ST,Ghanaian,right,178.7,74.1,323,17
317,Lautaro Gakpo,19,CB,Nigerian,right,175.7,76.4,201,11
318,Hlozek Gomez,24,FB,Serbian,left,187.1,80.5,334,18
319,Leon Kramaric,24,CM,Dutch,right,171.8,74.9,362,19
320,Ilkay Clarke,33,GK,Danish,right,183.6,77.2,88,5
321,Ladislav Firmino,37,ST,Greek,right,180.9,78.7,335,18
322,Ederson De Bruyne,18,GK,English,right,190.4,81.7,328,18
323,Manuel Young,31,W,Korean,right,182.8,79.7,258,14
324,Rodri Mitchell,31,CM,Nigerian,left,180.0,79.5,165,10
325,Thomas Werner,35,FB,Belgian,right,185.2,83.9,376,20
326,Jordi Neuer,33,CM,Portuguese,left,183.1,80.9,342,18
327,Fernando Young,33,CM,German,left,185.0,76.6,207,12
328,Federico Trossard,18,AM,Czech,right,181.4,74.8,224,13
329,Kevin Garcia,36,CM,Dutch,right,188.7,83.5,206,12
330,Marquinhos Asensio,36,W,English,right,181.3,77.0,300,16
331,Bernardo Silva,33,AM,Belgian,left,192.8,76.8,314,17
332,Andres De Bruyne,21,CB,Austrian,right,186.6,83.8,332,18
333,Patrik Fernandez,17,AM,Uruguayan,right,176.0,74.5,370,20
334,James Trossard,21,CB,Italian,right,185.6,78.6,251,14
335,Santi Trossard,21,W,Moroccan,right,184.2,78.5,86,5
336,Patrik Silva,30,ST,Serbian,both,180.6,74.6,376,20
337,Vinicius Gnabry,36,CB,Brazilian,left,181.1,76.8,22,2
338,Diego Busquets,29,ST,Korean,right,183.5,74.2,84,5
339,Pedri Dias,27,FB,Japanese,right,189.4,79.3,155,9
340,Santi Baker,31,AM,Serbian,right,185.9,77.8,341,18
341,Cesc Brown,35,ST,German,right,180.6,79.0,269,15
342,Leon Muller,33,FB,Colombian,right,188.1,81.9,334,18
343,Serge Davies,27,CB,Romanian,right,191.2,81.8,77,4
344,Sadio Adams,24,W,Serbian,right,195.4,83.0,375,20
345,Bernardo Williams,37,FB,Colombian,left,184.4,77.4,218,12
346,Nikola Wan-Bissaka,35,ST,Croatian,right,181.4,83.1,252,14
347,Joshua Valverde,34,AM,Swedish,left,180.1,80.5,353,19
348,Ruben Scott,28,W,Korean,right,191.7,77.3,51,3
349,Xavi King,21,FB,English,right,180.7,78.5,301,16
350,Ansu Silva,37,CM,Serbian,left,180.4,76.6,375,20
351,Fabio Nunez,19,FB,Portuguese,left,180.3,82.2,54,3
352,Kevin Carvajal,27,CM,Austrian,right,184.3,82.9,134,8
353,Neymar Mitchell,34,FB,German,left,179.2,78.8,344,18
354,Joao Werner,37,FB,Belgian,right,180.7,79.3,161,9
355,Ederson Jackson,30,CB,Serbian,right,172.1,68.6,228,13
356,Roberto Mitchell,35,CB,Spanish,right,183.9,78.4,315,17
357,Borna Gakpo,18,W,Czech,left,180.8,71.5,258,14
358,Adam Bellingham,27,AM,Colombian,right,176.8,74.7,358,19
359,Federico Son,25,CM,Italian,left,183.6,76.6,219,12
360,Haris Allen,26,ST,Dutch,right,186.3,81.5,348,19
361,Schick Firmino,33,FB,Dutch,both,178.6,78.7,120,7
362,Manuel Sane,32,CB,English,left,192.2,84.7,104,6
363,Willian Fernandez,28,CM,Ghanaian,right,184.7,79.4,359,19
364,Jamal Son,36,ST,Senegalese,right,177.1,74.9,141,8
365,Joshua Havertz,16,CM,Korean,right,172.7,74.3,191,11
366,Santi Benzema,29,CM,Ghanaian,right,178.0,80.3,48,3
367,Breel Wan-Bissaka,26,CM,Uruguayan,right,181.3,79.9,97,6
368,Juan Young,16,ST,Serbian,right,180.4,76.4,103,6
369,Kai Rudiger,20,W,Brazilian,right,189.0,81.4,107,6
370,Mohamed Ramos,33,W,Austrian,right,177.0,77.0,336,18
371,Luka Rashford,16,ST,Senegalese,right,176.1,73.3,334,18
372,Virgil Alexander-Arnold,36,CB,Romanian,right,184.5,83.8,262,14
373,Willian Laporte,38,W,Colombian,right,182.5,80.6,361,19
374,Raphael Alexander-Arnold,35,W,Nigerian,right,184.3,79.6,376,20
375,Haris Bellingham,34,GK,Swedish,left,186.3,77.3,202,11
376,Patrik Neuer,36,GK,Moroccan,right,178.5,73.1,362,19
377,Marco Anderson,18,GK,Korean,right,189.7,76.5,322,17
378,Dusan Brown,25,AM,Brazilian,left,180.4,79.8,378,20
379,Luka Young,28,CM,Greek,right,183.8,74.5,97,6
380,Niklas Lewis,34,FB,Korean,right,178.6,78.8,313,17
381,Andres Neuer,37,CM,Senegalese,right,182.2,76.6,175,10
382,Trent Upamecano,25,AM,Japanese,right,175.5,72.9,78,4
383,Ederson Mitchell,32,CM,French,right,189.1,80.5,350,19
384,Thomas Williams,24,CM,Korean,right,177.2,77.1,316,17
385,Ondrej Martinelli,25,AM,Japanese,left,189.8,79.3,242,14
386,Bruno Varane,31,ST,Senegalese,right,184.7,77.1,229,13
387,Stefan Anderson,20,CB,Austrian,right,193.8,84.9,104,6
388,Robert Van Dijk,17,CB,German,right,185.6,85.8,62,4
389,Haris Martinez,21,ST,Austrian,left,186.6,84.7,189,11
390,Gavi Mbappe,19,W,Romanian,right,176.4,81.2,276,15
391,Dani Henderson,26,CM,Turkish,right,183.7,77.7,348,19
392,Fabio Lewis,33,W,Norwegian,right,190.9,82.0,186,11
393,Bernardo Taylor,36,W,Uruguayan,right,175.7,75.4,370,20
394,Theo Sane,29,W,Czech,right,177.3,78.0,69,4
395,Borna Casemiro,32,CM,Ghanaian,right,183.4,76.4,170,10
396,Ruben Upamecano,31,CB,Dutch,right,188.7,78.9,230,13
397,Sergio Gomez,34,CM,Korean,both,180.2,77.3,36,2
398,Nikola Odegaard,19,CM,Korean,right,174.6,79.8,130,7
399,Thibaut Jones,35,FB,Swedish,right,185.8,75.4,283,16
400,Willian Saka,23,W,Ghanaian,right,188.0,82.1,161,9
401,Lautaro Hall,33,CM,English,right,187.1,74.9,123,7
402,Can Pique,17,W,French,left,173.8,74.3,306,16
403,Virgil Kane,22,AM,Serbian,right,185.4,75.8,198,11
404,Rodri Baker,35,FB,Belgian,left,174.0,72.2,290,16
405,Sergio Szoboszlai,24,CM,Swiss,right,179.5,75.1,312,17
406,Pedri Green,28,AM,Nigerian,both,177.8,75.5,368,20
407,Pedri Martinelli,21,CM,Ghanaian,right,181.8,77.1,205,12
408,Dani Odegaard,16,W,Turkish,right,187.9,80.5,331,18
409,Manuel Goretzka,25,FB,Serbian,left,187.3,84.1,375,20
410,Milan Rodriguez,21,CM,German,right,187.0,79.2,307,17
411,Granit Rashford,25,W,Austrian,right,182.1,79.0,197,11
412,Patrik Harris,27,ST,Turkish,both,188.0,80.9,275,15
413,Leon Henderson,38,CB,Korean,both,180.9,77.8,87,5
414,Joshua Bellingham,28,CB,Moroccan,right,178.1,79.9,133,8
415,Marco Havertz,26,AM,Czech,left,196.8,81.6,344,18
416,Ruben Sterling,25,CB,Romanian,left,185.6,79.7,296,16
417,Bernardo Harris,17,FB,Greek,left,177.6,72.9,368,20
418,Gavi Asensio,18,W,Belgian,right,176.6,74.7,132,7
419,Emre Henderson,20,W,Japanese,right,179.6,77.5,203,12
420,Ilkay Thompson,33,CM,Danish,right,177.7,67.6,360,19
421,Ivan Green,20,W,German,right,182.5,76.6,49,3
422,Thomas Rudiger,33,FB,Spanish,left,190.3,85.5,155,9
423,Jan Allen,19,ST,French,right,182.2,79.0,22,2
424,Roberto Bajcetic,33,ST,Colombian,right,181.4,81.5,160,9
425,Aymeric Asensio,31,GK,French,right,191.9,83.1,236,13
426,David Muller,26,GK,Japanese,right,186.7,78.1,147,8
427,Xherdan Ederson,30,W,Serbian,right,179.4,78.0,255,14
428,Gabriel Salah,36,CM,Norwegian,right,178.1,74.3,240,13
429,Vinicius Odegaard,33,ST,Danish,right,174.9,72.8,302,16
430,Fernando Robertson,18,CB,Czech,right,180.1,76.7,7,1
431,Virgil Bellingham,28,CM,Ghanaian,right,167.6,73.4,186,11
432,Leroy Werner,37,CB,Turkish,both,181.4,79.0,368,20
433,Zuber Hernandez,28,ST,Danish,right,185.6,74.2,24,2
434,Diego Mbappe,23,AM,Dutch,right,182.6,79.9,328,18
435,Carlos Gnabry,32,CB,Czech,left,187.7,79.5,374,20
436,Dani Trossard,21,W,Uruguayan,both,186.2,81.1,113,6
437,Robert Martinelli,20,AM,Dutch,right,178.0,72.3,20,1
438,Schick Harris,18,AM,Colombian,left,190.0,83.9,373,20
439,Marco Salah,33,ST,Greek,left,180.2,74.5,279,15
440,Thibaut Scott,18,CM,Italian,right,184.7,79.4,363,20
441,Fabio Walker,18,CB,Serbian,left,186.1,73.8,332,18
442,Serge Kane,34,CM,English,right,193.9,84.2,299,16
443,Andres Dias,26,ST,Portuguese,left,182.6,79.4,339,18
444,Jan Perisic,31,CB,French,right,188.3,78.3,233,13
445,Carlos Allen,16,CM,Swedish,left,179.8,76.1,359,19
446,Virgil Mbappe,17,AM,Argentine,right,182.7,78.5,183,11
447,Vinicius Saka,23,ST,Norwegian,left,176.6,76.5,72,4
448,Remo De Bruyne,20,CB,Polish,right,188.7,78.4,345,19
449,Raphael Lopez,27,CM,English,left,180.7,76.5,99,6
450,Ondrej Fabinho,19,CB,Croatian,both,185.7,81.7,125,7
451,Willian Pogba,16,W,Serbian,right,187.7,81.8,335,18
452,Ivan Casemiro,29,W,Portuguese,right,175.0,78.1,43,3
453,Borna Ramos,20,W,Swiss,left,189.2,82.0,297,16
454,Marco Busquets,20,GK,Moroccan,left,190.3,85.6,192,11
455,Patrik Fabinho,29,GK,Nigerian,left,185.7,83.9,239,13
456,Thibaut Diaz,37,GK,Senegalese,right,187.9,84.4,47,3
457,Jude Williams,19,W,German,right,186.2,80.5,324,17
458,Presnel King,30,FB,Norwegian,right,189.2,84.4,230,13
459,Haris Lloris,20,CB,Ghanaian,right,171.3,70.0,201,11
460,Adam Gomez,24,W,Turkish,right,189.3,81.4,257,14
461,Cristiano Gundogan,28,FB,Polish,left,180.1,77.9,356,19
462,Ederson Kimmich,22,W,Romanian,right,178.4,76.8,186,11
463,Stefan Salah,27,CM,Czech,right,179.3,78.9,354,19
464,Kai Muller,37,ST,Ghanaian,right,171.8,72.9,141,8
465,Milan Casemiro,17,FB,Argentine,right,179.0,79.1,191,11
466,Leon Laporte,24,GK,German,right,182.2,83.6,259,14
467,Xherdan Martinez,21,FB,Swedish,right,183.4,78.8,348,19
468,Raphael Camavinga,26,AM,Korean,left,172.8,73.6,212,12
469,Erling Szoboszlai,32,GK,Polish,right,195.0,83.4,346,19
470,Andres Robertson,30,ST,Dutch,right,180.6,78.8,209,12
471,Mason Ramos,17,FB,Belgian,left,183.6,76.4,266,15
472,Phil Camavinga,34,AM,Italian,right,178.6,79.0,256,14
473,Emre Modric,34,FB,Colombian,left,191.4,83.3,62,4
474,Rodri Muller,36,FB,Colombian,right,175.9,77.5,97,6
475,Ansu Green,23,CB,Swiss,right,197.7,90.0,166,10
476,Kevin Hernandez,35,ST,Italian,right,176.4,81.4,374,20
477,Lingr Ramos,24,ST,Polish,left,187.0,75.6,329,18
478,Diego Pavard,30,AM,Greek,both,180.1,75.9,120,7
479,Phil Benzema,22,W,Spanish,right,172.7,72.0,320,17
480,Ederson Nunez,30,ST,German,right,180.9,80.9,352,19
481,Achraf Baker,34,ST,Korean,right,179.1,76.1,323,17
482,Florian Gomez,32,AM,Belgian,right,178.6,82.0,315,17
483,Joshua Goretzka,30,AM,Spanish,right,178.3,81.4,128,7
484,Presnel Jones,29,AM,Senegalese,right,181.5,81.3,324,17
485,Ruben Kramaric,18,AM,German,right,187.4,82.8,369,20
486,Breel Van Dijk,29,FB,Croatian,right,176.7,76.5,297,16
487,Zuber Foden,32,W,Moroccan,right,184.9,75.6,357,19
488,Lautaro Williams,22,AM,Brazilian,left,165.7,73.4,164,10
489,Rafael Baker,24,GK,Austrian,left,180.7,78.5,156,9
490,Phil Saka,19,FB,Norwegian,left,180.7,72.3,185,11
491,James Moore,27,FB,Colombian,left,176.4,74.5,113,6
492,Phil Jackson,33,ST,Croatian,right,178.3,71.3,310,17
493,Thomas Martinez,23,W,Italian,right,177.5,73.1,102,6
494,Joshua Salah,38,CM,German,left,176.6,76.7,104,6
495,Ilkay Garcia,34,ST,Brazilian,right,189.2,78.9,236,13
496,Schick Rodriguez,22,CM,Czech,right,192.3,88.5,247,14
497,Ivan Hall,17,CM,Polish,right,179.5,72.5,327,18
498,Ondrej Jones,38,CM,Greek,left,188.3,80.5,354,19
499,Gabriel Robertson,28,ST,Norwegian,right,182.6,78.6,205,12
500,Joao Thompson,34,W,German,right,178.4,79.2,230,13
501,Xavi Lloris,26,W,Moroccan,left,180.5,78.4,228,13
502,Dani Dias,20,GK,Nigerian,left,182.4,81.7,316,17
503,Gabriel Allen,29,ST,Argentine,right,173.4,76.6,37,2
504,Bukayo Jones,22,AM,Romanian,right,176.9,75.9,260,14
505,Aymeric Mane,23,CM,German,right,184.5,82.3,221,13
506,Hlozek Perisic,17,ST,Uruguayan,right,183.2,83.1,325,18
507,Zuber Salah,35,CB,Korean,right,184.6,79.2,346,19
508,Jan Laporte,24,W,Korean,right,181.0,75.4,108,6
509,Pedri Kramaric,26,AM,French,right,182.6,80.1,178,10
510,Robert Laporte,20,ST,Turkish,right,173.5,73.0,127,7
511,Joao Kane,31,CB,Belgian,right,185.5,75.1,167,10
512,Trent Neuer,31,W,Czech,right,185.7,87.1,125,7
513,Patrik Son,19,CM,Portuguese,right,183.6,78.5,107,6
514,Shaqiri Firmino,33,ST,Moroccan,right,186.7,77.7,230,13
515,Adam Martinelli,30,W,Brazilian,left,182.3,77.9,351,19
516,Milan Adams,18,W,Argentine,left,176.1,73.6,265,15
517,David Williams,38,ST,Korean,right,178.9,79.9,356,19
518,Mohamed Robertson,32,CM,Swedish,right,179.1,76.0,314,17
519,Shaqiri Thompson,21,CM,Moroccan,right,178.9,74.9,300,16
520,Manuel Harris,24,CM,English,right,185.4,79.6,300,16
521,Granit Kane,35,AM,Serbian,right,180.3,77.7,271,15
522,Haris Sterling,21,CB,Argentine,both,186.3,82.1,282,15
523,Leon Szoboszlai,16,GK,Ghanaian,right,183.1,76.3,240,13
524,David Santos,24,CB,Dutch,right,181.1,78.2,134,8
525,Kylian Rashford,37,ST,Greek,left,178.6,72.0,352,19
526,Milan Harris,30,ST,Nigerian,right,175.5,74.6,69,4
527,Theo Casemiro,29,CM,Colombian,left,184.4,77.3,346,19
528,Antoine Wilson,37,AM,Portuguese,right,178.9,76.7,298,16
529,Shaqiri Saka,18,FB,Croatian,right,184.8,81.8,312,17
530,Sadio Brozovic,17,W,Portuguese,left,188.2,78.2,269,15
531,Adam Wilson,38,GK,Dutch,right,182.8,78.2,303,16
532,Santi Hernandez,24,CM,German,right,182.5,81.4,313,17
533,Kevin Garcia,18,FB,Japanese,right,182.9,76.4,173,10
534,Leroy Jackson,28,FB,Korean,right,183.2,79.0,364,20
535,Breel Sane,29,W,Greek,left,179.4,79.0,216,12
536,Stefan Firmino,24,CM,Croatian,right,181.5,80.4,370,20
537,Jordi Thompson,19,CB,Uruguayan,both,178.3,80.4,286,16
538,Manuel Kane,17,CB,Swedish,right,181.6,83.0,153,9
539,Marcelo Havertz,25,CM,Swedish,right,182.0,80.9,162,9
540,Diego White,24,W,Portuguese,right,179.0,79.4,297,16
541,Kylian Martinez,19,W,Austrian,right,185.5,77.6,64,4
542,Erling White,30,ST,Danish,left,176.7,75.5,298,16
543,Mateo Saka,36,AM,Portuguese,left,183.1,86.7,180,11
544,Manuel Hall,27,W,Portuguese,right,177.8,78.1,248,14
545,Kalidou Laporte,30,FB,Moroccan,left,175.9,75.4,114,6
546,Juan Szoboszlai,27,FB,Uruguayan,right,184.1,84.6,356,19
547,Zuber Neuer,19,CB,Italian,right,187.3,82.5,307,17
548,Neymar Varane,23,W,Japanese,right,188.3,82.9,356,19
549,Zuber Camavinga,29,ST,Portuguese,right,183.8,83.8,359,19
550,Granit Williams,38,CB,Uruguayan,right,181.3,73.9,132,7
551,Dani Trossard,26,ST,Uruguayan,left,189.6,85.6,206,12
552,Jude Diaz,31,CM,Uruguayan,left,170.1,68.3,250,14
553,Presnel Thomas,25,ST,Belgian,right,188.7,81.0,156,9
554,Ondrej Anderson,17,CM,Norwegian,right,191.5,79.5,234,13
555,Dani Jackson,36,FB,English,right,182.0,75.6,217,12
556,Sadio Trossard,21,CM,Czech,right,184.2,73.5,283,16
557,Jordi Jackson,32,FB,Portuguese,right,167.4,75.2,241,14
558,Lautaro Stones,18,CM,Spanish,left,187.5,80.3,141,8
559,Ansu White,33,W,Swedish,right,177.0,73.3,29,2
560,Mohamed Thomas,33,ST,Swedish,right,183.8,75.8,343,18
561,Ivan Moore,28,W,Swiss,right,180.5,83.9,375,20
562,Trent Kroos,20,FB,Croatian,both,185.0,80.3,351,19
563,Cesc Lopez,37,GK,Swiss,right,182.5,78.6,321,17
564,Timo Rudiger,36,CM,French,right,177.6,78.3,290,16
565,Luis Silva,31,CM,Romanian,left,184.4,86.4,238,13
566,Antoine Scott,16,CM,Korean,right,191.7,80.8,356,19
567,Ferran Baker,35,FB,Uruguayan,right,175.1,80.2,175,10
568,Lautaro Bajcetic,23,GK,Croatian,left,189.9,82.1,376,20
569,Luka Adams,18,GK,Italian,both,196.9,84.2,74,4
570,Haris Camavinga,16,ST,English,right,178.8,77.1,329,18
571,Luka Muller,29,W,Senegalese,right,195.7,81.9,304,16
572,Emre Santos,19,W,Uruguayan,left,197.2,88.0,264,15
573,Harry Hall,20,CB,Spanish,right,185.9,77.8,297,16
574,Adam Gomez,20,W,Japanese,right,179.2,80.2,343,18
575,Manuel Varane,21,GK,Argentine,right,184.3,80.9,122,7
576,Ciro White,17,ST,Turkish,right,174.8,77.7,151,9
577,Breel Kane,29,FB,Serbian,right,181.1,79.9,147,8
578,Vinicius Henderson,17,W,Brazilian,right,179.4,77.9,370,20
579,Borna Busquets,32,CM,Nigerian,right,186.1,78.2,308,17
580,Luis Fabinho,26,FB,Romanian,left,184.9,79.4,74,4
581,Paulo Wilson,28,FB,Swiss,right,189.1,82.0,203,12
582,Roberto Anderson,38,FB,Moroccan,right,172.6,74.4,102,6
583,Bruno Fernandez,19,CB,Polish,left,190.8,75.4,340,18
584,Leon Havertz,23,W,Belgian,right,181.2,74.9,65,4
585,Marcelo Fernandez,21,CM,Czech,right,173.2,70.5,36,2
586,Bernardo Sane,22,GK,Argentine,left,180.4,80.1,285,16
587,Timo Goretzka,19,GK,Nigerian,left,184.1,74.4,103,6
588,Lingr Bajcetic,27,ST,Ghanaian,right,190.7,84.9,254,14
589,Breel Davies,38,ST,Turkish,right,193.2,85.9,293,16
590,Neymar Wan-Bissaka,35,ST,Czech,right,181.1,75.6,293,16
591,Kingsley Carvajal,27,ST,Korean,right,183.1,75.3,380,20
592,Harry Upamecano,37,FB,Nigerian,left,183.8,81.5,259,14
593,Roberto Allen,21,W,Senegalese,right,185.2,78.5,344,18
594,Gabriel Silva,34,W,Turkish,right,189.0,77.1,325,18
595,David Lewis,28,FB,Argentine,right,178.7,75.5,236,13
596,Rodri Santos,30,CM,Austrian,right,189.6,80.4,231,13
597,Leroy Neuer,25,CB,Dutch,left,193.3,82.5,288,16
598,Dusan Silva,27,GK,Portuguese,left,196.8,82.2,366,20
599,Haris Thompson,33,CB,Danish,left,185.0,79.9,152,9
600,Lionel Rossi,20,AM,Italian,left,172.8,71.5,233,13
601,Presnel Thomas,34,FB,Portuguese,right,179.8,73.6,320,17
602,Jamal King,30,CM,Norwegian,right,176.8,77.1,91,5
603,Bruno King,19,W,Korean,right,184.6,80.4,373,20
604,Kevin Mane,17,W,Nigerian,right,190.6,83.3,291,16
605,Remo Mbappe,21,CM,Colombian,right,189.1,85.6,80,5
606,Santi Thompson,27,ST,Japanese,right,185.4,81.7,116,7
607,Lingr Johnson,21,ST,Romanian,both,183.8,84.4,371,20
608,Paulo Mbappe,30,FB,Serbian,right,185.0,85.8,193,11
609,James Taylor,38,CM,Moroccan,right,180.7,76.0,158,9
610,Pedri Hernandez,25,FB,Dutch,right,182.4,83.8,276,15
611,Pedri Trossard,27,CM,Greek,right,168.5,72.8,44,3
612,Dani Van Dijk,26,CM,Greek,both,178.9,77.9,3,1
613,Lingr Hall,16,ST,Austrian,right,178.4,79.9,308,17
614,Schick Martinez,34,AM,Portuguese,left,179.0,78.9,155,9
615,Xavi Nunez,24,CM,Portuguese,right,174.1,74.6,261,14
616,Niklas Johnson,16,W,Nigerian,left,182.6,82.8,47,3
617,Roberto Brozovic,23,AM,Austrian,left,183.0,75.0,153,9
618,Xherdan Carvajal,32,W,Romanian,both,174.9,78.4,31,2
619,Rafael Varane,21,FB,Norwegian,both,168.4,77.6,283,16
620,Roberto Jones,35,FB,Moroccan,right,178.1,81.1,332,18
621,Phil Neuer,27,AM,English,right,176.0,82.3,348,19
622,Thomas Brozovic,35,ST,French,left,178.2,79.1,377,20
623,Ciro Son,27,CM,Serbian,right,182.3,76.3,15,1
624,Marco Griezmann,19,CB,German,right,185.4,84.0,187,11
625,Ferran Rossi,26,AM,Serbian,right,179.2,71.9,116,7
626,Zuber Modric,34,CM,German,left,168.8,72.1,158,9
627,Presnel Alexander-Arnold,22,FB,Swiss,right,177.6,71.1,179,11
628,Emre Upamecano,19,W,French,right,177.6,75.2,366,20
629,Trent Werner,16,AM,French,right,173.8,75.1,253,14
630,Mason Mane,25,CM,Senegalese,right,187.6,79.3,378,20
631,Bernardo Laporte,16,CB,Turkish,right,180.2,78.0,150,8
632,Stefan Rashford,24,ST,Dutch,right,185.4,77.9,205,12
633,Joshua Rashford,37,CB,Nigerian,right,189.4,80.8,107,6
634,Adam Busquets,37,W,Swedish,right,180.6,83.1,310,17
635,Jamal Wan-Bissaka,36,ST,Swedish,left,186.1,79.4,169,10
636,Schick Lloris,27,FB,Danish,right,177.2,71.3,105,6
637,Achraf Santos,37,W,Polish,right,179.1,75.7,373,20
638,Jordi Muller,33,AM,Norwegian,right,187.4,85.6,311,17
639,Vinicius Griezmann,33,AM,Serbian,right,182.6,77.3,29,2
640,Adam Williams,21,CM,German,right,179.1,76.2,202,11
641,Marquinhos Mbappe,38,W,Danish,right,184.1,78.0,111,6
642,Breel Havertz,19,W,Ghanaian,right,176.1,73.7,326,18
643,Sadio Goretzka,27,W,French,right,179.9,83.2,99,6
644,Aymeric Wilson,16,W,Danish,right,180.9,78.6,331,18
645,Florian Foden,26,W,Ghanaian,right,183.1,87.7,269,15
646,Niklas Dupont,30,CB,Korean,left,190.8,78.0,282,15
647,Luka Laporte,28,ST,Senegalese,right,189.7,84.8,314,17
648,Ansu Diaz,36,FB,Ghanaian,right,169.5,70.0,378,20
649,Andres Kovacic,16,FB,Colombian,right,177.0,72.9,19,1
650,Stefan Modric,36,GK,Romanian,both,185.4,81.3,274,15
651,Ferran Szoboszlai,22,ST,Swedish,right,183.5,74.1,359,19
652,Luis Walker,31,ST,Spanish,right,176.1,79.3,225,13
653,Dani Bellingham,32,CM,Serbian,right,176.5,77.4,312,17
654,Bukayo Fernandez,30,ST,Romanian,right,188.0,77.2,379,20
655,Federico Jackson,26,ST,Argentine,right,189.0,79.3,273,15
656,Vinicius Van Dijk,21,CB,Nigerian,right,195.0,90.1,374,20
657,Haris King,37,GK,Greek,right,197.7,84.2,147,8
658,Ondrej Gundogan,20,CB,Polish,right,189.9,81.9,25,2
659,Marquinhos Young,25,CB,Nigerian,right,191.2,80.3,109,6
660,Alisson Fernandez,30,AM,Austrian,right,187.0,78.4,104,6
661,Milan Kane,18,ST,Austrian,left,178.8,79.6,266,15
662,Robert Kramaric,27,CB,German,left,181.3,77.1,292,16
663,Florian Smith,27,ST,Italian,right,183.3,78.4,363,20
664,Marcelo Asensio,36,AM,Ghanaian,right,179.7,76.7,115,7
665,Kevin Valverde,24,ST,German,right,183.1,79.0,283,16
666,Vinicius Hall,20,AM,Brazilian,right,182.3,78.4,111,6
667,Kylian Dupont,33,ST,Japanese,left,184.5,88.6,346,19
668,Rodri Alexander-Arnold,38,ST,Greek,right,169.2,74.3,224,13
669,Aymeric Martinez,32,AM,Japanese,right,187.8,83.2,66,4
670,Raphael Kimmich,33,CB,Dutch,right,185.9,78.2,85,5
671,Marco Clarke,36,CB,Italian,right,189.5,78.1,129,7
672,Ciro Fernandez,34,W,Ghanaian,right,182.0,81.0,266,15
673,Borna Clarke,33,FB,Japanese,right,178.4,79.0,378,20
674,Erling Gnabry,22,CM,Uruguayan,left,183.7,81.8,361,19
675,Marcelo Anderson,30,CM,Moroccan,right,186.3,79.8,210,12
676,Sergio Henderson,34,CM,Croatian,right,181.4,78.6,366,20
677,Achraf Allen,38,W,French,both,186.0,80.3,270,15
678,Bernardo Scott,30,W,Portuguese,right,177.0,78.7,233,13
679,Dani Dupont,32,W,Swedish,left,180.0,76.8,200,11
680,Kalidou Benzema,16,AM,Swiss,right,170.9,72.8,50,3
681,Diego Kane,26,CB,Italian,right,196.3,86.5,302,16
682,Hlozek Wan-Bissaka,22,CB,Czech,right,197.1,87.5,283,16
683,Granit Thomas,27,CM,Korean,right,177.2,80.0,243,14
684,Juan Werner,38,AM,Moroccan,right,182.0,79.5,281,15
685,Xherdan Upamecano,23,CM,Serbian,both,179.1,79.1,153,9
686,Schick Walker,31,ST,Portuguese,both,175.4,73.5,145,8
687,Fernando Santos,34,W,Greek,right,175.9,78.8,204,12
688,Erling Asensio,21,CM,Colombian,right,176.5,72.0,311,17
689,Presnel Fabinho,21,ST,Senegalese,right,174.7,73.4,242,14
690,Cesc Silva,27,CM,Spanish,left,185.3,80.1,342,18
691,Cristiano Havertz,37,FB,Senegalese,right,181.0,80.2,179,11
692,James Carvajal,38,W,Moroccan,right,185.9,79.0,369,20
693,Dusan Mbappe,35,FB,Moroccan,right,181.2,81.7,358,19
694,Adam Clarke,29,AM,Uruguayan,right,181.9,81.6,193,11
695,Lionel Stones,25,AM,Uruguayan,right,181.4,77.4,91,5
696,Jan Hernandez,33,CM,Belgian,right,187.0,78.5,25,2
697,Pedri Mbappe,26,CM,Portuguese,right,174.1,72.9,352,19
698,Ciro Werner,21,CM,Argentine,right,175.7,72.7,68,4
699,Roberto Varane,38,ST,Italian,left,173.9,77.5,139,8
700,Cristiano Rashford,36,CB,German,left,189.0,85.9,282,15
701,Bernardo Wan-Bissaka,38,GK,English,right,187.1,77.4,125,7
702,Jamal King,16,CM,Uruguayan,right,190.2,77.1,193,11
703,Trent Diaz,32,W,Spanish,right,178.0,76.8,298,16
704,Thibaut Lopez,20,AM,Danish,right,180.8,75.6,296,16
705,Sadio Goretzka,21,CM,Czech,left,187.6,84.3,319,17
706,Erling Lopez,27,W,Swedish,right,180.4,78.6,137,8
707,Willian Casemiro,21,FB,French,right,185.1,81.0,41,3
708,Bernardo Kane,23,CB,Swiss,right,178.8,74.2,231,13
709,Trent Odegaard,27,ST,Portuguese,right,164.3,75.7,260,14
710,Mohamed Dias,22,CB,Nigerian,right,188.5,81.3,380,20
711,Breel Walker,35,FB,French,right,173.2,77.1,28,2
712,Jamal Kramaric,37,ST,Korean,left,184.4,81.5,35,2
713,Ferran Alexander-Arnold,26,CB,Dutch,right,188.1,81.4,320,17
714,Bruno Martinelli,30,ST,English,right,180.7,72.7,310,17
715,Bukayo Fernandez,28,AM,Croatian,left,179.6,79.6,308,17
716,Joao Mac Allister,25,CM,Danish,right,174.3,78.3,326,18
717,Thomas White,35,GK,Uruguayan,right,175.9,80.1,230,13
718,Ederson Griezmann,17,W,English,right,176.3,75.9,353,19
719,Aymeric Martinelli,20,FB,French,right,196.2,84.7,64,4
720,Patrik Lewis,29,CB,Portuguese,left,177.5,77.1,363,20
721,Aymeric Fabinho,37,W,Swedish,right,184.4,79.9,114,6
722,Emre Fabinho,21,ST,Senegalese,right,183.7,81.5,181,11
723,Marquinhos Trossard,27,ST,Japanese,right,181.5,83.1,100,6
724,Phil Baker,35,FB,Austrian,right,178.1,76.4,264,15
725,Jude Diaz,16,FB,Italian,right,181.8,78.5,80,5
726,Xavi Goretzka,36,CB,Belgian,right,176.7,75.7,272,15
727,Lionel Ramos,25,W,Colombian,left,181.1,80.6,135,8
728,Rodri Henderson,23,CM,Spanish,right,182.0,77.2,34,2
729,Can Kane,38,CB,Romanian,right,183.2,80.9,26,2
730,Rafael Van Dijk,32,CM,German,right,183.8,82.3,145,8
731,Patrik Kovacic,33,AM,Austrian,right,184.6,71.6,65,4
732,Remo Green,16,W,German,right,180.1,79.2,102,6
733,Erling Pavard,20,CB,Swedish,left,185.9,83.4,157,9
734,Schick Carvajal,30,ST,Greek,right,180.9,76.5,210,12
735,Fernando Pique,18,AM,Ghanaian,left,174.9,82.6,116,7
736,Achraf Sane,23,ST,Spanish,right,180.3,78.3,96,5
737,Dani Scott,16,CM,French,right,180.9,75.9,372,20
738,Alisson White,25,W,Austrian,right,171.8,69.1,220,12
739,Zuber Saka,36,FB,Nigerian,both,185.2,81.5,312,17
740,Patrik Foden,38,W,Swiss,right,188.2,83.1,294,16
741,Manuel Rudiger,28,ST,German,right,175.4,74.0,110,6
742,Bruno Pavard,30,FB,Spanish,right,171.1,71.9,303,16
743,Dusan Rossi,17,FB,Turkish,right,176.2,81.3,363,20
744,Kylian Mbappe,21,W,Danish,right,177.6,78.6,255,14
745,Presnel Brozovic,35,AM,Portuguese,left,176.4,74.7,25,2
746,Ansu Moore,27,GK,Portuguese,right,179.8,78.6,245,14
747,Thomas Mane,33,CM,Italian,right,183.7,79.3,364,20
748,Robert Salah,25,ST,Colombian,right,188.0,84.9,189,11
749,Leon Havertz,17,W,Dutch,both,185.2,82.1,341,18
750,Dani Silva,29,CB,Swedish,both,188.9,84.0,212,12
751,Niklas Clarke,30,ST,Polish,right,189.1,81.5,202,11
752,Fernando Williams,26,CM,Swedish,right,179.7,82.7,266,15
753,Joao Carvajal,33,CM,Czech,left,192.8,84.8,219,12
754,Carlos Martin,38,ST,Greek,right,180.4,76.9,126,7
755,Mason Lewis,17,ST,Croatian,right,183.0,78.1,161,9
756,Schick Rudiger,30,GK,French,left,179.9,79.7,159,9
757,Bernardo Alba,28,ST,Uruguayan,right,179.0,75.7,298,16
758,Thibaut Clarke,22,ST,Korean,right,178.1,75.1,125,7
759,Trent Lewis,19,CB,Nigerian,right,198.8,79.1,363,20
760,Fabio Hernandez,36,FB,Croatian,left,174.9,76.2,42,3
761,Nikola Fernandez,30,W,Danish,right,181.0,81.8,72,4
762,Rodri Kimmich,33,W,French,right,178.8,76.9,356,19
763,Kalidou Jackson,18,CM,Dutch,right,190.7,82.1,163,10
764,David Alba,17,W,Spanish,left,172.7,75.3,249,14
765,Presnel Walker,22,FB,Spanish,left,181.8,75.7,273,15
766,Phil Mbappe,34,ST,Swiss,right,189.4,86.1,126,7
767,Remo Hernandez,34,GK,Croatian,left,186.8,82.5,139,8
768,Erling Goretzka,24,CB,Croatian,right,184.8,79.6,49,3
769,Vinicius Rashford,18,FB,Senegalese,right,184.1,78.0,57,3
770,David Odegaard,28,CB,Norwegian,left,189.5,81.0,78,4
771,Mohamed Kane,32,W,Italian,left,181.5,75.0,189,11
772,Thomas Rashford,24,CB,Turkish,left,192.6,84.4,90,5
773,David Benzema,25,CM,Serbian,right,174.4,77.9,294,16
774,Leon Young,28,FB,Moroccan,right,171.5,75.6,41,3
775,Ferran Goretzka,21,AM,Swiss,left,179.0,72.3,238,13
776,Ilkay Mitchell,30,W,Dutch,both,178.8,70.9,307,17
777,Borna Kramaric,17,CM,Polish,left,175.7,76.6,166,10
778,Antoine Fabinho,35,AM,Ghanaian,right,182.9,72.5,225,13
779,Ansu Fernandez,28,CB,Swedish,right,186.5,79.4,327,18
780,Dani Wan-Bissaka,16,FB,Senegalese,right,175.2,74.8,355,19
781,Adam Silva,32,ST,English,right,180.8,79.9,249,14
782,Lingr Lloris,32,CB,Swedish,right,185.9,77.6,368,20
783,Federico Odegaard,32,CM,Serbian,right,183.6,78.6,180,11
784,Niklas Anderson,28,AM,Romanian,right,196.5,86.3,149,8
785,Haris Allen,25,CB,Senegalese,right,194.2,79.9,363,20
786,Kalidou Hall,24,FB,English,right,187.1,79.0,138,8
787,Nikola Henderson,26,AM,Nigerian,left,177.9,78.7,368,20
788,Ederson Bellingham,23,FB,Portuguese,left,179.5,80.6,349,19
789,Hlozek Lopez,37,AM,Polish,right,178.5,73.6,256,14
790,Trent Gundogan,34,ST,Norwegian,right,184.8,80.2,379,20
791,Juan Thompson,22,AM,Turkish,right,170.4,71.6,27,2
792,Joao Kovacic,17,GK,Nigerian,left,189.7,82.8,166,10
793,Milan Dias,33,FB,Croatian,left,193.0,79.7,209,12
794,Pedri Werner,31,ST,Polish,both,178.4,79.9,347,19
795,Willian Kimmich,25,CM,Swiss,right,185.8,83.5,188,11
796,Jan Rudiger,25,W,Nigerian,left,182.8,77.9,370,20
797,David Gomez,33,GK,French,right,185.0,79.0,304,16
798,Phil Martinez,33,CM,Danish,right,177.0,73.9,177,10
799,Diego Mitchell,26,CB,Japanese,right,179.7,77.5,304,16
800,Borna Fernandez,23,ST,Polish,right,175.5,73.8,22,2
801,Santi Scott,24,ST,Serbian,right,184.4,78.6,141,8
802,Ederson Scott,35,CB,Colombian,right,189.9,80.0,161,9
803,Joao Brown,22,AM,Czech,right,181.9,83.6,342,18
804,Jude Lopez,29,GK,English,right,185.4,81.1,141,8
805,Federico Baker,25,GK,Brazilian,left,180.2,81.7,301,16
806,Ondrej Muller,28,CB,French,right,193.2,83.4,175,10
807,Ederson De Bruyne,32,CM,Uruguayan,right,181.7,75.6,13,1
808,Fabio Thompson,21,W,Greek,right,191.1,90.1,358,19
809,Ciro Gakpo,26,ST,Romanian,right,182.9,81.3,3,1
810,Xherdan Ederson,16,CM,Ghanaian,right,179.2,82.8,86,5
811,Ferran Valverde,21,W,Swiss,left,178.4,73.7,348,19
812,Remo Kramaric,33,W,French,left,180.3,82.1,205,12
813,Gavi Gnabry,17,W,Belgian,right,180.8,75.4,78,4
814,Xavi Mane,20,FB,Danish,right,182.6,77.2,194,11
815,Leroy Ramos,20,CB,Uruguayan,right,186.4,80.0,357,19
816,Phil Busquets,22,AM,Spanish,right,187.5,80.0,320,17
817,Kingsley Pique,34,AM,Turkish,left,182.4,79.8,323,17
818,Fabio Dupont,27,W,Brazilian,right,172.6,75.9,92,5
819,Ederson Camavinga,30,AM,Brazilian,right,180.8,73.6,267,15
820,Leroy Dias,23,FB,Korean,right,177.1,78.7,124,7
821,Emre Santos,17,W,Danish,right,173.0,73.5,255,14
822,Theo Jackson,36,ST,Norwegian,left,180.8,76.2,349,19
823,Marquinhos Dias,29,AM,Moroccan,right,178.3,78.9,341,18
824,Lingr Bellingham,18,CM,Belgian,right,189.7,81.7,336,18
825,Luka Young,18,ST,Serbian,left,178.0,76.0,360,19
826,Ondrej Wilson,37,W,Swiss,right,180.9,78.3,18,1
827,Serge Pavard,37,ST,Swiss,right,181.2,76.4,128,7
828,Ciro Kovacic,19,CM,Dutch,right,178.6,76.9,361,19
829,Fabio Ramos,36,W,Ghanaian,right,183.3,75.0,371,20
830,Ederson Kane,36,CM,Brazilian,both,176.8,69.6,284,16
831,David Gundogan,26,AM,Japanese,right,186.2,80.2,372,20
832,Bruno Kimmich,28,CM,Korean,right,177.8,72.8,257,14
833,Kevin Son,16,W,Ghanaian,right,182.0,79.8,361,19
834,Virgil Saka,31,W,Uruguayan,right,184.1,79.2,345,19
835,Paulo Anderson,17,FB,Portuguese,right,171.8,74.8,243,14
836,Antoine Kane,32,W,Polish,right,177.4,79.0,345,19
837,Juan Griezmann,38,ST,French,right,185.6,78.6,109,6
838,Cristiano Anderson,17,CB,Croatian,right,192.6,80.3,62,4
839,Fabio Wilson,24,FB,Dutch,right,182.8,78.3,32,2
840,Bernardo Kimmich,22,W,Dutch,left,188.6,84.5,72,4
841,Roberto Harris,25,FB,Polish,left,182.3,77.3,309,17
842,Sergio Lewis,37,CM,Spanish,right,182.2,75.7,9,1
843,Aymeric Werner,35,CB,Brazilian,right,182.3,84.0,320,17
844,Ciro Gakpo,36,FB,Czech,both,191.9,86.3,360,19
845,Kai Kramaric,25,FB,Belgian,right,189.9,82.8,356,19
846,Erling Sterling,25,CM,Croatian,right,179.2,73.8,269,15
847,Leroy Van Dijk,30,ST,Nigerian,right,184.8,79.2,60,4
848,Aymeric Saka,34,ST,Romanian,right,181.5,78.8,52,3
849,James Ramos,38,ST,Colombian,right,180.6,72.8,350,19
850,James Henderson,17,GK,English,right,185.9,85.2,349,19
851,Emre Modric,37,W,Italian,left,176.9,73.4,143,8
852,Lingr Nunez,38,ST,Danish,left,182.6,78.2,340,18
853,Kingsley Gundogan,29,CM,Spanish,right,185.5,79.2,136,8
854,Kylian Jones,33,CM,Polish,left,183.8,74.6,239,13
855,Gavi Robertson,20,W,Japanese,left,191.2,82.5,149,8
856,Raphael Casemiro,16,FB,Belgian,right,178.8,79.3,77,4
857,Ederson Mac Allister,28,AM,Croatian,left,188.4,82.4,175,10
858,Rodri Pavard,37,FB,Brazilian,left,174.5,72.5,190,11
859,Niklas Rodriguez,32,CM,Swedish,left,196.2,83.1,197,11
860,Cesc Brozovic,19,W,Dutch,right,173.8,69.9,237,13
861,Marco Lewis,30,ST,Greek,right,186.8,78.9,204,12
862,Leroy Moore,26,CB,Japanese,right,189.5,84.8,354,19
863,Ederson Davies,24,AM,Korean,left,174.9,73.7,171,10
864,Timo Thompson,17,ST,German,right,169.8,80.0,339,18
865,Gabriel Pavard,33,AM,Swiss,left,185.3,83.4,5,1
866,Bukayo Muller,27,ST,Serbian,right,183.8,77.6,184,11
867,Xavi Valverde,21,FB,Serbian,right,182.3,77.8,187,11
868,Achraf Thompson,36,FB,Uruguayan,right,178.1,76.6,209,12
869,Gabriel Rashford,31,ST,Danish,right,183.5,78.9,351,19
870,Willian Pogba,24,GK,Nigerian,left,187.6,83.7,162,9
871,Mohamed King,21,AM,Romanian,right,184.7,85.2,135,8
872,Serge Diaz,18,CM,Croatian,left,176.4,78.0,357,19
873,Ruben Jones,30,FB,Uruguayan,right,172.6,80.1,168,10
874,Gavi Upamecano,25,ST,Belgian,right,177.7,81.8,214,12
875,Xherdan Fabinho,21,ST,Portuguese,right,182.4,78.3,110,6
876,Florian Salah,33,GK,Swiss,both,194.8,81.4,189,11
877,Ruben Wilson,29,GK,Nigerian,left,182.5,76.0,295,16
878,Thomas Werner,31,W,German,right,189.2,83.0,365,20
879,Joshua Perisic,38,CM,Ghanaian,right,177.6,73.8,120,7
880,Marco Mbappe,33,CB,Norwegian,right,185.1,78.6,293,16
881,Achraf Kimmich,35,CM,French,right,182.2,81.1,358,19
882,Fernando Havertz,23,CM,Turkish,right,176.5,76.6,69,4
883,Roberto Kimmich,18,W,Austrian,right,178.5,74.9,164,10
884,Leon Kramaric,19,AM,Senegalese,right,183.0,78.9,162,9
885,Andres Son,27,CM,Colombian,right,181.1,79.0,221,13
886,Granit Upamecano,37,ST,Austrian,right,178.5,72.3,301,16
887,Cesc Kovacic,37,CM,French,right,173.4,75.3,189,11
888,Jamal Benzema,35,W,English,right,168.7,77.4,379,20
889,Vinicius Odegaard,36,ST,Greek,right,179.7,75.2,260,14
890,Achraf Robertson,19,CB,English,left,177.0,74.8,374,20
891,Serge Upamecano,17,W,Korean,right,177.3,71.7,113,6
892,Cristiano Sancho,18,CB,Dutch,left,184.2,81.3,230,13
893,Luka Kovacic,26,CB,Colombian,right,183.9,72.1,162,9
894,Marcelo Baker,29,GK,Danish,right,176.1,74.6,380,20
895,Willian Rodriguez,34,CM,Greek,right,187.5,80.3,266,15
896,Luis Clarke,20,CB,Korean,right,190.5,82.7,347,19
897,John Adams,19,GK,Argentine,both,183.7,81.4,211,12
898,Jordi Alexander-Arnold,38,W,Norwegian,right,191.0,81.5,312,17
899,Harry Clarke,18,CB,Serbian,left,197.0,85.4,343,18
900,Paulo Sane,23,GK,Nigerian,right,183.6,74.7,49,3
901,Juan Rudiger,31,W,Danish,right,180.1,76.3,257,14
902,Haris Muller,23,W,Italian,right,183.4,73.7,172,10
903,Jamal Camavinga,17,CB,Greek,right,184.5,77.5,149,8
904,Bukayo Allen,38,CM,Turkish,right,175.5,79.3,270,15
905,Rafael Gomez,32,AM,Spanish,left,183.1,74.7,262,14
906,Shaqiri Wilson,22,ST,Portuguese,left,184.2,85.6,372,20
907,Thibaut Walker,26,CB,Czech,left,186.4,74.6,275,15
908,Ederson Green,22,CM,Korean,right,189.4,84.8,322,17
909,Borna Kimmich,37,AM,German,right,178.5,73.5,280,15
910,Aymeric Benzema,21,ST,Czech,right,178.3,75.8,108,6
911,Breel Alexander-Arnold,18,FB,Argentine,right,180.8,81.4,378,20
912,Luka Hall,29,W,Nigerian,right,181.1,80.4,201,11
913,Fabio Anderson,32,ST,English,left,180.1,76.7,106,6
914,Kevin Salah,29,CM,Colombian,right,182.2,78.4,323,17
915,Emre Green,20,CM,German,left,182.4,78.8,336,18
916,Cesc Gakpo,37,AM,German,right,176.2,74.0,116,7
917,Marcelo Pique,30,ST,Portuguese,right,173.6,72.7,220,12
918,Bruno Martinelli,33,CB,Belgian,right,178.9,77.8,217,12
919,Raphael Saka,35,FB,Turkish,left,190.6,83.3,66,4
920,Jude Werner,35,CB,Norwegian,right,183.9,76.9,85,5
921,Dani Clarke,34,CB,Dutch,left,192.3,89.2,300,16
922,Marquinhos Walker,32,CM,Serbian,right,182.2,74.8,184,11
923,Erling Fernandez,25,CB,Moroccan,right,180.8,79.9,377,20
924,Alisson Smith,26,CB,French,both,185.9,79.8,142,8
925,Marco Taylor,25,W,Croatian,right,178.5,76.3,232,13
926,Zuber Silva,24,CB,Norwegian,right,186.3,81.1,323,17
927,Kingsley Modric,29,W,Austrian,both,179.7,74.7,162,9
928,Rafael Rashford,31,CB,Swedish,left,191.4,83.3,346,19
929,Mohamed Smith,38,FB,Romanian,left,191.5,83.7,84,5
930,Manuel Wilson,31,W,Serbian,left,183.1,77.6,103,6
931,Leroy Silva,24,CB,Greek,right,181.1,70.0,246,14
932,Cesc Santos,17,FB,Greek,right,174.6,73.7,357,19
933,Ruben Neuer,33,W,Uruguayan,right,185.0,77.5,238,13
934,Harry Kane,34,ST,Romanian,left,173.5,73.3,308,17
935,Vinicius Camavinga,37,CM,French,left,173.2,83.3,132,7
936,Jude Davies,16,CM,Moroccan,left,184.0,76.6,308,17
937,James Nunez,17,W,Danish,left,183.7,81.4,306,16
938,Dusan Laporte,33,CB,Korean,right,182.1,83.4,367,20
939,Xherdan De Bruyne,17,CM,Colombian,right,174.4,72.6,371,20
940,Harry Bajcetic,24,FB,Japanese,right,181.0,77.2,42,3
941,Rodri Muller,26,CM,Polish,right,179.9,73.9,232,13
942,Thibaut Fernandez,38,CB,Swiss,left,190.8,82.5,61,4
943,Florian Goretzka,30,CM,Uruguayan,right,183.8,76.7,144,8
944,Emre Perisic,32,AM,Czech,right,182.8,78.6,293,16
945,Ilkay Mac Allister,18,ST,Norwegian,right,173.0,77.7,165,10
946,Ansu Salah,20,FB,Belgian,right,172.0,72.0,148,8
947,Bukayo King,24,W,Turkish,both,185.9,80.5,9,1
948,David Garcia,18,FB,Belgian,right,193.7,79.8,165,10
949,Xavi Ederson,18,GK,Greek,right,184.5,81.4,350,19
950,Milan Busquets,17,AM,Japanese,left,185.8,81.0,355,19
951,Leon Dias,29,CB,Polish,right,187.4,83.6,133,8
952,David Gundogan,20,CM,Colombian,right,181.2,74.6,165,10
953,Ederson Gnabry,24,W,Brazilian,right,179.7,84.0,205,12
954,Jordi Adams,31,CB,Uruguayan,left,189.3,83.5,271,15
955,Kevin Anderson,19,W,Uruguayan,right,179.9,81.1,149,8
956,Paulo Odegaard,31,CB,Colombian,left,186.9,77.4,12,1
957,Rafael Goretzka,17,AM,Portuguese,right,177.6,77.4,339,18
958,Schick Sane,28,CB,Austrian,right,186.1,78.3,69,4
959,Alisson Harris,30,CM,Ghanaian,right,175.5,75.8,326,18
960,Kevin Green,24,ST,Italian,left,184.5,76.6,285,16
961,Xavi Mac Allister,31,ST,Spanish,left,181.3,76.7,350,19
962,Virgil Rudiger,29,AM,Austrian,right,182.4,77.4,158,9
963,Lautaro Kovacic,37,CM,English,right,183.8,78.2,128,7
964,Niklas Dupont,20,AM,Dutch,right,183.8,81.2,318,17
965,Gavi Havertz,20,FB,Polish,both,182.4,77.8,124,7
966,Stefan Modric,22,FB,Japanese,right,172.9,72.6,204,12
967,Lautaro De Bruyne,35,CB,Portuguese,left,185.0,79.8,293,16
968,Rodri Bajcetic,35,CM,English,right,176.1,72.8,198,11
969,Trent Silva,24,FB,Swiss,right,176.2,70.3,378,20
970,Fernando Sterling,18,ST,Romanian,left,182.9,78.4,248,14
971,Xherdan Sancho,28,W,Spanish,right,187.3,81.4,154,9
972,Sadio Alba,36,AM,Danish,right,181.8,78.6,138,8
973,Bruno Harris,36,CM,Japanese,left,180.2,73.3,185,11
974,Ederson Griezmann,16,W,Korean,right,183.3,85.2,325,18
975,Juan Camavinga,16,ST,Romanian,right,181.7,77.5,317,17
976,Jordi Gnabry,34,W,Japanese,right,173.1,70.8,380,20
977,Patrik Green,19,ST,Swiss,right,170.1,73.8,140,8
978,Mohamed Lewis,33,W,Senegalese,right,184.5,76.6,235,13
979,Cristiano Kante,35,W,Serbian,right,189.6,79.6,346,19
980,Ondrej Saka,37,CB,Moroccan,right,194.5,77.0,46,3
981,Santi Johnson,33,FB,Czech,right,181.8,79.4,168,10
982,Ricardo Gomez,21,ST,Moroccan,left,178.7,74.6,298,16
983,Zuber Martinelli,28,ST,Polish,right,186.9,79.2,112,6
984,Milan Rashford,28,ST,Turkish,right,193.6,85.6,251,14
985,Bernardo Martinez,20,CB,German,right,181.6,77.7,109,6
986,Marco Clarke,37,W,Croatian,right,186.2,73.0,356,19
987,Pedri Salah,33,AM,Brazilian,right,189.8,79.6,198,11
988,Schick King,23,AM,Romanian,right,169.0,69.7,152,9
989,Serge Williams,18,CM,Turkish,right,175.1,76.7,67,4
990,Bruno Hall,24,CB,Norwegian,right,182.9,81.0,306,16
991,Ondrej Hall,35,W,Italian,right,174.6,71.1,336,18
992,Pedri Santos,21,AM,Moroccan,left,182.7,78.9,345,19
993,Ilkay Firmino,34,AM,Spanish,right,174.5,76.2,210,12
994,Patrik Garcia,34,CB,Ghanaian,right,183.4,80.7,377,20
995,Marcelo Rudiger,34,ST,Belgian,right,187.0,81.3,364,20
996,Bukayo Kimmich,23,CM,Colombian,right,185.3,80.3,354,19
997,Fernando Johnson,35,FB,Dutch,right,192.1,83.0,286,16
998,Jordi Smith,32,W,English,both,173.6,75.5,130,7
999,Thibaut Martin,21,W,Belgian,right,188.5,76.6,242,14
1000,Marcelo Hernandez,38,AM,French,right,184.3,77.4,27,2
1001,Milan Foden,37,CM,Romanian,left,172.2,76.1,320,17
1002,Willian Busquets,23,W,Austrian,right,180.1,78.7,94,5
1003,Raphael Rossi,29,W,Serbian,right,192.7,83.3,266,15
1004,Andres Asensio,30,CB,Croatian,right,190.7,82.5,185,11
1005,Schick Fernandez,38,CM,Croatian,right,178.2,73.5,197,11
1006,Mohamed Rodriguez,31,FB,Serbian,both,175.2,71.6,89,5
1007,Fernando Harris,38,GK,Ghanaian,right,187.1,82.5,153,9
1008,Nikola Son,17,FB,Romanian,right,178.6,79.4,315,17
1009,Jan Alexander-Arnold,18,CM,Serbian,both,193.9,80.0,144,8
1010,Lautaro Smith,31,CB,Brazilian,right,196.2,86.2,169,10
1011,Theo Foden,29,AM,Czech,left,189.7,83.7,316,17
1012,Ederson Wan-Bissaka,33,CB,Swedish,right,181.8,72.6,320,17
1013,Jan Pogba,30,W,Brazilian,both,182.9,76.0,370,20
1014,Achraf White,32,CM,Belgian,right,178.6,78.6,301,16
1015,Timo Wan-Bissaka,18,ST,Swiss,right,177.9,77.8,328,18
1016,Kylian Perisic,28,W,French,right,186.9,77.7,364,20
1017,Fabio Thompson,37,ST,Croatian,left,184.9,85.3,183,11
1018,Dani Rossi,20,ST,Austrian,right,175.1,71.9,323,17
1019,Leroy Kovacic,21,CB,Brazilian,left,181.5,80.2,23,2
1020,Diego Thomas,19,ST,Uruguayan,left,181.1,78.4,218,12
1021,Marco Odegaard,34,FB,Colombian,right,176.4,78.2,227,13
1022,Kylian Gnabry,37,FB,Belgian,right,183.4,77.9,247,14
1023,Santi Goretzka,31,ST,Senegalese,left,175.1,71.0,251,14
1024,Shaqiri Sane,31,AM,French,right,179.7,80.7,336,18
1025,Ilkay Fernandez,26,CM,Senegalese,right,185.0,77.5,349,19
1026,Rafael Gomez,31,ST,Greek,right,190.5,86.1,224,13
1027,Gavi Van Dijk,22,AM,Italian,right,184.6,82.2,2,1
1028,Sergio Robertson,37,W,Colombian,right,183.5,77.7,365,20
1029,Ciro Davies,36,CM,Austrian,left,187.2,77.2,341,18
1030,Trent Gomez,37,CB,Senegalese,right,193.2,87.6,141,8
1031,Aymeric Gomez,17,FB,Korean,right,186.4,82.2,347,19
1032,Schick Pique,32,CM,Ghanaian,left,175.8,73.7,172,10
1033,Haris Hall,33,ST,Dutch,left,175.1,72.1,331,18
1034,Jan Fernandez,16,AM,Colombian,right,194.7,84.6,67,4
1035,Fernando Neuer,30,ST,Dutch,right,180.9,75.7,297,16
1036,Rafael King,18,AM,Portuguese,right,182.3,76.5,338,18
1037,Carlos Kramaric,30,ST,Swiss,right,168.0,71.4,248,14
1038,Mohamed Camavinga,17,FB,Polish,both,173.9,78.4,49,3
1039,Emre Bellingham,37,CM,Polish,right,181.6,72.0,379,20
1040,Dani Harris,35,FB,Dutch,right,177.1,72.9,277,15
1041,Timo Pogba,31,W,Colombian,right,191.1,82.7,128,7
1042,Sadio Stones,24,CB,Romanian,right,192.3,82.5,303,16
1043,Andres Salah,23,CM,Argentine,right,185.0,78.6,219,12
1044,Trent Green,20,CM,Norwegian,right,178.0,77.9,330,18
1045,Sergio Moore,20,FB,Norwegian,right,176.5,77.2,58,3
1046,Neymar Nunez,30,FB,Serbian,right,167.5,69.5,324,17
1047,Zuber Mane,17,CB,Danish,right,182.3,78.6,237,13
1048,Ciro Havertz,38,CM,German,left,180.7,78.3,271,15
1049,Mason Foden,20,CM,Swedish,right,183.5,85.5,209,12
1050,Adam Rashford,38,FB,Belgian,right,181.2,80.8,289,16
1051,Joshua Wilson,35,W,Portuguese,right,184.1,75.8,191,11
1052,Marcelo Martinez,37,W,Romanian,left,186.6,76.8,380,20
1053,Pedri Varane,34,AM,Argentine,right,182.9,82.2,333,18
1054,Presnel Smith,32,ST,Swiss,left,181.0,75.9,9,1
1055,Ansu Taylor,29,GK,Swedish,right,178.8,71.0,55,3
1056,Antoine Dias,26,AM,Argentine,right,172.5,72.9,108,6
1057,Achraf Dupont,27,CB,Swedish,right,170.2,72.3,100,6
1058,Rafael Mitchell,24,ST,Czech,right,186.7,77.0,279,15
1059,Vinicius Modric,37,CB,Italian,right,184.4,79.7,35,2
1060,Marcelo Anderson,29,ST,Austrian,right,182.7,75.7,165,10
1061,Remo Varane,35,CB,Korean,both,186.7,83.5,23,2
1062,Pedri Perisic,22,AM,Romanian,right,172.8,76.8,65,4
1063,Robert Hernandez,30,W,Dutch,left,175.5,79.2,258,14
1064,James Valverde,21,W,Uruguayan,right,172.4,73.5,372,20
1065,Xherdan Adams,29,CM,Czech,right,181.9,74.8,147,8
1066,Aymeric Alexander-Arnold,32,CB,Austrian,right,176.2,85.2,154,9
1067,Leon Ramos,29,CM,Ghanaian,right,174.1,74.9,115,7
1068,Ansu Scott,21,GK,Greek,right,183.6,76.6,269,15
1069,Achraf De Bruyne,24,W,Turkish,left,184.6,79.6,110,6
1070,Rafael Clarke,30,FB,English,left,188.9,80.8,343,18
1071,Gavi Kimmich,37,W,Ghanaian,right,184.0,79.8,263,15
1072,Milan Kimmich,35,CB,Croatian,right,192.1,84.8,334,18
1073,Thomas Casemiro,29,AM,Romanian,right,181.4,78.4,81,5
1074,Ederson Kramaric,24,ST,Senegalese,right,186.7,80.1,236,13
1075,Stefan Muller,37,CM,Spanish,right,176.7,75.3,170,10
1076,Vinicius Pique,19,W,Romanian,right,181.8,77.6,118,7
1077,Antoine Muller,30,CM,Serbian,right,188.1,82.1,244,14
1078,Bernardo Kane,25,GK,Ghanaian,left,182.9,79.7,144,8
1079,Phil Adams,28,CB,Colombian,left,197.7,84.0,210,12
1080,Serge Garcia,22,ST,French,right,175.9,80.5,250,14
1081,Raphael Hernandez,18,GK,Italian,right,189.4,79.6,219,12
1082,Bruno Havertz,32,AM,Brazilian,right,173.5,79.3,347,19
1083,Carlos Camavinga,33,CM,Ghanaian,right,182.4,79.3,118,7
1084,Can Clarke,28,CB,Senegalese,right,192.6,87.8,208,12
1085,Emre Anderson,28,CM,Swedish,right,188.3,80.5,80,5
1086,Ivan Upamecano,19,W,Croatian,right,193.7,83.5,347,19
1087,Raphael De Bruyne,17,W,Portuguese,left,181.8,79.8,291,16
1088,Nikola Silva,23,ST,English,right,174.5,73.8,146,8
1089,Granit Kane,35,GK,English,left,191.6,83.8,122,7
1090,Kingsley Harris,24,CM,Belgian,left,183.2,76.6,318,17
1091,Sergio Pogba,18,AM,Argentine,right,188.6,82.5,364,20
1092,Mohamed Fabinho,36,W,Nigerian,right,177.7,85.8,157,9
1093,Can Rudiger,28,ST,Moroccan,right,178.7,73.7,172,10
1094,Lautaro Salah,18,CM,Brazilian,left,190.2,76.7,249,14
1095,Emre Wilson,24,CB,Polish,right,179.7,75.4,359,19
1096,Robert Lloris,26,CB,Moroccan,right,184.2,82.3,332,18
1097,Remo Martinelli,22,ST,Dutch,right,177.5,75.5,309,17
1098,Marco Lloris,16,CM,Austrian,right,184.0,78.7,344,18
1099,Schick Kante,16,AM,Romanian,left,177.3,73.2,345,19
1100,Jan Green,38,AM,Portuguese,right,181.5,83.1,363,20
1101,Ederson Lopez,16,CB,Spanish,right,189.3,79.0,336,18
1102,Jordi Szoboszlai,36,W,Swiss,right,181.2,77.3,106,6
1103,Xherdan Modric,19,AM,Swedish,right,171.4,75.2,237,13
1104,Sadio Lloris,29,W,Polish,right,182.6,77.4,355,19
1105,Rodri Brozovic,29,FB,Danish,left,176.2,74.5,315,17
1106,Marquinhos Young,32,CM,Ghanaian,right,184.4,77.1,221,13
1107,Phil Foden,18,W,Turkish,right,171.1,70.0,191,11
1108,Lautaro Bajcetic,35,W,Moroccan,left,174.5,75.6,49,3
1109,Marco Saka,18,W,Dutch,right,182.2,73.1,16,1
1110,Kingsley Anderson,33,AM,Uruguayan,right,180.8,77.0,307,17
1111,Vinicius Dupont,33,CM,Turkish,left,187.3,80.5,73,4
1112,Antoine Firmino,23,ST,Uruguayan,right,186.9,82.4,109,6
1113,Mohamed Garcia,38,GK,French,left,188.9,75.3,375,20
1114,Paulo Thompson,37,AM,Moroccan,right,183.0,81.8,312,17
1115,Ruben Sane,24,CM,Danish,right,169.6,71.9,106,6
1116,Ciro Busquets,36,CM,Argentine,right,184.0,72.1,87,5
1117,Roberto Garcia,30,ST,Italian,both,185.7,81.3,253,14
1118,Bernardo Kimmich,20,AM,Uruguayan,right,180.9,75.5,328,18
1119,Mateo Martin,38,ST,English,right,177.4,76.1,33,2
1120,Kingsley Santos,29,ST,German,right,181.0,81.9,181,11
1121,Presnel Upamecano,17,FB,Danish,right,173.7,75.4,19,1
1122,Gabriel Henderson,35,CB,Belgian,right,188.4,83.6,126,7
1123,Hlozek Brown,28,CB,Dutch,right,176.0,74.1,368,20
1124,Virgil Wilson,23,W,Nigerian,right,178.8,69.0,369,20
1125,Luis Robertson,36,ST,Brazilian,right,183.9,78.8,176,10
1126,Niklas Lloris,30,CB,English,right,189.1,77.6,365,20
1127,Theo Van Dijk,34,CB,Ghanaian,left,187.8,83.4,201,11
1128,Lionel Kramaric,25,CB,Colombian,right,192.9,86.1,297,16
1129,Diego Brown,32,FB,Austrian,right,175.6,70.7,68,4
1130,Fernando Stones,28,AM,Austrian,right,188.7,81.5,358,19
1131,John Mbappe,38,CB,Danish,right,183.5,78.7,156,9
1132,Sergio Upamecano,31,CM,English,right,181.1,79.4,117,7
1133,Lionel Davies,33,CM,Norwegian,right,184.8,80.5,373,20
1134,Patrik Foden,27,W,Spanish,right,171.0,68.1,212,12
1135,Aymeric De Bruyne,18,ST,Korean,right,162.2,66.6,360,19
1136,Kevin Lloris,32,ST,Colombian,right,170.3,69.0,316,17
1137,Luis Casemiro,27,CM,Senegalese,right,183.7,84.0,162,9
1138,Vinicius De Bruyne,26,W,Swiss,right,179.8,79.3,379,20
1139,Ferran Salah,20,CB,German,right,180.3,78.6,139,8
1140,Virgil Williams,32,AM,Dutch,both,179.4,74.7,375,20
1141,Can Jackson,29,ST,Czech,right,180.7,78.7,167,10
1142,David Alba,21,AM,Swiss,right,183.3,80.7,175,10
1143,Lautaro Bellingham,28,W,Korean,right,168.3,70.6,188,11
1144,Ciro Mbappe,35,ST,Turkish,right,176.7,78.6,363,20
1145,Jan Mbappe,37,CB,Polish,right,181.3,79.6,372,20
1146,Dani Kimmich,36,FB,Norwegian,right,186.2,79.8,179,11
1147,Dani Foden,21,AM,Brazilian,right,185.0,83.7,238,13
1148,Zuber Lewis,20,AM,English,right,183.8,78.2,353,19
1149,Ilkay Van Dijk,29,CB,English,right,180.2,68.1,142,8
1150,David Griezmann,25,AM,Swiss,right,184.1,76.3,198,11
1151,Dusan Wilson,27,ST,Swedish,left,176.4,74.5,296,16
1152,Zuber Kante,33,GK,Norwegian,right,181.1,80.2,114,6
1153,Sadio King,31,CB,Greek,left,188.1,83.7,155,9
1154,Antoine Fabinho,17,FB,Turkish,right,186.2,80.9,233,13
1155,Mohamed Davies,18,AM,Belgian,left,186.8,76.1,375,20
1156,Borna Salah,25,W,Czech,right,168.9,77.3,12,1
1157,Virgil Davies,27,AM,Austrian,left,183.0,78.4,302,16
1158,Neymar Smith,32,CB,Portuguese,right,186.8,80.6,160,9
1159,Presnel Martinez,38,ST,Croatian,right,187.1,78.0,176,10
1160,Bruno Sancho,29,CB,Colombian,right,185.1,75.9,224,13
1161,Harry Scott,21,W,Korean,left,184.3,77.9,353,19
1162,Trent Diaz,33,CM,Brazilian,right,184.5,79.9,123,7
1163,Bruno Fernandez,36,CM,French,both,173.6,75.5,189,11
1164,David Gakpo,31,W,Belgian,right,187.9,77.6,160,9
1165,Remo Smith,24,CM,Brazilian,left,185.3,80.9,314,17
1166,Stefan Taylor,34,CM,Austrian,right,179.8,75.7,222,13
1167,Sadio Clarke,25,AM,Colombian,left,182.5,83.9,349,19
1168,Thomas Havertz,29,FB,German,right,192.9,87.7,314,17
1169,Jamal Rodriguez,16,CM,Senegalese,right,179.3,81.0,202,11
1170,Aymeric Firmino,38,W,Moroccan,left,174.6,77.6,354,19
1171,Kai Fabinho,37,GK,Korean,left,178.7,74.7,321,17
1172,Phil Szoboszlai,34,FB,Greek,both,191.9,87.3,177,10
1173,Adam Jackson,27,FB,Swedish,right,185.7,82.2,175,10
1174,Trent Varane,18,CM,Nigerian,right,187.7,79.9,272,15
1175,Marco Martinelli,25,AM,Greek,left,173.4,74.5,236,13
1176,Paulo Upamecano,23,CM,Argentine,left,182.6,70.6,315,17
1177,Breel Rodriguez,28,W,Ghanaian,right,182.7,82.9,333,18
1178,Marco Neuer,19,FB,Korean,right,179.3,75.8,89,5
1179,Trent Moore,31,W,Ghanaian,right,179.1,73.3,138,8
1180,Diego Fernandez,29,CM,Brazilian,right,183.3,83.5,228,13
1181,Bruno Scott,36,AM,Portuguese,right,183.4,78.3,376,20
1182,Presnel Anderson,36,W,Portuguese,right,180.3,74.6,142,8
1183,Cesc Rashford,23,ST,Brazilian,left,189.9,83.6,232,13
1184,Emre Perisic,28,CB,Senegalese,left,177.4,83.1,373,20
1185,Xherdan Modric,38,W,Senegalese,right,182.2,79.4,351,19
1186,Lionel Perisic,29,GK,Swedish,right,193.5,84.5,325,18
1187,Gabriel Ederson,30,CB,Turkish,left,180.9,84.3,299,16
1188,Ruben Moore,32,CB,Swiss,right,183.0,82.8,85,5
1189,Patrik Davies,36,CM,Austrian,right,179.8,81.5,312,17
1190,Ciro Scott,32,CB,Swedish,right,187.1,76.0,9,1
1191,Bukayo Mbappe,24,FB,Senegalese,right,186.1,81.9,331,18
1192,Cesc Van Dijk,23,AM,Norwegian,right,181.6,78.8,380,20
1193,Bernardo Pavard,28,ST,Austrian,both,176.3,78.7,307,17
1194,Xavi Alba,27,ST,Romanian,right,189.5,79.7,182,11
1195,Carlos White,31,W,Moroccan,right,172.2,75.8,155,9
1196,Adam Ederson,28,FB,Greek,left,177.0,70.2,233,13
1197,Carlos Saka,17,W,Serbian,both,187.8,83.3,248,14
1198,Pedri Werner,24,CM,Italian,right,174.9,71.5,159,9
1199,Schick Ederson,23,CM,Japanese,right,182.8,80.4,110,6
1200,Raphael Sane,22,ST,Argentine,left,170.4,73.6,103,6
1201,Kai Ederson,24,W,Ghanaian,left,185.8,80.5,138,8
1202,Luis Ederson,22,CB,Romanian,left,185.6,83.7,291,16
1203,Rodri Ramos,20,CM,Czech,right,179.0,76.6,125,7
1204,Jamal Silva,18,ST,Swedish,left,188.0,82.1,227,13
1205,Rafael Brozovic,34,CB,Austrian,right,203.6,84.4,336,18
1206,Kylian Gnabry,36,AM,French,right,181.2,74.7,312,17
1207,Jude Baker,29,CM,Portuguese,left,188.9,73.9,330,18
1208,Diego Johnson,17,AM,Italian,right,179.2,76.1,377,20
1209,Diego Davies,30,AM,Moroccan,right,184.2,83.5,130,7
1210,Ruben Mane,35,FB,Norwegian,right,182.8,78.4,295,16
1211,Dani White,23,FB,French,right,169.9,70.7,358,19
1212,Can Adams,27,W,Japanese,right,178.2,73.7,278,15
1213,Jan Mac Allister,16,AM,Polish,right,173.9,71.6,192,11
1214,Jamal Wilson,38,FB,Croatian,right,183.9,74.4,372,20
1215,Jude Jackson,24,GK,Swiss,right,187.0,80.5,265,15
1216,Sadio Sancho,16,FB,Swedish,right,170.0,76.9,337,18
1217,Kingsley Casemiro,31,GK,German,right,201.4,82.9,308,17
1218,Thomas Gnabry,32,ST,Uruguayan,both,174.0,73.7,50,3
1219,Kevin Davies,17,FB,Argentine,right,184.5,77.5,189,11
1220,Ferran Trossard,16,FB,Czech,left,185.3,77.9,376,20
1221,Borna Brown,28,W,Turkish,left,187.0,75.4,27,2
1222,Ruben Rodriguez,38,W,Belgian,right,180.1,73.9,59,4
1223,Presnel Martin,32,FB,Norwegian,left,175.6,71.0,320,17
1224,Remo Alba,22,AM,Belgian,right,181.7,81.8,376,20
1225,Kai Modric,26,ST,Turkish,left,175.7,75.0,357,19
1226,Neymar Ramos,20,W,Romanian,left,193.4,80.6,299,16
1227,James Davies,31,CM,Colombian,left,178.5,75.8,308,17
1228,Ciro Lewis,37,ST,Croatian,left,186.2,81.4,124,7
1229,Jan Adams,37,W,Dutch,left,178.7,80.3,342,18
1230,Hlozek Anderson,16,ST,Colombian,right,184.8,79.0,351,19
1231,Harry Rudiger,38,CB,Ghanaian,right,191.7,82.6,349,19
1232,Milan Kimmich,35,FB,Turkish,right,177.4,75.5,333,18
1233,Alisson Martinelli,26,ST,Serbian,right,169.0,73.8,368,20
1234,Remo Valverde,16,W,Czech,right,184.1,79.3,248,14
1235,Juan King,22,ST,Ghanaian,right,180.6,80.5,105,6
1236,Lingr Szoboszlai,16,CB,Spanish,right,187.7,77.6,328,18
1237,Santi Firmino,37,CB,Danish,right,188.1,80.8,342,18
1238,Bruno Pique,32,W,Polish,left,173.5,70.5,222,13
1239,Kylian Brozovic,28,GK,English,right,188.6,78.6,346,19
1240,Xavi Ederson,19,CB,Ghanaian,left,192.9,85.9,306,16
1241,Paulo Smith,22,CB,Nigerian,right,187.9,78.9,144,8
1242,Dani Neuer,28,CB,Ghanaian,right,177.0,78.1,121,7
1243,Xavi Griezmann,32,CB,Brazilian,right,191.7,79.7,235,13
1244,Patrik Mbappe,32,FB,Ghanaian,left,176.3,74.0,314,17
1245,Vinicius Young,20,FB,Romanian,right,197.0,86.5,149,8
1246,Rafael Benzema,28,CB,Colombian,right,184.7,81.7,207,12
1247,Serge Scott,17,CM,Swedish,right,188.8,87.4,264,15
1248,Rafael Carvajal,37,FB,Greek,left,192.1,82.0,338,18
1249,Breel Salah,24,FB,Serbian,right,171.3,71.5,339,18
1250,Shaqiri Brozovic,20,CM,Polish,right,174.2,73.7,364,20
1251,Florian Davies,36,CM,Greek,both,173.7,77.5,140,8
1252,Remo Bajcetic,21,ST,Czech,right,188.6,80.0,46,3
1253,Roberto Hernandez,19,W,Spanish,right,181.6,79.3,294,16
1254,Cesc Baker,29,ST,Belgian,left,187.0,81.5,366,20
1255,Remo Camavinga,25,GK,Nigerian,right,181.6,76.7,325,18
1256,Mohamed Green,33,FB,Swedish,left,175.7,79.8,369,20
1257,Granit Rodriguez,24,ST,Polish,right,178.8,74.2,346,19
1258,Jordi Silva,38,CM,Italian,right,182.8,78.8,376,20
1259,Diego Pavard,31,CM,French,right,185.3,90.3,187,11
1260,Xavi Griezmann,20,W,Japanese,left,177.7,77.2,168,10
1261,Marcelo Busquets,30,W,Nigerian,right,168.7,75.2,359,19
1262,Paulo Camavinga,23,CB,Romanian,right,186.7,80.7,31,2
1263,Florian Kimmich,26,CM,Belgian,left,171.6,68.6,203,12
1264,Remo Scott,21,AM,Romanian,right,173.5,79.4,286,16
1265,Presnel Salah,27,ST,Argentine,left,181.8,73.6,177,10
1266,Ederson Dupont,20,CB,Turkish,both,189.5,78.8,168,10
1267,Joshua Asensio,36,FB,English,right,181.5,78.2,79,5
1268,Ruben Bellingham,28,AM,Croatian,left,174.0,73.2,359,19
1269,Shaqiri Adams,31,FB,Italian,right,173.8,75.0,352,19
1270,Serge Adams,38,CM,Greek,right,176.9,70.3,362,19
1271,Ruben Kimmich,34,W,Senegalese,left,178.6,73.2,211,12
1272,Federico Laporte,17,CM,Spanish,right,182.6,78.3,5,1
1273,Shaqiri Goretzka,38,W,Dutch,right,182.3,76.5,368,20
1274,Bruno White,24,ST,Norwegian,both,175.0,79.5,21,2
1275,Alisson Mbappe,31,FB,Japanese,left,176.8,80.1,313,17
1276,Leon Rudiger,16,GK,Polish,right,184.5,83.6,325,18
1277,Aymeric Stones,38,CM,Moroccan,right,188.2,80.3,346,19
1278,Can Silva,20,CM,Dutch,right,181.5,82.1,355,19
1279,Mohamed Santos,23,AM,Japanese,left,181.7,77.1,64,4
1280,Gabriel Szoboszlai,18,CB,Norwegian,right,196.7,91.2,108,6
1281,Rafael Alba,27,CM,Croatian,right,188.6,87.1,17,1
1282,Hlozek Green,37,CB,Colombian,right,186.4,81.9,2,1
1283,Ciro Rudiger,20,CB,Norwegian,right,182.2,76.0,376,20
1284,Rafael Van Dijk,19,FB,Turkish,right,184.3,80.6,310,17
1285,Aymeric Varane,34,GK,Polish,right,181.3,76.1,338,18
1286,Kevin Hall,22,FB,Brazilian,right,181.0,82.9,213,12
1287,Lionel Bellingham,27,CB,Swiss,right,187.8,77.1,136,8
1288,Ondrej Firmino,21,ST,Swiss,left,182.9,80.0,367,20
1289,Lautaro Diaz,25,FB,French,right,179.2,71.3,65,4
1290,Kai Gnabry,36,FB,Dutch,left,178.1,79.8,293,16
1291,Rodri Thomas,32,ST,Polish,left,186.0,82.3,172,10
1292,Stefan Johnson,20,FB,French,right,176.8,75.6,203,12
1293,Sadio Kroos,34,W,Brazilian,right,174.0,75.4,335,18
1294,Harry King,36,FB,English,right,182.9,78.7,286,16
1295,Shaqiri Kante,27,CB,Swiss,right,186.7,78.2,286,16
1296,Kingsley Dias,16,CB,Moroccan,both,188.6,78.7,255,14
1297,Breel White,16,CB,Romanian,left,186.4,77.8,329,18
1298,Mason Werner,22,AM,German,left,178.4,78.5,257,14
1299,Joao Mane,36,CB,Danish,right,187.5,81.6,18,1
1300,Xavi Sane,23,CM,Greek,left,189.9,83.9,125,7
1301,Xavi Carvajal,30,AM,Croatian,left,174.5,75.2,177,10
1302,Ivan Martin,20,FB,Uruguayan,right,181.5,74.7,174,10
1303,Aymeric Mitchell,17,CB,Italian,right,191.0,84.6,250,14
1304,Willian Williams,31,CM,Norwegian,right,175.2,73.7,172,10
1305,Kai Benzema,16,ST,Serbian,right,182.4,76.2,181,11
1306,Niklas Laporte,30,AM,Japanese,right,176.9,77.3,137,8
1307,Mason Kramaric,19,ST,English,right,195.8,82.0,32,2
1308,Fernando Pique,26,FB,Serbian,right,175.5,77.0,358,19
1309,Serge Mbappe,21,CM,Dutch,right,192.2,83.7,108,6
1310,Nikola Szoboszlai,21,CB,Portuguese,left,191.9,84.9,6,1
1311,Remo Jones,37,W,Japanese,right,181.9,81.3,290,16
1312,Hlozek Hernandez,33,CM,Japanese,right,178.6,78.9,151,9
1313,Florian Upamecano,29,W,Croatian,right,177.3,76.5,362,19
1314,Mateo Casemiro,19,CM,Belgian,left,171.8,76.3,355,19
1315,Milan Pogba,17,CM,Korean,left,184.9,76.0,188,11
1316,Marcelo Thompson,20,AM,Austrian,right,185.3,76.3,351,19
1317,Kai Hall,16,CM,Serbian,right,180.6,75.4,245,14
1318,Pedri De Bruyne,26,CB,Argentine,left,185.0,76.6,345,19
1319,Ferran Laporte,16,CM,Italian,right,169.4,66.5,310,17
1320,Neymar Modric,27,FB,German,right,182.7,80.5,199,11
1321,Ferran Sane,27,FB,Czech,right,185.7,80.2,91,5
1322,Jan Neuer,36,AM,Polish,left,178.6,76.3,48,3
1323,Pedri Robertson,29,CM,Polish,right,179.6,79.0,353,19
1324,Antoine Rodriguez,36,AM,Moroccan,right,190.7,86.5,97,6
1325,John Firmino,31,W,Turkish,right,179.6,77.2,380,20
1326,Marquinhos Garcia,18,W,Croatian,left,184.5,82.7,71,4
1327,Lautaro Taylor,38,AM,Austrian,right,175.2,76.4,152,9
1328,Joao Anderson,33,AM,Spanish,right,185.4,85.0,374,20
1329,Cesc Fabinho,37,ST,Romanian,right,187.1,77.8,371,20
1330,Can Valverde,28,ST,Colombian,right,180.0,82.4,350,19
1331,Willian Smith,30,FB,Italian,left,180.2,75.0,206,12
1332,Milan Alba,22,FB,Romanian,right,187.9,83.4,85,5
1333,Jan Brown,21,ST,Czech,right,169.8,73.6,357,19
1334,Ansu Walker,19,ST,Japanese,right,183.7,78.3,358,19
1335,Fernando Young,33,FB,Uruguayan,left,179.5,81.4,347,19
1336,Theo Santos,32,ST,Danish,right,178.3,74.8,276,15
1337,Erling Rashford,26,FB,Polish,right,172.7,76.0,52,3
1338,Achraf Sterling,25,GK,Serbian,left,197.3,81.3,77,4
1339,Erling Carvajal,29,GK,Colombian,left,187.7,82.1,103,6
1340,Vinicius Lewis,20,CB,Swedish,left,187.4,83.1,257,14
1341,Ondrej Davies,31,CM,Italian,right,180.7,80.1,349,19
1342,Rodri Nunez,19,AM,Dutch,right,184.2,74.1,72,4
1343,Virgil Adams,27,CB,Nigerian,right,181.4,79.9,331,18
1344,Emre Green,25,CM,Romanian,right,178.5,81.1,369,20
1345,Remo Odegaard,24,ST,English,right,184.4,80.0,312,17
1346,Virgil Alba,17,W,Korean,right,185.4,77.3,358,19
1347,Ferran Pogba,24,CB,Ghanaian,left,183.6,80.0,254,14
1348,Rodri Carvajal,18,AM,Dutch,right,179.0,75.4,151,9
1349,Joshua Brozovic,34,W,Senegalese,right,182.0,80.4,204,12
1350,Can Fernandez,34,ST,Italian,left,178.4,79.3,355,19
1351,Leon Young,37,AM,Portuguese,right,186.1,77.7,226,13
1352,Ladislav Scott,25,FB,Portuguese,right,175.8,77.2,256,14
1353,Ladislav Mane,23,CM,Portuguese,right,177.2,76.3,83,5
1354,Mohamed Laporte,29,GK,Romanian,left,190.3,82.4,359,19
1355,Thibaut Szoboszlai,17,AM,Korean,right,181.4,83.7,378,20
1356,Thomas Griezmann,29,CB,Polish,right,183.9,79.9,302,16
1357,Aymeric Busquets,16,CB,Argentine,right,179.7,80.6,237,13
1358,Ladislav Valverde,37,AM,Brazilian,right,179.4,75.4,204,12
1359,Vinicius Gakpo,20,AM,English,right,179.3,80.8,49,3
1360,Bruno Rossi,33,GK,Czech,right,188.6,81.8,23,2
1361,Cesc Harris,18,ST,Korean,right,190.7,83.3,247,14
1362,Achraf Lewis,34,CB,Norwegian,right,191.2,85.8,296,16
1363,Ferran Perisic,19,CB,Croatian,right,186.1,78.6,332,18
1364,Paulo Lewis,34,CM,Senegalese,right,176.2,74.0,368,20
1365,Zuber Lewis,36,CB,Spanish,right,180.0,73.7,252,14
1366,Patrik Modric,34,AM,Argentine,right,183.0,81.7,162,9
1367,Haris Perisic,29,W,Brazilian,right,180.6,79.2,210,12
1368,Paulo Anderson,35,AM,Japanese,right,178.6,77.4,156,9
1369,Manuel Martinez,32,W,Romanian,right,185.0,84.3,108,6
1370,Serge Kante,26,FB,Belgian,right,178.6,70.7,125,7
1371,Jude Gnabry,36,CM,Nigerian,left,178.1,71.1,368,20
1372,Antoine Kimmich,33,FB,Argentine,right,179.7,78.4,169,10
1373,Kylian Son,23,AM,Spanish,right,182.4,74.2,47,3
1374,Serge Stones,30,CB,Spanish,both,183.4,82.7,27,2
1375,Ansu Clarke,22,AM,German,left,188.6,82.7,331,18
1376,Can Silva,34,AM,Korean,right,177.0,80.0,378,20
1377,Joao Firmino,18,ST,Japanese,right,189.6,83.0,47,3
1378,James Muller,34,ST,Polish,left,177.1,75.5,347,19
1379,Bernardo Garcia,30,CB,Swedish,left,183.0,78.4,135,8
1380,Ederson Gnabry,19,CM,Serbian,right,170.0,68.9,325,18
1381,Lionel Benzema,16,CB,Romanian,left,190.2,83.1,372,20
1382,Ruben Kane,20,CB,Danish,right,177.1,76.2,176,10
1383,Serge Jones,28,ST,Greek,right,175.9,70.3,177,10
1384,Jan Alba,25,FB,English,right,180.7,75.6,320,17
1385,Bukayo Clarke,36,CM,Korean,left,176.7,80.4,69,4
1386,Marco Fernandez,27,CM,Dutch,both,182.1,75.3,23,2
1387,Mateo Szoboszlai,26,ST,Polish,right,173.3,79.6,346,19
1388,Presnel Salah,33,W,Brazilian,right,176.5,79.9,189,11
1389,Gabriel Pique,28,CM,Argentine,right,183.0,78.3,7,1
1390,Borna Smith,19,GK,Colombian,right,184.3,80.7,214,12
1391,Lingr Green,21,FB,Romanian,both,185.4,79.0,124,7
1392,Raphael Henderson,26,ST,Greek,left,183.9,77.2,302,16
1393,Lautaro Jackson,31,ST,Moroccan,right,180.4,79.0,21,2
1394,Harry Gomez,33,GK,German,left,190.2,80.3,148,8
1395,Bukayo Mitchell,27,FB,Norwegian,right,172.9,78.9,366,20
1396,Harry Camavinga,16,ST,French,left,181.7,77.6,334,18
1397,Thomas Rodriguez,33,CB,German,right,181.9,75.4,377,20
1398,Paulo Nunez,20,AM,Italian,right,176.1,72.5,309,17
1399,Florian Rashford,18,W,Turkish,right,177.1,76.4,227,13
1400,Ansu Sancho,29,CM,Romanian,right,187.0,81.9,352,19
1401,Luis Gundogan,30,AM,Danish,left,188.0,76.9,329,18
1402,Roberto Walker,38,ST,Ghanaian,right,183.1,77.6,69,4
1403,Serge Casemiro,17,GK,Romanian,right,190.9,78.0,331,18
1404,Nikola Kimmich,21,W,Nigerian,left,189.0,83.1,316,17
1405,Ladislav Thompson,23,AM,Austrian,both,175.5,80.0,373,20
1406,Xavi Henderson,26,CB,Brazilian,right,187.8,85.8,218,12
1407,Alisson Hall,24,ST,Italian,right,175.6,73.4,167,10
1408,Ruben Davies,31,AM,Japanese,right,177.6,74.6,134,8
1409,Kevin Szoboszlai,27,CB,Greek,left,190.3,82.2,221,13
1410,Ruben Brozovic,30,CM,Korean,both,183.8,77.1,145,8
1411,Willian Carvajal,16,FB,Portuguese,right,188.1,76.3,105,6
1412,Leon Havertz,22,FB,Greek,right,182.4,80.3,99,6
1413,Joao Griezmann,16,AM,Turkish,right,182.6,76.2,189,11
1414,Harry Werner,16,CM,Italian,left,173.4,71.9,20,1
1415,Jude Modric,38,ST,Polish,both,182.2,76.2,109,6
1416,Timo Modric,37,CM,Korean,right,171.8,79.5,256,14
1417,Joshua Kimmich,22,W,Uruguayan,right,181.3,74.6,50,3
1418,Nikola Stones,23,W,Senegalese,right,183.3,76.6,343,18
1419,Bukayo Kroos,29,ST,Turkish,left,187.0,84.5,370,20
1420,Pedri Lewis,29,CB,Colombian,right,182.5,81.9,118,7
1421,Rafael Benzema,36,CB,Swiss,right,194.7,86.9,237,13
1422,Bukayo King,36,W,Croatian,right,185.2,86.2,34,2
1423,Rafael Diaz,18,AM,Norwegian,right,182.1,77.4,180,11
1424,Xherdan Ramos,23,AM,French,right,184.8,77.4,345,19
1425,Lionel Kante,20,ST,Ghanaian,right,173.2,71.0,377,20
1426,Harry Rossi,27,FB,Romanian,right,185.0,83.4,160,9
1427,Ladislav Sancho,16,CB,Argentine,right,190.0,85.4,58,3
1428,Virgil Pavard,25,ST,Japanese,right,182.8,77.5,21,2
1429,Marco Son,28,CM,Ghanaian,right,185.5,79.4,169,10
1430,Mason Casemiro,37,FB,Brazilian,right,175.7,76.0,152,9
1431,Jordi Hall,36,AM,Serbian,right,177.3,77.9,380,20
1432,Gavi Thompson,32,FB,Dutch,right,180.0,76.7,270,15
1433,Remo Lopez,34,W,Japanese,right,187.4,79.5,283,16
1434,Carlos Taylor,35,AM,Korean,left,179.5,77.1,13,1
1435,Diego Alexander-Arnold,35,AM,Czech,right,178.3,78.5,211,12
1436,Thomas Lloris,28,W,Argentine,right,178.8,74.5,85,5
1437,Can Adams,17,CB,Senegalese,left,186.5,81.2,288,16
1438,Florian Kovacic,37,AM,Portuguese,both,180.9,79.5,308,17
1439,Cristiano Varane,17,W,Moroccan,right,192.3,84.0,153,9
1440,Stefan Van Dijk,31,AM,Brazilian,right,173.1,71.0,355,19
1441,Lingr Brozovic,34,CB,English,right,181.8,76.6,363,20
1442,Ilkay Pogba,25,ST,Argentine,right,176.2,68.8,24,2
1443,Serge Robertson,18,CM,Czech,right,180.6,75.3,187,11
1444,Thibaut Kroos,19,CM,Swedish,right,178.2,79.5,364,20
1445,Ferran Davies,34,GK,Brazilian,left,191.4,85.0,305,16
1446,Patrik Trossard,25,GK,Brazilian,right,183.3,76.2,379,20
1447,Granit Martinelli,31,ST,Greek,right,181.7,78.8,229,13
1448,Erling King,27,FB,Korean,left,172.5,72.9,172,10
1449,Ruben Thompson,19,ST,Norwegian,right,186.5,79.2,374,20
1450,Ciro Allen,29,GK,Swedish,left,184.0,81.8,227,13
1451,Lingr Salah,30,W,Swiss,right,192.7,85.1,106,6
1452,Sadio Trossard,29,ST,Italian,right,181.9,78.2,206,12
1453,Ederson Alexander-Arnold,36,CB,French,right,192.1,77.8,14,1
1454,Willian Harris,18,CB,Croatian,right,182.8,75.1,268,15
1455,Cristiano Allen,19,FB,Swiss,left,184.6,81.4,20,1
1456,Jan Pavard,20,GK,Japanese,right,181.6,73.0,359,19
1457,Dani Brozovic,21,CM,Uruguayan,right,184.7,77.2,7,1
1458,Harry Laporte,17,FB,Swiss,right,175.7,76.3,355,19
1459,Ivan Muller,35,FB,Danish,right,187.4,78.0,20,1
1460,Can Havertz,26,AM,Serbian,right,181.1,77.7,61,4
1461,Lionel Salah,24,ST,Swiss,both,178.5,72.8,224,13
1462,Timo Davies,31,W,Brazilian,both,178.1,80.0,11,1
1463,Marcelo Fernandez,34,W,Belgian,right,186.0,76.1,273,15
1464,James Alba,23,ST,Korean,left,176.1,81.9,169,10
1465,Kylian Dias,26,W,Danish,right,177.9,76.0,377,20
1466,Ederson Adams,19,ST,Czech,right,176.0,74.8,208,12
1467,Cristiano Carvajal,34,W,Uruguayan,right,179.8,77.3,351,19
1468,Bernardo Brown,38,ST,Turkish,right,182.1,75.9,63,4
1469,Ondrej Kramaric,37,AM,Portuguese,right,183.7,79.3,288,16
1470,Kevin Laporte,38,CB,Romanian,right,186.1,76.3,312,17
1471,Erling Lloris,16,W,Swiss,right,181.8,76.3,363,20
1472,Zuber Johnson,16,CB,Austrian,right,193.7,83.0,193,11
1473,Roberto Mane,18,AM,Italian,right,184.2,75.6,15,1
1474,Joao Lopez,24,CM,English,right,188.5,77.3,254,14
1475,Andres Fabinho,25,W,Uruguayan,left,177.1,76.3,142,8
1476,Cesc Kramaric,32,W,Argentine,left,185.8,78.1,175,10
1477,Willian Sane,30,W,Austrian,right,186.4,74.2,157,9
1478,Joao Baker,33,AM,Polish,left,176.3,72.7,137,8
1479,Florian Benzema,38,GK,Nigerian,left,188.9,80.0,73,4
1480,Dusan Saka,22,AM,Croatian,left,182.5,79.7,214,12
1481,Shaqiri Williams,31,ST,Moroccan,left,185.9,82.0,223,13
1482,Andres Young,34,CM,Belgian,left,180.4,75.2,269,15
1483,Niklas Gomez,16,AM,Dutch,right,169.3,71.5,284,16
1484,Marcelo Asensio,25,CM,Senegalese,left,175.6,74.0,349,19
1485,Jan Harris,38,AM,Korean,right,173.9,76.9,22,2
1486,Kalidou Rodriguez,17,AM,Uruguayan,right,178.5,74.5,316,17
1487,Timo Kimmich,18,CM,Korean,left,182.8,81.3,39,2
1488,Ladislav Werner,36,ST,Greek,right,180.7,80.3,65,4
1489,John Johnson,19,CB,Romanian,right,179.2,73.9,357,19
1490,Adam Ramos,24,FB,Uruguayan,right,186.3,79.8,312,17
1491,Remo Martinelli,21,CM,Portuguese,right,183.4,76.7,368,20
1492,Achraf Martinelli,38,AM,Senegalese,right,190.7,80.5,2,1
1493,Theo Sancho,24,FB,Argentine,left,182.5,83.9,218,12
1494,Niklas Dupont,24,W,Austrian,right,183.2,77.9,349,19
1495,Federico Adams,22,CB,Argentine,left,178.9,77.3,327,18
1496,Ilkay Santos,34,CM,Austrian,right,188.4,79.6,193,11
1497,John Kane,28,AM,Portuguese,left,180.3,79.6,339,18
1498,Joshua Foden,28,W,Senegalese,right,190.8,80.8,358,19
1499,Presnel Green,16,ST,Brazilian,right,186.7,77.8,166,10
1500,Vinicius Salah,25,ST,Argentine,right,178.2,79.3,286,16
1501,Kai Adams,17,FB,Belgian,both,179.4,77.9,135,8
1502,Milan Johnson,22,AM,Ghanaian,right,185.3,84.1,156,9
1503,Gabriel Scott,31,ST,Italian,right,181.3,75.1,276,15
1504,Rodri Szoboszlai,33,FB,Greek,right,179.8,77.6,308,17
1505,Pedri Alba,20,FB,Colombian,right,180.4,81.1,140,8
1506,Aymeric Wilson,31,CB,French,right,188.3,79.1,356,19
1507,Jordi Ederson,34,FB,Turkish,right,162.5,69.1,138,8
1508,Hlozek Alba,31,ST,Italian,right,179.4,71.8,212,12
1509,Presnel Sancho,29,CB,German,left,176.5,80.4,360,19
1510,Fabio Rashford,28,ST,Dutch,right,179.4,76.5,242,14
1511,Milan Griezmann,32,W,Uruguayan,right,178.7,78.3,129,7
1512,Kai Mac Allister,20,W,Colombian,both,178.5,75.5,349,19
1513,Lionel Garcia,18,ST,Colombian,right,169.5,72.3,278,15
1514,Bukayo Carvajal,33,CB,Greek,left,186.0,84.7,192,11
1515,Gavi Griezmann,21,GK,English,right,180.4,76.7,367,20
1516,Kylian Pique,22,FB,Korean,right,183.9,74.0,334,18
1517,Kalidou Goretzka,33,ST,Korean,right,187.9,84.8,49,3
1518,Federico Alba,30,ST,Swedish,right,173.7,75.4,83,5
1519,Virgil Van Dijk,25,ST,Polish,right,176.2,74.9,217,12
1520,Diego Allen,28,CM,Senegalese,left,183.5,76.5,87,5
1521,Florian King,24,FB,Nigerian,right,184.0,76.1,114,6
1522,Jamal Sane,25,GK,Norwegian,right,182.8,80.6,208,12
1523,Kai Gnabry,34,CM,Swiss,right,188.9,79.5,39,2
1524,Joshua Diaz,23,ST,Polish,right,190.9,83.6,364,20
1525,Mateo Alexander-Arnold,26,FB,Uruguayan,right,178.1,73.1,239,13
1526,Luis Lloris,27,CM,Croatian,left,175.5,75.3,274,15
1527,Stefan Son,23,W,Ghanaian,right,183.2,78.8,266,15
1528,James Dias,24,CM,Turkish,left,180.8,74.0,306,16
1529,Kingsley Alba,25,AM,Argentine,right,179.7,78.2,229,13
1530,Timo Lewis,24,CM,Colombian,right,178.2,77.1,76,4
1531,Breel Adams,38,FB,Moroccan,right,177.5,76.8,293,16
1532,Leon Mane,36,W,French,right,172.9,74.0,219,12
1533,Bukayo Gomez,37,CM,English,right,176.9,78.9,79,5
1534,John Mac Allister,32,GK,Argentine,left,180.3,78.3,368,20
1535,Nikola Ederson,19,ST,Austrian,right,170.7,71.5,152,9
1536,Lingr Lopez,28,FB,Colombian,right,176.6,73.5,366,20
1537,Mason Rodriguez,26,ST,Croatian,right,187.0,77.2,171,10
1538,Lautaro Jackson,23,CB,Romanian,right,182.9,77.5,213,12
1539,Marcelo Silva,29,ST,Belgian,right,176.7,80.7,329,18
1540,Ricardo Davies,22,W,Uruguayan,both,186.8,78.3,92,5
1541,Raphael Alba,36,CM,Serbian,right,177.3,74.9,162,9
1542,Cristiano Kroos,38,FB,Austrian,left,175.0,77.1,222,13
1543,Federico Pavard,31,W,English,right,187.4,80.0,347,19
1544,Marco Young,37,ST,Serbian,right,190.8,83.8,178,10
1545,Cesc Upamecano,37,AM,Japanese,right,182.4,79.2,258,14
1546,Mateo Mbappe,38,FB,Belgian,right,185.7,81.2,205,12
1547,Ferran Varane,17,CB,Spanish,right,177.6,74.5,352,19
1548,Haris Gundogan,30,FB,Portuguese,right,168.8,72.4,326,18
1549,Aymeric Dupont,38,CB,Portuguese,left,182.2,79.7,239,13
1550,David Upamecano,36,ST,Dutch,left,186.8,77.8,310,17
1551,Aymeric Lopez,22,CM,Brazilian,right,183.5,83.9,314,17
1552,Gavi Kroos,18,CM,Greek,right,186.2,79.8,378,20
1553,Mohamed Muller,22,CB,Polish,right,184.1,82.2,338,18
1554,Diego Varane,17,AM,Croatian,left,180.9,76.6,302,16
1555,Theo Perisic,35,GK,Swiss,right,180.7,76.0,142,8
1556,Haris Perisic,38,CM,Austrian,right,181.4,80.4,354,19
1557,Leroy Neuer,26,CM,German,right,177.2,76.4,300,16
1558,Sergio Sane,35,ST,Argentine,right,177.6,76.8,367,20
1559,Jordi Kramaric,26,FB,Turkish,right,194.0,82.5,288,16
1560,Ansu Nunez,37,AM,German,left,174.6,77.4,329,18
1561,Can Thomas,37,FB,Swedish,right,181.4,77.2,244,14
1562,Presnel Wilson,23,AM,Swedish,left,183.9,74.0,256,14
1563,Aymeric Salah,27,AM,Moroccan,left,175.9,75.4,16,1
1564,Presnel Silva,18,AM,Portuguese,right,188.7,78.7,34,2
1565,Willian Stones,34,W,Romanian,right,179.3,75.0,377,20
1566,James Walker,24,AM,Croatian,right,183.2,80.3,378,20
1567,Raphael Rudiger,20,W,Korean,right,189.2,80.0,49,3
1568,Thomas Anderson,17,ST,Dutch,left,180.6,76.3,360,19
1569,Theo Rossi,30,ST,Serbian,both,179.3,72.6,63,4
1570,Ansu Baker,18,ST,English,right,181.2,76.7,340,18
1571,Florian Adams,37,AM,French,right,181.0,80.7,362,19
1572,Ricardo Szoboszlai,28,W,Swedish,left,181.1,81.6,20,1
1573,Ricardo Kroos,31,GK,Swedish,right,187.6,77.2,360,19
1574,Ciro Upamecano,23,FB,Belgian,right,191.0,78.4,323,17
1575,Kingsley Martinez,16,CM,Colombian,right,189.0,87.3,279,15
1576,Joao Alba,24,CB,Danish,right,179.8,78.5,239,13
1577,Diego Havertz,31,W,Austrian,both,187.9,83.9,14,1
1578,Mohamed Martinelli,35,W,Swiss,right,176.3,76.9,298,16
1579,Vinicius Sterling,17,ST,Romanian,right,181.8,80.7,126,7
1580,Bukayo Williams,24,FB,German,right,174.4,77.0,354,19
1581,Theo Robertson,16,FB,Polish,left,193.3,81.4,317,17
1582,Breel Young,23,ST,Moroccan,right,177.4,77.4,327,18
1583,Vinicius Silva,34,CB,Colombian,right,189.2,80.1,88,5
1584,Paulo White,31,CB,Romanian,right,188.9,80.2,362,19
1585,Lingr Moore,24,CB,Serbian,right,179.6,80.6,368,20
1586,Hlozek Brozovic,16,CB,Belgian,right,184.1,76.0,160,9
1587,Presnel Robertson,29,ST,Greek,left,186.0,80.8,103,6
1588,Roberto Kante,30,W,Ghanaian,right,192.5,79.2,40,2
1589,Robert Werner,25,CB,Dutch,right,186.7,81.9,376,20
1590,Sadio Thompson,16,W,Portuguese,left,170.4,77.5,210,12
1591,Rafael Modric,31,CM,Uruguayan,both,176.7,76.8,38,2
1592,Rodri Garcia,27,ST,Swiss,right,178.3,85.2,275,15
1593,Phil Rashford,27,CM,Polish,right,188.9,81.6,320,17
1594,Cristiano Dias,21,W,Romanian,left,187.6,83.3,375,20
1595,Jordi Fabinho,26,ST,Nigerian,right,182.7,85.5,126,7
1596,Serge Jackson,16,GK,Argentine,left,174.5,75.4,361,19
1597,Kingsley Sterling,38,CM,Dutch,right,186.8,84.8,102,6
1598,Cristiano Martinelli,17,GK,Croatian,left,184.5,74.5,348,19
1599,Paulo Busquets,38,FB,Spanish,left,186.4,86.8,336,18
1600,Adam Benzema,34,AM,Brazilian,both,187.4,82.7,63,4
1601,Diego Son,18,AM,Japanese,right,184.7,80.5,198,11
1602,Ansu Valverde,34,ST,Spanish,right,181.8,75.9,229,13
1603,Shaqiri Brown,28,GK,Swiss,right,196.2,78.9,349,19
1604,Luis Griezmann,20,CB,Japanese,left,177.9,74.4,336,18
1605,Santi Alba,24,CM,French,right,186.1,80.1,332,18
1606,Ondrej Valverde,23,ST,Korean,right,176.0,81.5,230,13
1607,Jamal Kimmich,16,ST,Argentine,right,180.7,78.0,140,8
1608,Theo Bajcetic,38,ST,Swiss,both,178.3,75.4,299,16
1609,Antoine Alba,31,CM,Austrian,right,185.9,77.6,274,15
1610,Adam White,33,W,Ghanaian,right,183.9,78.2,133,8
1611,Leroy Wan-Bissaka,38,W,Ghanaian,right,178.6,76.0,278,15
1612,Remo Sancho,23,AM,Moroccan,right,174.3,77.8,205,12
1613,Gabriel Kroos,18,ST,Moroccan,right,169.2,67.0,322,17
1614,Adam Werner,36,ST,Brazilian,left,187.2,79.1,219,12
1615,Harry Allen,31,FB,Danish,right,182.2,76.6,346,19
1616,Thibaut Adams,35,ST,Senegalese,right,177.2,75.4,171,10
1617,Lingr Pogba,16,W,Belgian,right,186.9,82.4,214,12
1618,Achraf De Bruyne,28,CB,Swiss,right,194.3,86.0,240,13
1619,Cesc Sancho,26,GK,Serbian,right,176.7,72.6,374,20
1620,Theo Bellingham,28,CM,Swedish,left,182.8,79.5,264,15
1621,Aymeric Sancho,27,W,Ghanaian,right,179.7,82.9,364,20
1622,Gavi Busquets,25,W,Romanian,right,181.7,84.0,207,12
1623,Bernardo Walker,24,ST,Swiss,right,183.4,76.5,114,6
1624,Ansu White,18,CB,Turkish,right,197.3,80.6,341,18
1625,Neymar Johnson,38,ST,Croatian,right,169.2,71.0,339,18
1626,Kylian Wan-Bissaka,27,CB,Japanese,right,191.8,81.4,221,13
1627,Andres Smith,37,W,Dutch,left,178.7,74.2,298,16
1628,Breel Wan-Bissaka,32,W,Brazilian,both,181.6,82.0,215,12
1629,Marquinhos Gnabry,16,FB,Polish,right,180.8,78.4,339,18
1630,Alisson Gundogan,21,W,French,both,181.9,78.4,313,17
1631,Aymeric Pavard,27,FB,Colombian,right,189.4,85.1,363,20
1632,Mason Rossi,20,CB,Senegalese,left,190.2,83.5,309,17
1633,Ederson Hall,27,W,Argentine,right,176.0,71.0,41,3
1634,Marquinhos Kramaric,27,ST,German,right,180.9,80.7,222,13
1635,Robert Garcia,32,CM,Belgian,right,183.2,79.3,343,18
1636,Cristiano Jones,27,ST,Argentine,right,183.0,77.4,366,20
1637,Shaqiri Carvajal,38,CM,Belgian,left,178.6,75.5,269,15
1638,Sergio Henderson,37,CB,Polish,right,187.0,81.1,144,8
1639,Breel Carvajal,31,W,Danish,right,174.6,74.6,189,11
1640,Paulo Salah,19,CB,Japanese,left,186.5,79.0,337,18
1641,Adam Williams,18,FB,Japanese,both,188.6,80.8,169,10
1642,Emre Valverde,16,CM,Spanish,left,179.8,78.9,309,17
1643,Presnel Young,20,ST,Portuguese,both,179.5,79.9,269,15
1644,Stefan Ederson,24,W,Swedish,right,177.2,78.5,175,10
1645,Xavi Jackson,31,CM,Swiss,right,182.6,79.0,319,17
1646,Achraf Young,22,FB,Korean,right,180.1,70.4,176,10
1647,Bruno Kante,16,FB,Italian,left,175.7,73.8,94,5
1648,David Ederson,33,AM,Serbian,right,190.6,84.4,374,20
1649,Bernardo Walker,19,CM,Norwegian,right,178.6,75.3,35,2
1650,Lautaro Smith,34,GK,Korean,right,194.2,83.8,361,19
1651,Vinicius Griezmann,23,ST,Serbian,right,188.6,79.4,288,16
1652,Kalidou Rodriguez,36,CM,French,right,183.5,81.8,263,15
1653,Ivan Kroos,38,W,Serbian,right,175.4,79.1,264,15
1654,Bruno Salah,30,W,Belgian,right,187.2,78.2,361,19
1655,Robert Brown,21,CM,Japanese,both,182.5,76.1,351,19
1656,Lautaro Gnabry,34,AM,Czech,left,184.7,81.5,194,11
1657,Zuber Clarke,20,AM,Swedish,left,176.6,79.3,365,20
1658,Cristiano Diaz,26,FB,Italian,right,180.2,78.8,279,15
1659,Dani Casemiro,32,GK,Swiss,right,182.9,77.5,376,20
1660,Mohamed Garcia,37,FB,Uruguayan,right,180.4,80.0,361,19
1661,Trent Muller,32,CM,Uruguayan,right,177.4,73.5,360,19
1662,Ondrej Martin,19,AM,Polish,left,175.8,77.6,345,19
1663,Aymeric Saka,22,CM,Argentine,right,180.6,77.3,127,7
1664,Bukayo Kimmich,20,FB,Ghanaian,right,183.6,86.6,312,17
1665,Juan Walker,22,AM,Uruguayan,right,182.1,73.6,86,5
1666,Sadio Santos,19,AM,Romanian,left,181.1,74.9,104,6
1667,Niklas Rossi,30,W,Spanish,left,176.9,76.5,163,10
1668,Carlos Gomez,24,AM,Belgian,left,178.8,80.2,240,13
1669,Mateo Johnson,38,CB,Brazilian,right,182.8,76.2,227,13
1670,Leon Henderson,33,CB,Brazilian,right,190.4,77.7,337,18
1671,Manuel Thomas,27,W,Japanese,right,186.7,85.0,126,7
1672,Shaqiri Thomas,22,CB,Korean,right,190.3,76.7,4,1
1673,Dani Rudiger,19,ST,Belgian,right,190.0,83.8,283,16
1674,Joao Gakpo,24,CM,Korean,right,176.5,79.1,215,12
1675,Pedri Havertz,37,ST,Dutch,right,184.4,75.9,230,13
1676,Xavi Perisic,19,W,Moroccan,left,176.3,77.7,311,17
1677,Ricardo Garcia,31,CB,Uruguayan,right,182.6,79.1,380,20
1678,Haris Young,17,GK,English,right,185.0,83.0,337,18
1679,Timo Goretzka,20,FB,Argentine,left,183.7,81.9,164,10
1680,Granit Smith,18,W,Norwegian,right,183.1,75.7,44,3
1681,Breel Sancho,22,W,Portuguese,right,186.2,75.2,352,19
1682,Bruno Rudiger,20,W,German,right,177.4,77.7,101,6
1683,Milan Sancho,23,CM,Dutch,left,175.1,76.3,335,18
1684,Sadio Pique,29,AM,Spanish,right,176.2,78.0,192,11
1685,Ruben Odegaard,35,CM,French,left,179.1,82.3,201,11
1686,Marcelo Johnson,37,CM,Nigerian,right,189.3,83.8,363,20
1687,Leon Foden,28,CM,Brazilian,right,181.8,78.4,362,19
1688,Gavi Scott,36,CB,Swiss,right,184.2,73.3,374,20
1689,Can Adams,36,ST,Swiss,right,182.0,78.8,176,10
1690,Adam Wilson,25,GK,Romanian,left,185.6,79.6,58,3
1691,Ruben Nunez,37,ST,Japanese,left,183.3,77.1,152,9
1692,Marcelo De Bruyne,29,CM,Italian,right,175.1,74.0,233,13
1693,Xavi Clarke,33,ST,Serbian,right,176.6,79.4,76,4
1694,Kingsley Son,18,GK,Spanish,right,184.4,79.2,149,8
1695,Patrik Clarke,18,FB,German,right,178.7,81.6,80,5
1696,Marquinhos Allen,37,FB,Polish,right,174.3,69.3,93,5
1697,Mohamed Salah,21,AM,Greek,right,179.2,75.3,215,12
1698,Thibaut Henderson,37,GK,Ghanaian,right,179.5,76.7,159,9
1699,Aymeric Gnabry,22,W,Argentine,right,187.3,80.7,313,17
1700,Rafael Pique,16,CB,Argentine,left,171.1,72.2,197,11
1701,Leroy Taylor,35,GK,French,right,189.7,82.6,287,16
1702,Jordi Pavard,19,CM,Serbian,right,184.6,74.2,57,3
1703,Timo Camavinga,20,CM,German,right,175.5,71.7,101,6
1704,Aymeric Fernandez,18,W,Polish,right,186.0,82.0,144,8
1705,Aymeric Stones,33,ST,Uruguayan,left,178.4,75.8,270,15
1706,Adam Martinez,35,ST,Brazilian,right,179.7,78.0,273,15
1707,James Moore,33,CB,Ghanaian,right,183.6,77.3,255,14
1708,Phil Son,20,CB,Brazilian,right,184.2,77.2,89,5
1709,Fabio Wilson,31,ST,Dutch,both,181.7,74.1,280,15
1710,Jordi Ramos,35,CM,Italian,right,182.5,82.3,261,14
1711,Marco Kante,16,GK,Japanese,left,182.1,76.8,376,20
1712,Antoine Henderson,18,FB,Norwegian,right,182.1,83.1,349,19
1713,Lautaro Lopez,23,GK,Belgian,right,188.8,75.4,357,19
1714,Manuel Brozovic,35,FB,German,left,182.0,76.3,354,19
1715,Raphael Stones,26,ST,Austrian,right,184.6,78.5,362,19
1716,Nikola Goretzka,16,W,Turkish,both,175.3,73.6,306,16
1717,Mateo Upamecano,24,W,French,right,181.1,80.1,155,9
1718,Aymeric Pavard,27,ST,Korean,right,180.2,77.4,187,11
1719,Robert Jackson,22,CB,English,right,185.6,83.1,135,8
1720,Antoine Gundogan,24,CB,Czech,right,184.5,82.3,30,2
1721,Presnel Wan-Bissaka,26,CB,Uruguayan,right,191.0,82.9,209,12
1722,John Martinez,26,ST,German,right,190.8,79.9,270,15
1723,Ansu Kroos,31,AM,Colombian,both,185.2,82.0,211,12
1724,Kalidou Bellingham,25,ST,Belgian,right,185.9,85.2,362,19
1725,Emre Thompson,16,W,Brazilian,left,187.3,75.5,236,13
1726,Gabriel Thompson,32,FB,Spanish,right,172.5,77.1,224,13
1727,Rodri Brozovic,35,W,Moroccan,left,187.6,80.5,298,16
1728,Thomas Martinez,28,CB,Korean,right,184.3,73.9,295,16
1729,Harry Bajcetic,18,ST,Serbian,right,185.3,77.2,213,12
1730,Lingr Busquets,16,W,Belgian,right,182.7,80.8,350,19
1731,Neymar Havertz,38,ST,Polish,right,181.6,79.4,275,15
1732,Willian Harris,25,W,French,left,185.3,80.5,233,13
1733,Juan Asensio,23,AM,Ghanaian,right,176.7,78.4,332,18
1734,Jordi Hernandez,35,CM,Polish,right,188.7,83.0,287,16
1735,Mateo Kovacic,34,CM,Croatian,right,181.7,78.6,209,12
1736,Neymar White,30,W,Swedish,right,186.4,78.9,230,13
1737,Ruben Sancho,16,ST,Turkish,left,183.9,80.4,296,16
1738,Xavi Alba,31,FB,French,left,185.2,73.0,258,14
1739,Sadio Santos,30,CB,Nigerian,left,177.5,75.9,129,7
1740,Rafael Green,18,GK,French,left,185.2,83.1,349,19
1741,Trent Rudiger,36,ST,English,right,187.5,84.0,129,7
1742,Emre Upamecano,18,CB,German,right,184.8,82.3,367,20
1743,Ruben De Bruyne,19,ST,Italian,right,176.5,74.6,335,18
1744,Carlos Neuer,22,AM,Italian,left,177.5,78.2,132,7
1745,Robert Rudiger,23,FB,Austrian,left,181.6,80.2,353,19
1746,Marco Salah,25,W,Uruguayan,right,186.0,82.2,331,18
1747,Ricardo Mac Allister,32,AM,Danish,right,175.8,74.0,341,18
1748,Gabriel Varane,25,FB,Japanese,left,175.7,75.7,70,4
1749,Niklas Foden,38,CB,Turkish,right,183.9,77.5,137,8
1750,Sadio Walker,21,GK,Spanish,right,187.1,78.2,218,12
1751,Leroy Hall,16,GK,Danish,left,170.0,72.5,14,1
1752,Jude Carvajal,26,ST,French,right,181.7,74.9,172,10
1753,Marcelo Moore,19,CB,Senegalese,right,186.6,84.3,168,10
1754,Rodri Martinez,32,W,Japanese,right,182.8,79.3,315,17
1755,Robert Rossi,26,W,Ghanaian,right,184.2,80.8,329,18
1756,Dusan Adams,25,AM,English,right,178.5,80.2,104,6
1757,Gabriel Asensio,16,CB,Dutch,right,188.6,81.2,298,16
1758,Joshua Mitchell,22,ST,Serbian,both,187.3,79.2,375,20
1759,Borna Pique,17,CM,Japanese,right,181.6,80.3,145,8
1760,Santi Busquets,36,ST,Romanian,right,197.1,83.3,320,17
1761,Mason Firmino,23,CB,Serbian,right,185.0,77.5,203,12
1762,Kylian Davies,33,CM,Polish,right,182.0,79.1,163,10
1763,Antoine Rossi,36,CM,Moroccan,left,180.3,73.9,315,17
1764,Ferran Sane,35,FB,German,right,194.5,83.4,378,20
1765,Jude Valverde,19,W,French,left,183.8,77.9,319,17
1766,Vinicius Rossi,17,ST,Swiss,left,180.1,82.5,145,8
1767,Achraf Lloris,20,FB,Romanian,right,182.5,74.3,307,17
1768,Phil Silva,35,W,Dutch,right,173.7,74.0,207,12
1769,Presnel Brozovic,19,CB,Korean,right,192.2,81.9,349,19
1770,Cesc Bajcetic,34,W,Dutch,right,180.2,72.9,68,4
1771,Ricardo Neuer,17,GK,Senegalese,right,181.8,82.8,42,3
1772,Kylian Casemiro,25,CM,Turkish,right,191.1,78.9,236,13
1773,Trent Gomez,35,ST,Spanish,left,178.0,80.5,183,11
1774,Ivan De Bruyne,38,CB,Belgian,right,171.3,76.5,152,9
1775,Jan Robertson,16,W,English,right,177.1,71.0,172,10
1776,Ferran Laporte,21,AM,Dutch,left,180.8,78.4,151,9
1777,Carlos Mane,36,CM,Austrian,left,180.9,72.7,293,16
1778,Joshua Upamecano,37,ST,Croatian,right,175.3,74.2,159,9
1779,Kevin Bajcetic,33,CB,Japanese,right,185.7,81.4,291,16
1780,Kingsley Williams,34,AM,Dutch,right,183.1,74.6,305,16
1781,David Gomez,32,FB,Senegalese,right,183.8,79.0,99,6
1782,Niklas Scott,32,ST,Belgian,right,183.0,79.4,100,6
1783,Virgil Gnabry,33,CB,Moroccan,right,192.7,80.8,328,18
1784,Lingr Lopez,36,CM,Italian,right,187.4,76.5,105,6
1785,Rafael Fernandez,34,GK,Brazilian,right,182.2,77.0,113,6
1786,Fernando Rudiger,17,FB,Belgian,right,176.6,74.6,16,1
1787,Theo Lopez,23,CM,Colombian,left,166.6,69.8,346,19
1788,Ederson Young,25,W,Korean,right,192.6,89.6,154,9
1789,Bukayo Adams,38,AM,Danish,left,177.1,73.3,197,11
1790,David Modric,21,ST,Turkish,right,181.1,77.7,36,2
1791,Rodri Szoboszlai,33,AM,Polish,right,184.5,78.7,242,14
1792,Jamal Diaz,30,AM,Uruguayan,right,176.2,77.2,310,17
1793,Bernardo Anderson,16,W,English,right,187.7,84.0,43,3
1794,Carlos Varane,38,W,Swedish,left,180.7,79.4,332,18
1795,Antoine Allen,38,W,Korean,left,185.5,77.5,257,14
1796,Xavi Gomez,38,CB,Swiss,both,187.3,82.3,361,19
1797,Ondrej Lewis,27,FB,Moroccan,right,181.2,80.1,292,16
1798,Bukayo Kramaric,31,CB,Spanish,left,177.2,70.2,213,12
1799,Andres Griezmann,31,W,Swedish,right,180.7,76.0,333,18
1800,Marco Thomas,17,W,Uruguayan,right,175.3,70.2,56,3
1801,Stefan Kane,28,ST,Colombian,both,173.9,77.9,108,6
1802,Paulo Fabinho,36,AM,Czech,right,178.8,79.1,79,5
1803,Paulo Martinez,20,ST,Greek,right,179.6,79.1,16,1
1804,Marco Lopez,27,W,Argentine,right,186.7,80.5,322,17
1805,Thomas Moore,24,AM,English,right,179.0,78.4,359,19
1806,Lingr De Bruyne,38,ST,Japanese,right,171.5,75.1,1,1
1807,Willian Mac Allister,20,CM,Swedish,right,177.5,79.9,219,12
1808,Ruben Henderson,28,FB,Austrian,left,184.7,78.5,232,13
1809,Mason Casemiro,20,ST,Austrian,right,182.4,77.2,125,7
1810,Lionel Rossi,37,W,Japanese,right,177.6,74.8,190,11
1811,Theo Sane,27,W,Swedish,left,180.5,81.3,277,15
1812,Robert Green,36,W,Argentine,right,181.9,79.0,317,17
1813,Leroy Silva,22,ST,Swedish,right,182.3,82.8,207,12
1814,Gavi Clarke,29,CM,Polish,left,178.4,75.3,123,7
1815,Kai Griezmann,30,AM,Croatian,right,181.4,79.6,168,10
1816,Ricardo Martinelli,26,W,Korean,right,187.5,81.8,288,16
1817,Federico Young,16,GK,Swedish,left,182.2,78.7,238,13
1818,Gavi Asensio,38,ST,Norwegian,right,183.3,81.1,358,19
1819,Lionel Ramos,19,ST,English,left,178.9,73.0,345,19
1820,Ruben Pogba,16,CM,Norwegian,right,186.7,79.6,125,7
1821,Gavi Davies,21,CM,Senegalese,left,180.9,77.1,287,16
1822,Jan Baker,27,FB,Belgian,right,177.4,76.5,321,17
1823,Carlos Anderson,28,AM,Ghanaian,right,184.4,75.9,222,13
1824,Adam Mbappe,36,CB,English,right,172.5,65.3,358,19
1825,Xavi Ramos,38,CM,French,right,184.7,79.0,102,6
1826,Bruno Silva,27,CB,Ghanaian,right,184.3,79.8,156,9
1827,Remo Rashford,38,GK,Argentine,right,187.9,80.6,111,6
1828,Kalidou Neuer,19,ST,Uruguayan,right,171.3,72.2,144,8
1829,Kylian Lopez,29,FB,Swedish,right,194.0,82.7,219,12
1830,Santi Laporte,36,W,Nigerian,right,178.2,76.7,139,8
1831,Paulo Robertson,16,GK,French,right,190.0,80.4,277,15
1832,Zuber Laporte,26,W,Serbian,left,189.5,77.9,375,20
1833,Bernardo Gundogan,25,ST,Croatian,left,182.2,79.1,20,1
1834,Xherdan Valverde,30,CB,Serbian,right,181.4,76.3,341,18
1835,Jordi Henderson,16,W,Moroccan,left,172.2,74.4,372,20
1836,Presnel Martinez,33,ST,Korean,right,181.3,80.4,291,16
1837,Theo Werner,26,CM,Uruguayan,left,186.7,79.9,380,20
1838,Jordi Van Dijk,37,CM,Swedish,right,176.2,72.6,351,19
1839,Remo Dias,27,W,Swedish,right,184.1,81.3,146,8
1840,Presnel Mbappe,23,CM,French,both,185.1,72.7,198,11
1841,Xavi Brown,29,ST,French,right,190.9,71.5,40,2
1842,Antoine Kante,21,CM,Colombian,right,174.3,77.6,189,11
1843,Milan Ramos,29,FB,Belgian,right,183.8,77.8,364,20
1844,Can Harris,33,ST,Japanese,left,178.6,76.5,4,1
1845,Thomas De Bruyne,28,AM,Swedish,left,183.3,76.6,174,10
1846,Federico Modric,32,W,Czech,right,172.3,75.9,361,19
1847,Patrik Perisic,20,FB,Belgian,both,185.9,78.5,327,18
1848,Dusan Salah,35,ST,Portuguese,left,179.2,77.6,350,19
1849,Phil Muller,38,AM,Czech,left,185.5,79.9,283,16
1850,Ruben Garcia,34,CM,Turkish,right,163.7,73.1,370,20
1851,Kalidou Foden,24,GK,Ghanaian,left,172.3,75.2,297,16
1852,Borna Mane,38,CM,Japanese,right,183.0,76.6,332,18
1853,Dusan Kroos,26,W,Uruguayan,right,185.8,85.0,17,1
1854,Pedri Camavinga,18,W,Greek,left,186.1,80.7,225,13
1855,Kingsley Ederson,24,FB,Spanish,right,180.3,78.3,34,2
1856,Breel Henderson,18,CB,Polish,right,175.1,71.8,158,9
1857,Kalidou Jones,18,GK,Uruguayan,right,186.8,81.9,152,9
1858,Bruno Hernandez,24,AM,German,right,181.4,76.7,23,2
1859,Willian Szoboszlai,21,FB,Ghanaian,right,180.9,77.3,325,18
1860,Emre Taylor,19,CB,Czech,right,186.5,81.1,271,15
1861,Ferran Martin,18,GK,Italian,right,185.2,83.1,251,14
1862,Kevin Smith,35,W,Nigerian,right,177.7,78.3,177,10
1863,Lautaro Pogba,25,W,Swiss,right,187.8,77.2,10,1
1864,Bukayo White,29,FB,Uruguayan,right,188.4,84.0,358,19
1865,Hlozek Ederson,24,ST,Turkish,right,174.4,77.0,30,2
1866,Remo Kramaric,26,FB,Romanian,right,171.8,73.4,199,11
1867,Kylian White,21,W,French,right,178.9,72.6,318,17
1868,Gabriel Benzema,35,CM,Swedish,right,189.5,86.0,323,17
1869,Mateo Jackson,25,W,Senegalese,left,179.9,77.3,276,15
1870,Santi White,29,CM,Argentine,right,169.3,75.0,150,8
1871,Gabriel Dupont,18,CM,Dutch,right,177.1,75.2,308,17
1872,Bukayo Valverde,32,W,Senegalese,left,182.7,84.3,133,8
1873,Zuber Bellingham,30,FB,Turkish,right,183.6,81.4,145,8
1874,Rafael Moore,30,ST,Italian,right,185.4,78.9,321,17
1875,Theo Kimmich,23,CB,Brazilian,left,186.4,77.7,168,10
1876,Stefan Lopez,23,FB,Dutch,left,184.5,81.4,88,5
1877,John Wilson,23,ST,Colombian,right,182.0,73.2,182,11
1878,Stefan Wilson,17,W,Dutch,left,185.3,78.3,181,11
1879,Can Henderson,21,CM,Norwegian,right,188.1,82.1,282,15
1880,Carlos Wilson,38,ST,Nigerian,right,181.5,83.7,252,14
1881,Cristiano Jones,32,FB,Japanese,left,180.6,81.3,347,19
1882,Alisson Mbappe,18,CM,Turkish,right,179.8,78.8,35,2
1883,Jordi Brown,33,CB,Norwegian,right,197.3,86.1,82,5
1884,Federico Goretzka,28,ST,Ghanaian,left,182.2,77.4,339,18
1885,Alisson Firmino,34,CB,Swiss,right,185.4,80.8,366,20
1886,Juan Green,23,ST,Austrian,left,167.0,74.3,194,11
1887,Nikola Szoboszlai,22,FB,Ghanaian,right,183.1,79.0,325,18
1888,Timo Anderson,31,W,English,both,166.3,73.8,241,14
1889,Lingr Smith,32,CB,Moroccan,right,180.9,78.8,90,5
1890,Thomas Salah,30,CB,Korean,right,175.6,76.6,200,11
1891,Paulo Saka,34,ST,Belgian,right,173.6,72.2,319,17
1892,Ederson Varane,30,CM,Polish,left,173.1,77.9,152,9
1893,Fernando Martinelli,26,CM,Italian,right,183.9,77.9,15,1
1894,Serge White,19,ST,Ghanaian,left,176.7,69.5,318,17
1895,Ansu Martinez,20,AM,Serbian,right,191.8,83.4,291,16
1896,Joshua Szoboszlai,25,GK,Italian,right,189.7,82.8,314,17
1897,Luka Taylor,18,FB,Senegalese,right,177.2,77.4,247,14
1898,Pedri Firmino,26,FB,Dutch,right,180.5,81.4,71,4
1899,Kylian Odegaard,35,CM,Spanish,right,175.3,74.9,146,8
1900,Joshua Fernandez,28,ST,Norwegian,left,185.6,82.1,26,2
1901,Ruben Foden,25,W,Moroccan,right,181.3,75.6,135,8
1902,James Werner,26,GK,Belgian,left,181.5,79.8,20,1
1903,Ricardo De Bruyne,23,W,French,right,187.9,81.1,210,12
1904,Lautaro Green,27,GK,Japanese,right,181.5,74.9,164,10
1905,Mohamed Casemiro,36,ST,Moroccan,right,178.9,72.0,358,19
1906,Serge Odegaard,36,ST,Norwegian,right,182.5,75.2,53,3
1907,Presnel Silva,22,CB,Ghanaian,left,186.1,82.3,148,8
1908,Vinicius Green,27,W,Nigerian,right,186.6,77.4,356,19
1909,David Nunez,35,FB,Belgian,both,178.2,81.1,323,17
1910,Phil Thomas,32,CM,Turkish,both,181.1,77.4,169,10
1911,Sadio Thomas,32,ST,Colombian,right,184.5,76.9,367,20
1912,Marco Rossi,25,ST,Swedish,right,189.8,79.6,348,19
1913,Antoine Jackson,16,CM,Romanian,left,177.9,77.8,231,13
1914,Adam Foden,30,CB,Swiss,left,188.9,75.8,371,20
1915,Timo Werner,27,FB,Turkish,right,180.6,76.3,353,19
1916,Bruno Bajcetic,36,ST,Polish,both,179.5,78.3,135,8
1917,Roberto Santos,24,W,German,left,181.6,79.1,160,9
1918,Cristiano Wilson,23,ST,Spanish,both,190.7,90.2,318,17
1919,Mateo Mane,21,CB,Colombian,right,174.5,74.2,78,4
1920,Ladislav Kroos,25,GK,Argentine,right,170.4,69.4,33,2
1921,Timo Jones,16,AM,Italian,right,185.8,80.4,214,12
1922,Schick Gnabry,29,CM,Ghanaian,right,181.6,77.9,176,10
1923,Alisson Rodriguez,26,FB,Austrian,right,184.4,76.3,83,5
1924,Ilkay Wan-Bissaka,23,CM,Czech,right,179.0,76.0,310,17
1925,Ruben Camavinga,30,ST,English,right,175.4,75.9,273,15
1926,Nikola Garcia,24,W,Spanish,left,181.3,78.0,217,12
1927,Gavi Young,32,W,Italian,right,183.9,79.8,306,16
1928,Achraf Alexander-Arnold,30,AM,Spanish,right,177.0,81.0,242,14
1929,Carlos Ederson,18,W,English,left,177.7,79.8,106,6
1930,Ederson Rossi,27,GK,Turkish,right,177.1,69.0,213,12
1931,Sergio Santos,27,AM,English,right,172.4,69.7,371,20
1932,Federico Mane,30,CB,Moroccan,right,187.4,80.8,277,15
1933,Kevin Martinez,28,W,Belgian,right,178.8,75.7,206,12
1934,Fabio Brown,30,AM,Moroccan,right,191.0,88.7,340,18
1935,Gavi Walker,26,FB,Croatian,right,171.9,78.6,185,11
1936,Cristiano Bajcetic,29,ST,Senegalese,right,185.0,79.4,125,7
1937,Patrik Perisic,20,CM,French,right,186.8,86.5,324,17
1938,Jamal Martinez,37,FB,Norwegian,left,176.9,76.0,214,12
1939,Niklas Pogba,33,CB,Uruguayan,right,181.0,73.4,319,17
1940,Serge Rossi,22,GK,Portuguese,right,185.9,78.1,369,20
1941,Cesc Henderson,26,CB,Belgian,right,187.2,80.1,116,7
1942,Bukayo Camavinga,16,CB,Italian,right,193.5,86.6,102,6
1943,Federico King,30,CB,Spanish,right,177.9,75.8,258,14
1944,Nikola Kimmich,25,GK,Uruguayan,right,182.3,79.9,362,19
1945,Alisson Lewis,22,AM,Turkish,right,190.4,78.9,362,19
1946,Neymar Scott,22,AM,Serbian,right,174.7,72.7,359,19
1947,Carlos Neuer,30,CM,Greek,right,172.9,78.6,157,9
1948,Stefan Trossard,20,CB,English,left,186.1,80.0,185,11
1949,Lautaro Scott,22,GK,Argentine,right,178.4,79.4,296,16
1950,Kevin Robertson,33,FB,Dutch,both,182.9,76.6,216,12
1951,Antoine Mac Allister,20,ST,Portuguese,right,178.7,77.7,180,11
1952,Pedri Hall,19,CM,Italian,right,174.6,70.3,333,18
1953,Kalidou Upamecano,36,W,Croatian,left,175.4,76.0,189,11
1954,Kai Garcia,37,CB,Nigerian,right,194.1,81.5,99,6
1955,Sergio Rudiger,17,CM,Japanese,right,189.2,80.4,184,11
1956,Jamal Kovacic,28,AM,Japanese,left,180.2,73.7,147,8
1957,Virgil Werner,32,W,Polish,right,182.2,73.6,322,17
1958,Willian Moore,25,FB,Belgian,left,179.4,78.0,185,11
1959,Stefan Allen,21,ST,Austrian,left,187.3,77.3,89,5
1960,Stefan Bellingham,31,ST,Austrian,left,189.9,82.3,289,16
1961,Aymeric Benzema,28,CM,Norwegian,both,174.9,72.0,368,20
1962,Leon Pique,20,CB,Korean,left,179.7,75.4,348,19
1963,Granit Upamecano,31,ST,Swedish,right,184.2,76.1,334,18
1964,Marquinhos Anderson,24,AM,Romanian,right,174.7,77.4,99,6
1965,James Santos,35,CM,Argentine,right,182.2,78.2,59,4
1966,Ondrej Szoboszlai,26,CB,Norwegian,right,180.9,80.2,339,18
1967,Dusan White,36,CB,Croatian,right,191.4,84.0,119,7
1968,Andres Griezmann,33,AM,Dutch,right,179.1,74.1,319,17
1969,Mohamed Fabinho,34,ST,Romanian,right,181.7,83.0,348,19
1970,Serge Goretzka,32,ST,Norwegian,right,187.4,77.6,91,5
1971,Luka Rodriguez,37,CB,Italian,right,181.6,81.3,19,1
1972,Haris Johnson,30,GK,Portuguese,right,181.1,76.9,268,15
1973,Jan Allen,16,CB,Argentine,right,172.4,74.1,310,17
1974,Neymar Muller,21,ST,Turkish,right,192.4,83.0,253,14
1975,Carlos De Bruyne,26,CB,Croatian,left,189.8,81.8,270,15
1976,Fabio Saka,38,FB,Czech,right,181.1,80.6,228,13
1977,Fabio Camavinga,17,W,Croatian,right,176.7,74.2,366,20
1978,Harry White,23,GK,Czech,right,184.1,75.5,350,19
1979,Nikola Young,30,CB,Austrian,right,189.8,79.6,254,14
1980,Nikola Henderson,21,CM,Portuguese,left,174.2,76.8,369,20
1981,Presnel Hernandez,35,W,English,right,184.3,81.0,353,19
1982,Theo Trossard,36,CM,Swiss,right,192.4,79.6,343,18
1983,Cristiano Johnson,26,FB,Spanish,left,184.5,81.9,297,16
1984,Robert Stones,33,FB,Croatian,right,184.4,82.0,311,17
1985,Lautaro Henderson,21,W,Danish,left,177.2,79.6,364,20
1986,Kylian Firmino,16,CB,Spanish,left,183.4,77.5,374,20
1987,Ferran Mane,21,AM,Italian,right,175.4,77.0,237,13
1988,Theo Lopez,16,W,Austrian,right,184.1,83.1,74,4
1989,Jordi Mane,21,AM,Swedish,right,176.8,73.3,267,15
1990,Marcelo King,37,CB,Uruguayan,right,177.4,73.7,195,11
1991,Raphael Wan-Bissaka,27,CM,Danish,right,170.0,65.8,129,7
1992,Andres Rossi,29,ST,German,right,186.1,83.3,53,3
1993,Kylian Gomez,29,CM,Swiss,right,190.7,79.4,315,17
1994,Milan Taylor,26,W,Serbian,both,182.8,78.9,51,3
1995,Sergio Asensio,16,ST,Turkish,left,187.4,81.0,159,9
1996,Ederson Upamecano,27,GK,Norwegian,right,195.5,85.7,372,20
1997,Shaqiri Gnabry,18,CM,Spanish,left,189.1,80.4,341,18
1998,Haris Pogba,28,FB,Argentine,right,173.8,72.8,212,12
1999,Xherdan Neuer,33,AM,Argentine,right,185.1,86.9,335,18
2000,Kevin Kroos,20,CM,Brazilian,right,189.2,82.9,99,6
2001,Marcelo Valverde,24,AM,Serbian,right,187.9,83.2,344,18
2002,Antoine Lloris,35,FB,Uruguayan,both,188.1,82.2,326,18
2003,Gabriel Sancho,30,AM,Korean,right,185.2,79.0,221,13
2004,Zuber Mac Allister,18,W,Swiss,right,186.1,74.2,215,12
2005,Jan Nunez,29,ST,Belgian,right,184.3,74.3,349,19
2006,Joao Carvajal,27,W,Colombian,right,188.0,79.4,355,19
2007,Achraf Szoboszlai,36,AM,Serbian,left,181.2,79.6,362,19
2008,Bukayo Asensio,27,ST,Swedish,right,176.8,74.5,166,10
2009,Carlos Gakpo,19,AM,Swiss,right,180.8,77.8,49,3
2010,Thomas Casemiro,34,AM,Uruguayan,right,178.1,71.4,209,12
2011,Timo Williams,20,CB,Portuguese,right,187.8,82.9,273,15
2012,Hlozek Baker,26,FB,Italian,right,176.8,73.7,144,8
2013,Dusan Mane,27,CM,Danish,right,181.1,75.4,149,8
2014,Kevin Mac Allister,30,CM,Swedish,left,191.3,83.1,269,15
2015,Bernardo Anderson,33,AM,Dutch,left,187.8,79.3,367,20
2016,Ciro Young,19,GK,Polish,left,177.1,75.0,328,18
2017,Shaqiri Pogba,26,GK,Belgian,right,190.9,82.1,77,4
2018,Joao Valverde,16,W,Korean,right,180.4,75.2,53,3
2019,Gavi Adams,31,GK,Colombian,right,179.4,80.2,183,11
2020,Mason Mac Allister,35,CB,Austrian,right,191.6,88.7,346,19
2021,Kai Sancho,22,GK,German,right,178.4,76.0,185,11
2022,Lautaro King,21,FB,Moroccan,right,181.5,79.3,361,19
2023,Paulo Mane,33,ST,Dutch,left,179.5,74.0,26,2
2024,Carlos Ederson,29,FB,Italian,right,183.5,80.4,261,14
2025,Alisson Thomas,24,ST,Swedish,right,183.9,77.9,103,6
2026,Harry Mbappe,23,W,Brazilian,right,174.3,75.9,5,1
2027,Mason Son,26,GK,Spanish,right,195.9,80.0,361,19
2028,Paulo Carvajal,24,ST,Dutch,right,182.6,79.5,228,13
2029,Bernardo Kimmich,21,ST,Croatian,right,185.1,75.5,143,8
2030,Jamal Alba,20,W,Ghanaian,left,177.0,73.8,258,14
2031,Paulo Santos,31,FB,Romanian,right,191.2,82.4,355,19
2032,Leon Ramos,34,AM,Ghanaian,right,182.6,73.6,105,6
2033,Ivan Adams,30,FB,Belgian,right,176.4,75.2,327,18
2034,Carlos Alexander-Arnold,21,CM,Serbian,right,182.4,85.1,348,19
2035,Manuel Upamecano,29,CB,Italian,right,174.9,72.1,345,19
2036,Kalidou Van Dijk,24,W,Senegalese,right,191.0,84.2,281,15
2037,Erling Szoboszlai,26,CB,Croatian,right,194.3,81.0,205,12
2038,Cesc Havertz,30,W,Turkish,right,174.3,82.1,354,19
2039,Federico Muller,32,ST,Belgian,right,181.3,73.9,231,13
2040,Marcelo Thompson,36,ST,Senegalese,left,180.6,72.5,281,15
2041,Serge Diaz,37,AM,Uruguayan,both,178.5,75.1,376,20
2042,Ondrej Benzema,31,ST,Belgian,right,182.1,76.6,260,14
2043,Diego Fernandez,29,CB,Austrian,right,179.3,75.3,296,16
2044,Marco Thompson,30,CB,English,right,179.2,73.5,250,14
2045,Kalidou Fabinho,21,CM,Greek,both,185.9,81.5,349,19
2046,Rafael Asensio,35,CM,Uruguayan,right,173.2,77.0,259,14
2047,Luka Gomez,24,ST,Norwegian,right,182.8,83.4,189,11
2048,Xherdan Foden,38,CM,Swedish,right,178.3,73.4,333,18
2049,Mason Nunez,23,CM,Croatian,right,187.3,81.6,89,5
2050,Mohamed Pavard,33,AM,Ghanaian,right,183.5,80.3,279,15
2051,Adam Dupont,24,FB,Czech,left,174.1,79.4,377,20
2052,Dani Gundogan,19,W,Italian,right,189.6,81.4,357,19
2053,Ondrej Valverde,17,CM,Colombian,left,184.2,77.0,170,10
2054,Paulo Goretzka,32,CB,Turkish,right,189.6,83.8,64,4
2055,Milan Clarke,38,ST,Argentine,right,179.1,76.9,126,7
2056,Rafael Davies,29,CB,Swedish,right,186.5,81.3,213,12
2057,Kylian Mitchell,20,FB,Senegalese,right,185.5,78.3,116,7
2058,Mason Rudiger,21,CB,Swiss,right,184.1,82.5,335,18
2059,Sergio Rossi,16,W,German,right,167.8,70.6,304,16
2060,Can Son,16,ST,Dutch,left,183.7,82.5,276,15
2061,Leon Bellingham,23,AM,Austrian,right,169.1,74.1,377,20
2062,Fabio Mane,19,CB,Colombian,right,189.9,82.6,366,20
2063,Ilkay Mac Allister,29,FB,Ghanaian,left,182.8,75.8,43,3
2064,Federico Thompson,22,ST,Korean,right,173.4,75.8,147,8
2065,Antoine Garcia,38,CB,Moroccan,left,188.1,85.5,87,5
2066,Rodri Bellingham,26,W,Colombian,right,184.9,82.2,279,15
2067,Harry Lloris,23,CM,Moroccan,right,179.9,77.7,375,20
2068,Trent Wilson,38,GK,German,left,186.2,80.2,364,20
2069,Jamal Saka,37,CB,Moroccan,right,183.2,76.5,166,10
2070,Mason Rossi,20,W,Swedish,right,182.4,78.1,348,19
2071,Virgil Kimmich,33,AM,Swedish,right,179.8,76.0,35,2
2072,Andres White,32,FB,Polish,left,177.0,76.5,121,7
2073,Ladislav Alexander-Arnold,21,AM,Czech,right,178.3,70.2,310,17
2074,Jordi Smith,25,CM,French,right,183.0,76.2,158,9
2075,Harry Lopez,33,CM,Argentine,left,174.3,80.8,221,13
2076,Sergio Johnson,18,GK,English,left,194.4,80.8,99,6
2077,Andres Clarke,26,CM,Italian,right,179.2,75.7,146,8
2078,Shaqiri Laporte,34,ST,Polish,right,190.1,84.2,148,8
2079,Dani Kovacic,35,ST,French,left,189.1,79.1,365,20
2080,Joshua Sancho,38,GK,Japanese,left,183.4,81.1,349,19
2081,Can Ramos,38,AM,Romanian,left,177.3,82.0,184,11
2082,Joshua Kroos,19,ST,Swedish,right,172.5,68.6,286,16
2083,Achraf Gnabry,38,CM,Belgian,right,194.1,82.1,371,20
2084,Ivan Salah,37,ST,Swiss,left,190.3,84.7,280,15
2085,Ladislav Szoboszlai,31,ST,French,left,170.8,73.8,354,19
2086,Joao Allen,21,CM,Colombian,right,178.0,77.7,49,3
2087,Aymeric Thomas,31,AM,French,right,179.2,75.5,286,16
2088,Ladislav Pique,26,FB,Argentine,left,173.0,82.6,285,16
2089,Ederson Stones,17,W,Dutch,right,170.6,73.7,257,14
2090,Fabio Diaz,24,FB,Japanese,right,185.5,79.3,372,20
2091,Luis Santos,26,GK,Italian,left,190.8,74.7,170,10
2092,David Kante,19,FB,Spanish,right,192.0,82.1,253,14
2093,Jordi Salah,36,AM,Spanish,right,189.7,79.1,164,10
2094,Ladislav Brown,33,CM,Brazilian,right,185.0,77.0,356,19
2095,Marcelo Modric,31,W,Greek,right,186.0,78.6,152,9
2096,Vinicius Odegaard,17,ST,Swedish,right,183.0,84.1,376,20
2097,Marco Alexander-Arnold,32,CM,Spanish,right,182.2,80.5,340,18
2098,Harry Johnson,31,W,Norwegian,right,179.1,79.4,365,20
2099,Fernando Casemiro,33,CB,Japanese,right,190.3,81.2,276,15
2100,Milan Gakpo,29,GK,Brazilian,right,183.9,76.0,146,8
2101,Patrik Martinelli,29,AM,Brazilian,right,182.1,76.0,39,2
2102,Ilkay Kramaric,21,CB,Moroccan,left,186.5,77.1,179,11
2103,Lautaro Thomas,26,CM,Senegalese,right,174.7,73.0,251,14
2104,Jamal Brown,29,GK,Colombian,right,184.6,84.3,112,6
2105,Phil Jackson,19,ST,Polish,right,190.8,85.2,138,8
2106,Raphael Silva,27,FB,Croatian,right,178.4,74.9,331,18
2107,Fernando Nunez,22,ST,Moroccan,right,174.0,73.7,281,15
2108,Ansu Kante,28,ST,French,right,187.8,74.6,174,10
2109,Ricardo Martinelli,16,ST,French,right,188.2,81.4,334,18
2110,Leon Gundogan,26,AM,Senegalese,right,183.1,75.5,22,2
2111,Fernando Mitchell,27,ST,Nigerian,right,175.1,80.4,319,17
2112,Bukayo Trossard,27,CM,Romanian,left,184.6,80.8,229,13
2113,Trent Kante,37,W,Senegalese,right,183.3,77.3,345,19
2114,Zuber Nunez,21,FB,German,right,181.2,77.2,158,9
2115,Presnel Griezmann,27,CB,Greek,left,196.1,81.8,157,9
2116,Ladislav Silva,33,FB,Ghanaian,right,184.3,78.4,50,3
2117,Joao Rashford,32,CM,Brazilian,right,190.1,80.7,378,20
2118,Diego White,31,CB,German,right,184.1,79.0,171,10
2119,Remo Young,31,CM,French,right,189.8,81.5,84,5
2120,Alisson Griezmann,31,FB,Belgian,right,187.6,78.2,380,20
2121,Haris Gomez,29,FB,Turkish,left,183.0,79.4,365,20
2122,Kalidou Stones,38,W,Colombian,right,190.5,83.4,237,13
2123,Ilkay Dupont,38,FB,Argentine,right,178.9,75.6,16,1
2124,Serge Robertson,35,ST,Swedish,right,184.1,76.5,220,12
2125,Ansu Fernandez,37,CM,Greek,left,183.2,79.2,168,10
2126,Ederson Pavard,29,CM,German,right,191.0,80.9,120,7
2127,Ansu Brown,19,W,Moroccan,right,190.7,82.7,239,13
2128,Trent Stones,17,CB,Croatian,right,194.2,80.7,40,2
2129,Fernando Diaz,34,ST,Croatian,right,185.9,75.9,294,16
2130,Emre Muller,19,CB,Senegalese,right,187.9,82.4,368,20
2131,Borna Taylor,26,CB,Nigerian,right,198.1,87.2,134,8
2132,Jude Kante,33,W,Belgian,right,186.6,78.3,47,3
2133,John Allen,34,CB,German,right,190.1,88.6,134,8
2134,David Sancho,35,W,English,right,182.9,81.7,159,9
2135,Milan Sterling,25,CM,Danish,left,185.6,76.5,300,16
2136,Rodri Rodriguez,17,CM,Belgian,right,180.8,79.8,371,20
2137,Zuber Mitchell,29,FB,Ghanaian,right,181.4,75.1,279,15
2138,Manuel Smith,26,ST,Nigerian,left,182.7,77.2,163,10
2139,Raphael Jackson,23,CM,Swedish,left,179.3,77.4,186,11
2140,Cesc Jackson,32,CM,Turkish,right,183.4,82.2,8,1
2141,Sergio Camavinga,34,AM,Dutch,right,183.2,78.0,216,12
2142,Achraf Muller,16,CB,Croatian,both,188.1,78.4,379,20
2143,Jordi Kramaric,38,CM,Turkish,right,174.8,71.5,329,18
2144,Ondrej Martinez,25,CM,Turkish,right,173.4,79.3,144,8
2145,Borna Sane,18,CM,Spanish,left,189.9,86.1,369,20
2146,Can Alba,32,FB,Argentine,right,180.9,79.7,222,13
2147,Breel Anderson,38,ST,Greek,right,174.2,72.0,289,16
2148,Ruben Szoboszlai,24,FB,Japanese,right,171.2,76.8,310,17
2149,Fabio Camavinga,35,CB,Turkish,right,186.5,79.3,159,9
2150,Xavi Fabinho,38,FB,Swiss,right,181.0,79.3,193,11
2151,Andres Rodriguez,33,CB,Portuguese,right,189.7,82.5,164,10
2152,Fernando Kante,34,GK,Czech,right,174.3,70.6,137,8
2153,Cesc Perisic,24,W,Uruguayan,right,179.8,78.7,372,20
2154,Milan Garcia,26,W,Swedish,left,173.7,79.2,227,13
2155,Emre Lopez,36,CB,Argentine,right,191.2,84.6,156,9
2156,Theo Gnabry,30,ST,Argentine,left,179.9,73.9,144,8
2157,Xavi Adams,30,W,Belgian,both,177.8,72.1,18,1
2158,Bernardo Thompson,21,FB,Nigerian,left,178.7,76.1,371,20
2159,Pedri Martinelli,26,ST,Brazilian,right,175.9,77.3,376,20
2160,Breel Varane,25,ST,Belgian,right,185.2,76.2,374,20
2161,Timo Hall,17,ST,Belgian,left,180.1,75.4,367,20
2162,Diego Santos,22,W,Belgian,right,172.6,70.3,290,16
2163,Kai Upamecano,23,W,Dutch,right,176.3,79.9,231,13
2164,Stefan Pavard,20,FB,Senegalese,right,179.3,75.6,170,10
2165,Theo Kante,17,AM,Czech,right,183.4,75.0,353,19
2166,Zuber Anderson,38,ST,Belgian,right,180.2,74.4,346,19
2167,Mason Bellingham,30,CM,Nigerian,right,173.2,76.2,353,19
2168,Zuber Gundogan,25,CM,Senegalese,left,196.1,88.5,318,17
2169,Schick Gnabry,30,CM,Greek,left,182.8,78.3,287,16
2170,Raphael Casemiro,37,FB,Moroccan,right,170.9,71.9,154,9
2171,Mason Clarke,17,W,Senegalese,right,178.5,79.3,329,18
2172,Niklas Martinelli,27,GK,Swedish,both,188.9,87.0,44,3
2173,Mohamed Rodriguez,16,CM,Polish,right,173.3,75.1,354,19
2174,Lionel Kroos,27,AM,French,left,182.0,78.9,223,13
2175,Santi De Bruyne,34,ST,Swiss,right,181.6,74.0,10,1
2176,Cristiano Bellingham,25,CB,Austrian,left,183.0,81.5,380,20
2177,Can White,20,AM,Austrian,right,181.3,76.1,341,18
2178,Sadio Kovacic,18,CM,Brazilian,right,172.1,78.8,350,19
2179,Virgil Anderson,24,ST,Italian,right,180.4,79.4,26,2
2180,Roberto Taylor,31,FB,Korean,right,170.4,70.1,360,19
2181,Cesc Jackson,21,CM,Greek,right,182.0,77.9,368,20
2182,Roberto Muller,32,CB,French,right,187.1,78.9,137,8
2183,Sadio Bellingham,28,FB,Norwegian,right,183.4,77.6,194,11
2184,Robert Havertz,18,CM,Colombian,right,182.1,80.3,247,14
2185,Jamal Perisic,18,CB,Ghanaian,right,189.4,79.2,181,11
2186,Florian Modric,38,W,Swiss,right,180.3,77.7,10,1
2187,Kai Modric,18,CB,English,right,179.8,79.8,302,16
2188,Leon Muller,29,CB,Spanish,right,192.5,83.3,104,6
2189,Cesc Trossard,23,ST,English,right,177.9,77.4,351,19
2190,Ciro Gakpo,17,CB,Moroccan,right,197.5,87.7,330,18
2191,Lautaro Jackson,19,FB,Senegalese,right,181.4,79.0,269,15
2192,David Goretzka,27,FB,Spanish,right,189.0,85.3,101,6
2193,Luka Martinez,19,W,Norwegian,left,178.9,78.4,86,5
2194,Achraf Sterling,16,CB,Moroccan,right,194.4,84.6,146,8
2195,Luis Goretzka,36,FB,Czech,both,172.8,74.6,118,7
2196,Schick Dias,33,CB,Turkish,left,189.8,75.7,131,7
2197,Carlos Trossard,35,CM,Swiss,right,183.3,78.2,121,7
2198,Emre Upamecano,38,FB,Brazilian,right,174.5,76.9,55,3
2199,Mohamed Sancho,29,GK,Nigerian,right,181.1,76.0,322,17
2200,Theo Williams,30,AM,Portuguese,right,176.7,73.6,161,9
2201,Virgil Sancho,34,ST,Moroccan,right,190.1,77.4,305,16
2202,Andres Modric,18,ST,Nigerian,right,176.5,74.4,82,5
2203,Federico Rudiger,35,ST,Greek,right,186.8,80.2,306,16
2204,Borna Wan-Bissaka,24,CM,Moroccan,right,179.4,77.3,2,1
2205,Mohamed King,36,W,Swiss,right,183.5,74.6,210,12
2206,Robert Alba,29,FB,Serbian,right,179.9,76.0,29,2
2207,Kai Fabinho,19,CB,Belgian,right,192.3,80.8,285,16
2208,Presnel Mac Allister,27,FB,Argentine,right,186.6,84.4,349,19
2209,Dani Kimmich,22,FB,Serbian,right,183.2,79.6,142,8
2210,Federico Benzema,20,W,Portuguese,right,183.3,78.2,246,14
2211,Kevin Gomez,38,CB,Dutch,right,185.5,83.8,51,3
2212,Ederson Van Dijk,20,W,Polish,left,180.7,74.8,11,1
2213,Ilkay Garcia,21,ST,Norwegian,right,183.2,80.5,375,20
2214,Robert Williams,37,CM,Colombian,right,186.2,74.8,254,14
2215,Leroy Martinez,26,W,Swedish,right,170.6,76.1,360,19
2216,Bruno Lloris,25,CM,Colombian,right,178.4,80.8,358,19
2217,Harry Upamecano,27,W,Dutch,right,186.3,83.6,58,3
2218,Kalidou Anderson,19,CB,Danish,right,187.4,82.3,306,16
2219,Erling White,26,CB,Swedish,right,182.1,77.6,72,4
2220,Santi Lewis,38,ST,Swedish,right,179.7,69.8,259,14
2221,Nikola Taylor,33,AM,German,right,181.8,78.9,35,2
2222,Ciro Pique,35,W,Korean,left,187.6,83.1,103,6
2223,Achraf Lopez,38,CM,Uruguayan,left,184.3,78.7,278,15
2224,Santi Carvajal,30,ST,Swiss,right,177.1,73.8,351,19
2225,Antoine De Bruyne,18,AM,Italian,left,185.8,83.7,364,20
2226,Aymeric Odegaard,18,ST,Serbian,left,180.6,77.6,113,6
2227,Pedri Gakpo,31,W,Greek,right,188.0,80.9,171,10
2228,David Garcia,20,CB,Turkish,right,186.1,83.8,170,10
2229,Bukayo Kimmich,27,CM,Italian,left,185.4,82.6,168,10
2230,Marquinhos Pique,18,W,Serbian,right,170.9,71.0,242,14
2231,Luka Diaz,38,W,Croatian,right,173.3,72.9,110,6
2232,Thomas Casemiro,30,CB,Japanese,right,181.2,78.9,348,19
2233,Adam Nunez,30,ST,Swedish,right,181.5,74.5,343,18
2234,James Ramos,33,CB,Moroccan,right,179.2,77.1,362,19
2235,Xavi De Bruyne,29,CM,Swiss,left,179.9,74.7,49,3
2236,Vinicius Muller,34,W,Argentine,right,172.1,78.5,210,12
2237,Harry Gomez,33,CM,Turkish,right,192.5,81.9,232,13
2238,Xavi Sancho,29,ST,English,right,176.8,72.8,174,10
2239,Adam Williams,27,W,Danish,right,187.0,77.3,72,4
2240,Ondrej Mac Allister,34,W,Croatian,left,180.1,77.3,373,20
2241,Ansu Robertson,25,W,English,right,178.4,75.9,356,19
2242,Sergio Davies,38,ST,Ghanaian,left,179.4,80.2,376,20
2243,Ferran Rodriguez,36,ST,Romanian,right,196.1,81.7,311,17
2244,Pedri Mac Allister,30,FB,Croatian,both,180.3,78.6,196,11
2245,Hlozek Moore,26,AM,Turkish,right,177.9,72.4,359,19
2246,Marco Taylor,37,W,English,right,178.8,73.0,220,12
2247,David Harris,34,ST,Dutch,right,180.5,84.7,200,11
2248,Niklas Firmino,16,W,Danish,right,175.7,74.8,260,14
2249,Xherdan Clarke,21,CB,Dutch,right,178.7,72.7,269,15
2250,Luka Griezmann,31,CM,Ghanaian,right,168.5,76.3,369,20
2251,Timo Martinelli,35,CB,Ghanaian,right,187.5,79.2,7,1
2252,Neymar Perisic,26,CB,Belgian,right,185.6,80.1,323,17
2253,Ederson Perisic,37,CM,Swedish,right,187.4,80.5,367,20
2254,Ivan Camavinga,28,CB,English,left,186.7,87.1,50,3
2255,Andres Bellingham,31,CB,Serbian,left,187.5,86.1,72,4
2256,Raphael Havertz,35,ST,Italian,left,188.9,77.1,217,12
2257,Gabriel Pique,17,FB,German,right,184.3,81.9,283,16
2258,Diego Lopez,37,FB,Argentine,left,176.9,76.2,136,8
2259,Carlos Bajcetic,19,AM,English,right,169.3,74.6,87,5
2260,Andres Gomez,18,GK,Romanian,right,187.4,78.0,51,3
2261,Hlozek Pavard,29,GK,Czech,right,178.7,77.3,317,17
2262,Neymar Wan-Bissaka,35,ST,Dutch,left,182.7,79.1,38,2
2263,Leon Dupont,19,FB,Croatian,right,184.2,80.0,92,5
2264,Shaqiri White,23,ST,Korean,right,176.0,72.2,284,16
2265,Adam Lewis,29,W,Danish,right,184.2,81.7,372,20
2266,Marco Rudiger,17,AM,Ghanaian,right,180.9,76.5,221,13
2267,Ansu Ramos,31,CB,Polish,right,189.2,74.2,238,13
2268,Niklas Sancho,23,CM,Japanese,left,178.1,75.6,208,12
2269,Dani Modric,32,FB,Serbian,right,180.7,80.4,287,16
2270,Ricardo Smith,33,ST,Dutch,right,180.4,76.7,99,6
2271,Mason Silva,19,ST,Italian,left,177.5,74.0,20,1
2272,Ladislav Havertz,19,CB,Norwegian,right,194.8,81.6,269,15
2273,Roberto Szoboszlai,33,ST,Colombian,right,177.8,75.4,364,20
2274,Niklas Lloris,34,CM,Spanish,right,181.8,74.1,377,20
2275,Milan Casemiro,21,FB,Japanese,right,177.2,79.8,198,11
2276,Marcelo Thomas,19,CB,Brazilian,right,186.3,86.7,366,20
2277,Borna Wilson,36,W,German,left,185.4,82.2,243,14
2278,Raphael Thomas,20,FB,Croatian,right,187.3,78.6,45,3
2279,David Fernandez,16,ST,Spanish,right,182.7,81.0,191,11
2280,Kalidou Laporte,33,CM,Danish,right,176.1,74.8,29,2
2281,Diego Thomas,27,W,Moroccan,left,171.4,71.3,291,16
2282,Xherdan Moore,37,FB,Austrian,right,182.0,73.3,379,20
2283,Granit Carvajal,38,ST,Croatian,left,181.1,77.2,246,14
2284,Leon Goretzka,22,FB,Brazilian,left,190.1,80.9,345,19
2285,James Dupont,16,W,Nigerian,right,171.8,75.8,72,4
2286,Achraf Williams,30,ST,Italian,both,177.7,78.8,355,19
2287,Luka Davies,36,ST,Romanian,right,176.6,72.0,153,9
2288,Manuel Jones,23,FB,Colombian,right,183.1,77.4,372,20
2289,Luka Robertson,27,FB,Dutch,right,185.6,78.0,162,9
2290,Paulo Perisic,27,AM,German,right,184.2,84.9,364,20
2291,Stefan Rashford,35,ST,Swedish,right,180.2,78.8,296,16
2292,Timo Baker,25,FB,Spanish,left,182.8,77.8,313,17
2293,Pedri Laporte,38,CM,Korean,both,182.7,73.0,267,15
2294,Borna Muller,16,AM,Austrian,right,175.7,75.8,307,17
2295,Mohamed Rodriguez,16,AM,English,left,179.0,79.2,315,17
2296,Jordi Allen,29,CM,Swiss,right,173.0,71.7,262,14
2297,Leon Silva,33,W,Swiss,right,188.6,81.4,293,16
2298,Cristiano Allen,18,W,Nigerian,right,184.1,81.8,171,10
2299,Alisson Smith,16,CM,Turkish,right,183.3,79.4,136,8
2300,Roberto Griezmann,35,W,Belgian,right,178.5,77.1,153,9
2301,Pedri Gakpo,24,AM,Austrian,right,186.9,80.9,59,4
2302,Aymeric Mane,34,AM,Colombian,right,191.1,78.7,315,17
2303,Granit Green,26,ST,Belgian,left,184.2,78.0,331,18
2304,Kingsley Smith,31,CM,Swiss,right,181.4,80.6,152,9
2305,Presnel Sterling,19,W,Greek,left,193.5,82.3,363,20
2306,Adam Kane,29,CM,Greek,right,172.1,74.0,50,3
2307,Kingsley Upamecano,38,ST,Brazilian,right,173.0,72.1,142,8
2308,Phil Mitchell,32,AM,Moroccan,both,189.3,83.9,142,8
2309,Lionel Mac Allister,31,W,Moroccan,right,188.9,82.8,128,7
2310,Phil Johnson,19,W,Portuguese,right,181.3,76.3,152,9
2311,Federico Trossard,36,CM,Greek,left,173.6,71.9,349,19
2312,Mateo Young,16,GK,Ghanaian,right,189.9,79.9,31,2
2313,Zuber Firmino,16,GK,Senegalese,left,181.1,79.4,300,16
2314,Jan Stones,25,W,French,left,183.6,76.6,313,17
2315,Granit Scott,16,CB,Uruguayan,right,182.7,82.2,257,14
2316,Bernardo Sane,16,AM,Romanian,right,177.8,76.6,365,20
2317,Bukayo Gundogan,19,W,Uruguayan,right,181.4,74.1,359,19
2318,Andres Pavard,16,FB,Austrian,right,189.1,84.2,38,2
2319,Haris Dupont,20,W,Korean,right,177.9,74.5,5,1
2320,Mason Bellingham,24,CM,Ghanaian,left,174.7,71.7,282,15
2321,Joao Harris,23,FB,Polish,left,187.1,78.7,380,20
2322,Kevin Upamecano,23,AM,Romanian,left,185.4,83.0,322,17
2323,Hlozek Salah,23,W,Japanese,right,181.7,74.1,52,3
2324,Jordi White,16,ST,Ghanaian,left,182.9,79.6,365,20
2325,Cesc Hall,16,W,Korean,right,188.0,82.0,111,6
2326,Shaqiri Stones,36,W,German,right,176.1,79.1,196,11
2327,Gabriel Hall,38,W,Moroccan,left,185.9,79.7,22,2
2328,Jude Martin,24,W,Nigerian,left,172.5,80.4,226,13
2329,Thomas Scott,38,CM,Greek,left,170.3,73.7,113,6
2330,Schick Trossard,36,FB,Danish,both,184.4,79.2,4,1
2331,Ladislav Upamecano,27,ST,Japanese,right,179.5,71.4,373,20
2332,Luka Mane,37,CB,English,left,187.5,82.0,366,20
2333,Ansu Thompson,17,CB,Swedish,left,182.7,75.0,17,1
2334,Sergio Rodriguez,28,ST,German,right,182.0,76.1,159,9
2335,Mason Taylor,19,W,Swiss,right,178.0,75.8,158,9
2336,Juan Benzema,19,AM,Czech,right,182.3,79.5,353,19
2337,Kevin Dias,38,ST,Austrian,right,186.5,74.6,365,20
2338,Emre Brown,22,CM,Korean,right,194.9,84.3,94,5
2339,Luka Kovacic,38,ST,Korean,right,183.7,79.5,251,14
2340,Granit Silva,19,CM,Portuguese,left,181.2,80.1,189,11
2341,Juan Benzema,23,ST,Senegalese,right,184.2,79.9,305,16
2342,Xavi Benzema,22,W,Romanian,left,185.3,76.0,15,1
2343,Xavi Dupont,31,AM,Japanese,right,179.3,79.7,54,3
2344,John Moore,29,ST,Dutch,right,183.6,79.1,279,15
2345,Marco Hernandez,22,ST,Brazilian,right,174.0,75.2,295,16
2346,Cesc Kimmich,17,FB,Colombian,right,173.9,72.2,64,4
2347,Niklas Young,36,AM,Portuguese,left,181.2,81.3,114,6
2348,Niklas Brown,33,W,French,left,176.9,79.8,86,5
2349,Bruno Scott,18,CB,Polish,right,189.0,83.4,350,19
2350,Breel Baker,16,W,Brazilian,right,176.1,69.0,307,17
2351,Ruben Williams,24,CM,Portuguese,right,174.5,73.7,259,14
2352,Robert Green,17,CB,Turkish,right,189.4,79.7,346,19
2353,Granit Stones,33,CB,Polish,right,190.3,80.6,371,20
2354,Jan Pavard,27,FB,Austrian,left,177.4,76.1,32,2
2355,Theo Henderson,27,CM,Serbian,left,175.8,78.8,295,16
2356,Emre Gundogan,29,CM,Dutch,left,177.4,78.1,19,1
2357,Emre Kane,36,FB,Korean,right,181.6,80.0,207,12
2358,Lionel Rudiger,25,W,Austrian,right,182.7,72.3,317,17
2359,Virgil Brown,30,AM,Senegalese,right,189.2,84.3,312,17
2360,Kevin Clarke,35,FB,English,right,181.1,76.8,312,17
2361,Shaqiri Scott,24,AM,Nigerian,right,184.0,83.2,18,1
2362,Lingr Mitchell,25,CB,Danish,right,182.6,78.1,375,20
2363,Robert Clarke,34,CB,Serbian,right,183.0,81.1,177,10
2364,Breel Dupont,38,FB,Ghanaian,right,180.2,77.5,20,1
2365,Ricardo Allen,32,W,Italian,right,181.4,80.7,361,19
2366,Jordi Brozovic,25,W,Argentine,right,174.5,74.5,34,2
2367,Federico Van Dijk,23,FB,Korean,left,177.7,74.2,335,18
2368,Jan Firmino,31,AM,Colombian,right,182.9,76.4,245,14
2369,Aymeric Diaz,19,CB,German,left,182.2,75.5,256,14
2370,Ruben Upamecano,16,CM,Polish,left,194.9,87.8,14,1
2371,Lautaro Diaz,16,W,Czech,left,183.1,75.4,153,9
2372,Serge Casemiro,31,CM,Swedish,right,190.4,82.1,103,6
2373,Ladislav Saka,17,GK,Portuguese,left,183.5,80.5,40,2
2374,Ondrej Thomas,16,ST,Swiss,both,187.1,81.9,6,1
2375,Kylian Pique,21,ST,French,right,193.6,89.6,294,16
2376,Raphael Brozovic,31,AM,Brazilian,right,179.1,80.0,104,6
2377,Timo Goretzka,32,CB,Uruguayan,right,185.3,81.5,357,19
2378,Raphael Silva,38,CB,Korean,right,182.0,77.4,251,14
2379,Schick Lewis,26,CM,Spanish,right,181.5,73.0,290,16
2380,Rafael Young,20,FB,Uruguayan,left,177.6,76.8,108,6
2381,John Neuer,35,FB,Croatian,right,175.9,81.4,206,12
2382,Rodri Johnson,18,CB,Spanish,right,177.7,82.3,332,18
2383,Ferran Neuer,28,ST,Danish,left,190.9,87.9,238,13
2384,Erling Young,25,W,Italian,both,187.5,81.7,168,10
2385,Ferran Pogba,29,W,Uruguayan,right,179.9,75.7,32,2
2386,Bernardo Sterling,22,FB,French,right,175.9,76.4,358,19
2387,Kevin Rashford,23,AM,Croatian,left,180.5,76.3,107,6
2388,Andres Camavinga,26,W,Spanish,right,185.2,81.4,12,1
2389,Serge Harris,22,CM,Swiss,left,183.8,80.1,36,2
2390,Remo Silva,24,W,Serbian,right,180.8,80.4,47,3
2391,Mohamed Mbappe,38,FB,Czech,left,175.3,74.0,167,10
2392,Dusan Thompson,16,CB,Argentine,both,183.6,76.5,305,16
2393,Cesc Brown,27,CB,Greek,right,180.9,79.8,101,6
2394,Rafael Alba,38,CB,Polish,right,177.2,76.8,318,17
2395,Kalidou Hernandez,20,W,Japanese,right,181.7,78.0,151,9
2396,Rafael Szoboszlai,31,ST,Czech,right,183.1,77.2,101,6
2397,Lautaro Pavard,30,AM,Japanese,right,165.5,66.6,104,6
2398,John Laporte,25,CB,Japanese,right,189.4,83.1,92,5
2399,Lionel Havertz,36,ST,English,right,187.2,80.3,124,7
2400,Haris Hernandez,37,W,Portuguese,right,172.6,75.8,261,14
2401,Rodri Van Dijk,23,CM,Norwegian,right,175.4,78.2,257,14
2402,Manuel De Bruyne,36,GK,Nigerian,right,186.5,76.5,361,19
2403,Schick Benzema,16,CM,Greek,right,182.9,75.0,51,3
2404,Manuel Stones,31,FB,Japanese,left,183.7,79.6,372,20
2405,Xherdan Fabinho,38,AM,French,left,183.5,74.7,368,20
2406,Breel Bellingham,34,AM,Spanish,right,178.4,73.1,322,17
2407,Leroy Lloris,34,CM,Norwegian,right,176.7,72.3,340,18
2408,Achraf Bellingham,22,W,Uruguayan,right,174.9,74.3,9,1
2409,Carlos Havertz,20,ST,Ghanaian,right,188.6,79.8,320,17
2410,Phil Ederson,33,ST,Norwegian,right,186.7,73.8,140,8
2411,Robert Griezmann,31,CM,Swiss,left,186.0,78.2,51,3
2412,Rodri Wan-Bissaka,23,ST,Swiss,right,182.1,75.4,342,18
2413,Kingsley Van Dijk,28,CB,Belgian,left,175.7,73.3,297,16
2414,Sergio Werner,33,ST,Swedish,right,181.3,78.8,353,19
2415,Harry Bellingham,23,W,Polish,right,180.7,77.1,198,11
2416,Can Wilson,23,AM,Argentine,right,181.3,74.3,102,6
2417,David Dias,37,CM,Nigerian,right,176.4,73.2,162,9
2418,Jamal Werner,32,W,Dutch,left,174.8,73.3,217,12
2419,Timo Camavinga,22,W,Belgian,left,179.1,74.5,301,16
2420,Dusan Rodriguez,35,W,Czech,right,181.5,79.7,314,17
2421,Marcelo Alexander-Arnold,31,GK,Nigerian,left,174.3,78.9,79,5
2422,Lautaro Gomez,25,W,Croatian,right,177.2,76.8,318,17
2423,Lautaro Hall,26,ST,Ghanaian,right,180.6,76.4,182,11
2424,Jamal Lewis,31,FB,Argentine,right,180.1,71.2,167,10
2425,Virgil Baker,36,CB,Moroccan,left,187.6,81.8,264,15
2426,Hlozek Thomas,34,CM,Italian,right,182.0,80.3,208,12
2427,Roberto Valverde,35,W,Spanish,right,185.7,81.8,366,20
2428,Rafael Casemiro,32,FB,Portuguese,left,182.3,79.3,327,18
2429,Federico Saka,21,AM,German,right,189.1,81.8,252,14
2430,Alisson Hall,18,ST,German,left,178.8,73.2,375,20
2431,Ciro Stones,24,CB,Romanian,right,191.9,85.2,277,15
2432,Robert King,23,ST,Swedish,right,171.7,71.6,266,15
2433,Ilkay Nunez,17,CB,Norwegian,right,192.9,79.6,366,20
2434,Sergio Jackson,38,CM,Norwegian,right,178.1,79.1,197,11
2435,Haris Rashford,32,FB,English,left,170.6,73.2,344,18
2436,Ferran Wan-Bissaka,19,CB,Norwegian,right,185.7,83.9,357,19
2437,Breel Kovacic,26,CM,Serbian,right,182.4,75.7,119,7
2438,Stefan Gomez,36,ST,Norwegian,right,181.1,76.2,88,5
2439,Granit Brown,29,GK,Japanese,right,190.2,83.5,26,2
2440,Gabriel Thomas,18,CM,English,right,187.8,76.5,153,9
2441,Thibaut Trossard,32,CM,Swedish,right,179.7,77.0,36,2
2442,Haris Lloris,36,FB,Spanish,right,176.7,72.5,67,4
2443,Stefan Asensio,30,CM,Nigerian,right,178.1,75.8,370,20
2444,Borna Rashford,19,AM,Spanish,right,168.7,69.6,201,11
2445,Erling Nunez,38,CM,German,right,178.2,74.5,194,11
2446,Bruno Firmino,17,W,Swiss,right,181.0,82.0,303,16
2447,Theo Santos,38,CM,Nigerian,right,182.0,72.5,107,6
2448,David Wilson,24,CM,Uruguayan,right,179.2,75.3,76,4
2449,Harry Anderson,16,AM,Belgian,left,183.0,79.6,105,6
2450,Robert Diaz,36,CM,Belgian,right,178.8,76.0,269,15
2451,Patrik Robertson,29,CM,Brazilian,right,173.9,74.5,350,19
2452,Bukayo Lloris,25,CB,Dutch,left,178.4,76.0,265,15
2453,Luis Nunez,32,CM,Austrian,right,174.2,77.5,233,13
2454,Ivan Mbappe,20,AM,Danish,right,174.9,76.3,218,12
2455,Achraf Casemiro,31,ST,Austrian,both,179.1,80.1,356,19
2456,Kylian Busquets,26,CM,Japanese,right,193.4,85.9,362,19
2457,Achraf Wilson,16,AM,Italian,left,181.4,79.2,281,15
2458,Rafael Harris,23,CM,Argentine,right,177.2,75.5,343,18
2459,Presnel Rossi,21,CM,Turkish,right,184.9,78.4,109,6
2460,Marcelo Busquets,16,W,Greek,right,181.4,72.6,101,6
2461,Luka Clarke,23,CM,Norwegian,right,186.6,75.8,120,7
2462,Schick Saka,23,GK,Japanese,right,187.3,74.3,150,8
2463,Antoine Scott,30,AM,German,left,176.9,77.2,309,17
2464,Dusan Hernandez,37,CM,Senegalese,right,188.2,81.0,109,6
2465,Mohamed Mac Allister,26,CM,Norwegian,left,183.4,72.7,296,16
2466,Andres Van Dijk,38,CM,English,right,181.6,79.7,239,13
2467,Raphael Garcia,30,ST,Swedish,right,177.0,82.7,286,16
2468,Phil Pique,31,FB,English,right,181.6,81.6,152,9
2469,Willian Firmino,33,CM,Argentine,right,179.6,81.1,337,18
2470,Phil Havertz,18,AM,Korean,right,179.4,76.0,135,8
2471,Dani Gundogan,37,CM,Senegalese,left,179.0,71.9,237,13
2472,Bukayo Son,37,W,Romanian,left,175.6,79.5,86,5
2473,Mateo Martin,20,ST,Greek,right,175.4,76.1,158,9
2474,Paulo Van Dijk,16,AM,Danish,left,180.2,75.2,376,20
2475,Rafael Firmino,38,CM,Croatian,right,186.5,79.0,222,13
2476,Cristiano Valverde,29,CB,Nigerian,right,188.4,80.8,326,18
2477,Ciro Pogba,21,CB,Swedish,right,187.5,77.9,169,10
2478,Robert Goretzka,20,CB,Swiss,right,189.9,81.5,121,7
2479,Leon Brozovic,22,FB,Dutch,right,182.3,78.3,156,9
2480,Alisson Johnson,28,FB,Brazilian,right,176.6,71.5,154,9
2481,Can Goretzka,30,CM,Serbian,left,172.7,72.7,240,13
2482,Fabio Gundogan,34,ST,Croatian,right,176.4,80.0,296,16
2483,Shaqiri Taylor,29,FB,French,right,185.5,82.7,254,14
2484,Ansu Kroos,19,ST,Swedish,right,181.9,75.7,332,18
2485,Alisson Pique,20,AM,Croatian,right,173.7,73.2,353,19
2486,Presnel Rudiger,34,W,Austrian,right,185.0,82.8,377,20
2487,Jan Anderson,19,CB,Brazilian,left,189.0,77.1,67,4
2488,Ansu Hernandez,24,FB,Czech,right,185.6,80.8,330,18
2489,Ricardo Santos,22,CM,Swedish,both,174.7,75.4,39,2
2490,Xavi Lopez,27,CB,Japanese,right,186.5,81.4,13,1
2491,John Martinez,28,ST,Croatian,right,173.7,76.0,80,5
2492,Roberto Scott,30,FB,Austrian,right,177.0,75.0,319,17
2493,Ondrej Mane,35,CM,Argentine,right,188.6,79.6,114,6
2494,Jordi Perisic,18,FB,Moroccan,left,178.3,76.8,348,19
2495,James Fabinho,27,CB,Romanian,left,176.1,75.8,334,18
2496,Alisson Thompson,16,FB,Japanese,left,171.9,72.5,289,16
2497,Ruben Gakpo,31,CM,Dutch,right,172.3,73.5,302,16
2498,Cristiano Henderson,26,W,Ghanaian,left,180.9,80.6,337,18
2499,Sadio Ramos,23,ST,Austrian,left,189.0,81.9,266,15
2500,Gavi Havertz,27,AM,Brazilian,left,171.8,74.6,136,8
2501,Vinicius Bellingham,16,CB,Austrian,right,190.9,81.8,166,10
2502,Leroy Trossard,29,W,Ghanaian,right,183.5,83.6,370,20
2503,Can Firmino,38,W,French,right,186.0,86.4,314,17
2504,Stefan Thompson,17,GK,Brazilian,right,187.2,78.3,75,4
2505,Marco De Bruyne,26,W,Turkish,right,184.8,80.4,351,19
2506,Lionel Varane,38,CM,French,both,184.9,79.2,252,14
2507,Remo Gundogan,30,AM,Moroccan,right,176.3,78.7,204,12
2508,Emre Hernandez,22,CB,Japanese,right,189.1,81.1,228,13
2509,Ruben Taylor,23,CB,Norwegian,right,186.7,78.4,312,17
2510,Kevin Werner,16,ST,Croatian,right,167.7,71.3,375,20
2511,Juan Lopez,31,GK,Italian,right,181.2,79.1,276,15
2512,Nikola Sterling,33,FB,Moroccan,left,183.9,76.6,184,11
2513,Granit Upamecano,28,W,Serbian,right,176.2,74.5,285,16
2514,Antoine Lopez,29,CM,Italian,right,180.0,77.6,76,4
2515,Marquinhos Kramaric,24,CM,Senegalese,left,181.2,77.9,353,19
2516,Harry Busquets,24,FB,Colombian,right,175.8,78.6,377,20
2517,Jamal Varane,28,AM,Turkish,right,181.4,75.3,175,10
2518,Ferran Modric,20,CM,Moroccan,right,184.8,78.6,359,19
2519,Gabriel Alexander-Arnold,19,GK,Romanian,right,176.9,80.4,376,20
2520,Manuel Szoboszlai,25,AM,Nigerian,right,186.8,76.4,29,2
2521,Cristiano Henderson,28,AM,Argentine,right,188.9,82.6,131,7
2522,Xavi Robertson,24,GK,Ghanaian,left,184.1,80.5,251,14
2523,Ivan Gundogan,23,CM,French,right,178.3,75.4,98,6
2524,Ruben Dias,25,AM,Romanian,both,177.9,79.9,362,19
2525,Nikola Griezmann,31,ST,Swiss,left,192.0,78.3,293,16
2526,Jude Thomas,28,W,Italian,left,179.9,77.5,211,12
2527,Andres Hernandez,18,CB,Croatian,right,190.8,80.4,272,15
2528,Fernando Robertson,26,CM,Serbian,right,173.1,72.5,101,6
2529,Haris Garcia,36,CB,Spanish,left,192.8,88.3,149,8
2530,Mateo Adams,17,ST,Croatian,left,177.9,78.2,355,19
2531,Remo Wan-Bissaka,17,W,Italian,right,178.5,80.9,258,14
2532,Milan Laporte,31,GK,Romanian,right,182.5,79.8,70,4
2533,Jude Trossard,23,ST,Swedish,both,180.6,76.4,316,17
2534,Fernando Jackson,29,W,Spanish,right,181.4,83.2,42,3
2535,Niklas Son,26,ST,Turkish,right,183.7,79.9,304,16
2536,Fernando Carvajal,28,FB,Spanish,right,179.3,76.9,37,2
2537,Vinicius Gnabry,38,AM,Serbian,left,184.8,79.8,13,1
2538,Cristiano Goretzka,35,ST,Argentine,right,178.2,77.1,131,7
2539,Mohamed Goretzka,22,AM,Belgian,left,173.9,72.8,72,4
2540,Harry Trossard,23,AM,Spanish,right,181.0,75.4,152,9
2541,Vinicius Asensio,30,W,Korean,right,187.7,80.5,289,16
2542,Can Van Dijk,22,W,Japanese,both,179.0,78.0,368,20
2543,Paulo Perisic,30,W,Swiss,both,180.9,80.8,303,16
2544,Xherdan Taylor,34,W,Senegalese,right,186.0,78.9,371,20
2545,Raphael Bellingham,29,CM,Korean,right,180.9,79.1,206,12
2546,Leon Taylor,23,CM,Ghanaian,right,178.7,80.3,244,14
2547,Diego Hall,36,FB,Moroccan,right,180.3,74.3,124,7
2548,Santi Adams,33,W,Norwegian,right,185.0,75.4,280,15
2549,Carlos Busquets,20,W,Brazilian,right,175.6,73.7,29,2
2550,Thomas Alexander-Arnold,32,FB,Senegalese,right,184.0,76.2,213,12
2551,Harry Rudiger,29,CB,Nigerian,left,187.4,74.9,364,20
2552,Stefan Laporte,27,ST,Portuguese,right,184.8,82.8,332,18
2553,Neymar Scott,30,GK,Romanian,right,183.4,81.4,141,8
2554,Joao Goretzka,23,ST,Austrian,left,180.6,76.9,117,7
2555,Virgil Gomez,30,AM,Greek,right,183.1,82.3,82,5
2556,Ilkay Green,37,W,Romanian,left,179.6,76.8,307,17
2557,Breel Young,19,FB,Greek,right,181.0,76.2,263,15
2558,Ruben Alba,24,CM,Colombian,right,175.8,76.0,161,9
2559,Theo Smith,25,CM,Japanese,right,182.4,78.4,232,13
2560,Achraf Varane,16,FB,Argentine,left,182.3,77.1,294,16
2561,Jordi Williams,20,W,Swiss,right,170.4,72.0,196,11
2562,Bukayo Mbappe,32,AM,German,left,178.3,81.3,89,5
2563,Joao Hall,31,ST,Swedish,right,186.6,81.9,334,18
2564,Virgil Casemiro,38,FB,Colombian,right,184.1,85.2,252,14
2565,Xavi Hernandez,37,AM,Norwegian,left,179.8,75.7,362,19
2566,Dani Alba,30,W,German,left,185.9,81.8,285,16
2567,James Stones,17,ST,Austrian,right,179.4,76.4,285,16
2568,Juan Davies,30,ST,Argentine,both,189.5,77.0,346,19
2569,Cesc Adams,30,W,Turkish,left,167.2,65.4,354,19
2570,Sergio Rossi,31,CB,Romanian,right,194.2,87.5,263,15
2571,Ondrej White,34,CB,French,left,184.6,82.8,107,6
2572,Haris Alba,33,W,Korean,right,170.3,71.8,220,12
2573,Federico De Bruyne,36,CB,Nigerian,right,183.2,80.0,147,8
2574,Ilkay Hall,27,ST,Romanian,left,186.3,80.6,301,16
2575,Carlos Mitchell,38,CM,Czech,left,183.0,80.2,120,7
2576,Adam Alba,33,CM,Moroccan,right,173.8,76.8,137,8
2577,Gavi Laporte,21,CM,Colombian,right,178.0,72.8,278,15
2578,Mohamed Modric,24,GK,Nigerian,right,174.3,72.8,298,16
2579,Dani Laporte,22,CB,Czech,left,183.2,79.5,355,19
2580,Leroy Modric,22,AM,Korean,right,185.1,76.8,293,16
2581,Gavi Griezmann,32,FB,Danish,left,186.2,81.7,363,20
2582,Ederson Nunez,37,ST,Polish,right,179.3,76.1,330,18
2583,Dusan Hall,29,CM,Korean,right,188.1,78.2,369,20
2584,Diego Taylor,38,W,Brazilian,right,180.0,78.6,267,15
2585,Serge Dupont,17,AM,Spanish,left,183.8,77.9,168,10
2586,Jude Brown,33,ST,Ghanaian,right,180.4,81.0,357,19
2587,Ruben Alexander-Arnold,21,AM,Senegalese,left,173.9,71.9,5,1
2588,Sadio Sancho,27,ST,Swedish,right,175.1,78.7,252,14
2589,Willian Saka,21,AM,Belgian,right,178.0,78.6,165,10
2590,Nikola Gomez,37,W,English,right,191.9,84.4,223,13
2591,Theo Lloris,31,CB,Dutch,right,187.0,79.1,220,12
2592,Bruno Kramaric,26,ST,Serbian,left,181.6,75.4,152,9
2593,Robert Alba,20,AM,English,left,192.0,78.9,347,19
2594,Ondrej Walker,29,W,Turkish,both,186.6,82.6,346,19
2595,Cristiano Wan-Bissaka,38,AM,German,right,178.3,78.9,307,17
2596,Nikola Pavard,21,CM,Italian,right,180.3,76.8,164,10
2597,Phil Thomas,26,CB,Argentine,right,188.6,81.5,171,10
2598,Bernardo Alexander-Arnold,18,CM,Swedish,both,194.4,84.8,106,6
2599,Trent Kroos,27,CM,Senegalese,left,182.6,79.9,310,17
2600,Dani Pogba,38,CB,Nigerian,left,192.1,77.5,52,3
2601,Timo Mitchell,17,FB,Brazilian,right,189.5,79.9,341,18
2602,Ilkay Hall,37,W,Danish,right,181.8,79.8,378,20
2603,Rafael White,33,AM,Croatian,right,172.0,67.3,266,15
2604,Fabio Adams,29,W,Czech,right,181.9,80.8,362,19
2605,Gavi De Bruyne,19,ST,German,right,181.7,80.5,261,14
2606,Luka Odegaard,37,AM,Austrian,right,180.7,80.1,374,20
2607,Manuel Green,18,CB,Serbian,right,176.4,74.2,170,10
2608,John Henderson,27,CB,Austrian,left,195.1,85.2,275,15
2609,Ondrej Alba,22,CM,English,left,181.8,77.2,324,17
2610,Ruben Martin,35,ST,Nigerian,right,185.5,75.1,333,18
2611,Santi Neuer,36,CM,Belgian,both,184.7,79.0,319,17
2612,Hlozek Pogba,29,ST,Dutch,right,190.6,83.0,223,13
2613,Cesc Son,25,CB,Romanian,right,175.1,76.9,13,1
2614,John Upamecano,37,GK,Austrian,right,181.1,81.3,287,16
2615,Rafael Carvajal,22,CM,French,both,178.4,75.7,323,17
2616,Jamal Perisic,29,AM,French,left,186.1,76.4,23,2
2617,Ivan Kramaric,19,ST,Turkish,left,179.8,75.6,110,6
2618,Phil Sancho,30,GK,Argentine,right,182.2,78.4,320,17
2619,Cristiano Diaz,26,CM,Swiss,right,177.0,77.9,362,19
2620,Timo Kovacic,25,CB,Belgian,left,194.9,85.0,194,11
2621,Roberto Salah,26,W,Polish,left,193.9,81.6,39,2
2622,Carlos Dias,25,W,Korean,right,177.8,77.2,156,9
2623,Ciro Walker,19,CB,Nigerian,right,188.5,82.7,287,16
2624,Mason Lloris,27,FB,Croatian,right,183.2,74.7,141,8
2625,Jan Trossard,27,AM,Brazilian,right,182.9,73.8,153,9
2626,Kylian Ramos,34,AM,Turkish,right,184.3,83.7,165,10
2627,Leon Silva,24,CB,Austrian,right,187.9,79.4,362,19
2628,Bruno Modric,16,CM,Spanish,right,178.2,78.6,164,10
2629,Borna Thomas,32,FB,French,right,185.4,74.9,205,12
2630,Ansu Johnson,16,W,Senegalese,right,186.1,81.2,93,5
2631,Schick Alba,21,W,Uruguayan,left,183.1,82.9,304,16
2632,Ricardo Moore,33,CB,Turkish,right,192.0,78.5,82,5
2633,Schick De Bruyne,25,ST,Serbian,left,189.0,80.4,181,11
2634,Ivan Davies,31,CM,Ghanaian,right,180.2,75.3,175,10
2635,Sergio Gundogan,34,GK,Danish,right,185.9,76.3,360,19
2636,Cesc Stones,22,W,English,right,183.2,79.7,36,2
2637,Breel Jackson,34,FB,Korean,right,177.0,77.6,350,19
2638,Milan Hernandez,36,CM,German,right,176.4,76.3,145,8
2639,Gabriel Salah,38,GK,Polish,right,186.9,78.6,274,15
2640,Carlos Sterling,35,FB,Italian,right,182.8,75.1,371,20
2641,Fabio Carvajal,21,CB,Uruguayan,right,187.2,78.5,180,11
2642,Aymeric Baker,27,ST,Nigerian,right,180.4,80.9,104,6
2643,Fernando Griezmann,23,GK,Korean,right,182.3,76.5,376,20
2644,Shaqiri Martinelli,38,GK,Colombian,both,176.4,77.2,322,17
2645,Neymar Lopez,30,CB,Italian,left,181.0,83.5,263,15
2646,Raphael Rossi,32,FB,Korean,left,183.1,77.7,125,7
2647,Florian Smith,21,FB,Dutch,right,186.5,76.7,210,12
2648,Remo Benzema,38,W,Uruguayan,right,192.0,84.2,15,1
2649,Bernardo White,22,W,German,right,182.7,76.2,279,15
2650,Leroy Saka,37,AM,Italian,left,179.3,75.7,176,10
2651,Ondrej Kimmich,26,GK,Italian,right,179.1,79.1,54,3
2652,Lautaro Green,18,W,Belgian,right,186.3,78.1,143,8
2653,Alisson Casemiro,27,ST,Swiss,right,188.0,81.1,339,18
2654,Robert Pique,16,FB,Argentine,right,177.6,77.1,328,18
2655,Nikola Harris,34,GK,Austrian,right,193.1,82.7,1,1
2656,Carlos Upamecano,16,CB,Italian,right,185.2,82.7,343,18
2657,Mason Thomas,32,CM,Croatian,left,180.6,76.2,368,20
2658,Phil Sane,20,GK,Uruguayan,right,186.4,81.0,55,3
2659,Kingsley Rossi,35,AM,Turkish,left,176.5,70.1,356,19
2660,Kevin Kimmich,19,CB,Portuguese,right,183.7,81.2,332,18
2661,David Santos,35,FB,Nigerian,left,181.8,77.7,276,15
2662,Presnel Fernandez,19,W,Korean,right,177.4,67.7,283,16
2663,Granit Casemiro,22,ST,Swiss,right,170.0,72.2,363,20
2664,Dani Pique,37,CB,French,right,185.6,81.5,22,2
2665,Luka Lopez,38,AM,Senegalese,left,177.5,79.6,251,14
2666,Bruno Pavard,23,CM,Czech,right,185.8,80.0,142,8
2667,Niklas Williams,34,CB,Czech,right,194.8,84.3,371,20
2668,Ansu Kimmich,21,CM,Turkish,both,179.9,79.6,120,7
2669,Paulo Davies,38,CB,Swiss,right,177.4,74.4,325,18
2670,Achraf Camavinga,28,CM,Brazilian,right,179.9,76.1,220,12
2671,Xavi Harris,19,W,Brazilian,left,184.6,84.7,172,10
2672,Roberto Thomas,28,FB,Czech,right,178.1,78.7,338,18
2673,Serge Neuer,25,ST,Italian,right,185.4,76.2,190,11
2674,Kylian Brown,19,CM,Uruguayan,right,179.3,80.6,219,12
2675,Trent Harris,22,ST,Korean,right,173.5,80.2,323,17
2676,Bernardo Thomas,33,FB,Swedish,right,185.5,80.0,303,16
2677,Harry Ederson,25,ST,English,left,179.2,79.7,351,19
2678,Can Ederson,16,CB,Japanese,right,185.1,78.1,307,17
2679,Raphael Henderson,16,AM,Swedish,right,184.3,83.8,161,9
2680,Leon Scott,34,FB,Portuguese,left,182.6,78.5,340,18
2681,Shaqiri Thompson,19,ST,Polish,right,176.4,74.2,202,11
2682,Rafael Green,33,CM,Moroccan,right,181.3,80.1,330,18
2683,Diego De Bruyne,19,CM,Austrian,left,176.4,77.1,219,12
2684,Timo Baker,16,CM,Argentine,right,177.8,80.1,375,20
2685,Ricardo Garcia,27,ST,Czech,right,181.3,81.5,167,10
2686,Willian Lopez,26,W,French,left,183.0,79.1,86,5
2687,Gabriel Alexander-Arnold,22,CM,Austrian,left,186.2,80.5,312,17
2688,Emre Gakpo,30,ST,Colombian,both,184.6,78.1,232,13
2689,Robert Mbappe,36,CM,Polish,right,183.3,79.1,208,12
2690,Federico Griezmann,32,ST,Nigerian,left,183.1,77.0,368,20
2691,Antoine Havertz,27,AM,French,right,177.6,81.2,125,7
2692,Rodri Davies,26,FB,Czech,right,176.3,79.0,371,20
2693,Joao Saka,35,FB,Austrian,right,178.0,79.9,17,1
2694,Kai Mitchell,33,FB,English,right,187.9,77.7,362,19
2695,Andres Ederson,26,W,Swedish,right,174.2,75.3,208,12
2696,Ilkay Kramaric,29,ST,French,left,178.4,75.1,307,17
2697,Borna Dupont,28,AM,Norwegian,right,186.8,77.1,131,7
2698,Jamal Johnson,24,CM,German,right,181.3,78.5,328,18
2699,Federico Salah,34,FB,Italian,left,176.3,79.9,262,14
2700,Hlozek De Bruyne,36,CM,Belgian,right,183.5,84.2,315,17
2701,Phil Ederson,23,CB,Italian,right,184.3,79.1,247,14
2702,Granit Diaz,23,ST,Italian,right,184.2,74.8,127,7
2703,Jamal Sterling,24,AM,Danish,right,182.5,76.7,213,12
2704,Emre Adams,38,CB,Polish,left,185.7,83.0,5,1
2705,Zuber Bajcetic,30,ST,Greek,left,184.2,84.2,183,11
2706,Thomas Mane,23,ST,Moroccan,right,178.9,78.2,94,5
2707,Rodri Rodriguez,20,CM,Greek,right,172.2,72.0,367,20
2708,Florian Kane,33,FB,Korean,right,177.2,72.2,337,18
2709,Bruno Wan-Bissaka,32,CM,English,right,175.0,76.2,247,14
2710,Theo White,23,ST,Colombian,right,189.7,85.4,290,16
2711,Raphael Muller,19,FB,Argentine,right,187.7,75.2,313,17
2712,Fabio Busquets,28,FB,Swedish,right,180.7,73.8,161,9
2713,Can Sterling,20,GK,Moroccan,right,180.8,78.9,187,11
2714,Shaqiri Mbappe,36,CM,Serbian,both,186.5,80.5,350,19
2715,Rodri Lewis,22,CM,Japanese,right,175.4,76.0,190,11
2716,Vinicius Kante,36,AM,Senegalese,right,177.2,77.3,5,1
2717,Haris Goretzka,36,GK,Swiss,left,174.5,72.7,95,5
2718,Lingr Brown,18,CM,Ghanaian,right,174.4,79.3,112,6
2719,Niklas Mitchell,28,CM,Spanish,right,186.5,79.0,44,3
2720,Juan Walker,17,W,Uruguayan,right,184.1,80.8,336,18
2721,Lionel Busquets,23,CB,Romanian,right,182.5,78.2,317,17
2722,Marcelo Thomas,21,AM,Croatian,right,181.6,78.3,239,13
2723,Mateo Sterling,25,ST,Czech,right,184.2,79.0,361,19
2724,Vinicius Rossi,23,W,German,both,187.6,83.6,223,13
2725,Manuel Upamecano,34,AM,Brazilian,right,194.1,84.9,267,15
2726,Granit Jackson,24,AM,French,right,176.8,81.3,263,15
2727,David Neuer,32,AM,Uruguayan,left,178.0,77.5,50,3
2728,Sadio Brown,33,FB,Swedish,left,179.8,77.1,356,19
2729,Dani Robertson,35,FB,Senegalese,left,179.9,76.8,82,5
2730,Xavi Varane,23,FB,Portuguese,right,172.4,74.2,95,5
2731,Sadio Adams,25,CM,Turkish,right,180.7,76.9,291,16
2732,Gavi Stones,24,AM,Senegalese,right,178.1,69.6,109,6
2733,Fabio Camavinga,38,ST,Portuguese,right,174.3,69.6,222,13
2734,Bukayo Kovacic,31,CB,Belgian,right,185.2,80.3,14,1
2735,Gavi Bajcetic,29,GK,Moroccan,right,183.1,77.3,372,20
2736,Ansu Camavinga,26,GK,Serbian,left,198.2,83.6,82,5
2737,Federico Werner,17,CM,Dutch,left,179.0,80.6,353,19
2738,Joao Walker,26,FB,Romanian,right,185.3,75.9,346,19
2739,James Perisic,18,CM,Norwegian,right,184.3,85.0,311,17
2740,Diego Muller,21,ST,Korean,both,183.8,81.6,183,11
2741,Ondrej White,34,FB,Japanese,both,184.4,82.4,271,15
2742,Paulo White,24,ST,French,right,179.3,79.0,367,20
2743,Virgil Hernandez,17,CB,Ghanaian,right,183.1,81.9,321,17
2744,Serge Wan-Bissaka,22,FB,Korean,right,190.9,83.2,141,8
2745,Hlozek Bellingham,18,CM,Ghanaian,right,190.0,80.8,357,19
2746,Federico Fernandez,27,ST,Dutch,left,178.5,77.2,332,18
2747,Phil Rashford,34,W,Norwegian,right,185.7,76.9,109,6
2748,Ederson Martin,31,ST,Argentine,right,182.3,72.6,197,11
2749,Federico Camavinga,27,ST,Greek,left,178.7,76.7,240,13
2750,Patrik Ramos,36,FB,Romanian,right,178.9,73.5,354,19
2751,Dani Bajcetic,17,CB,German,left,190.5,85.7,340,18
2752,David Werner,18,ST,Greek,right,187.5,81.9,187,11
2753,Breel Scott,23,FB,Swedish,right,177.9,76.3,41,3
2754,Neymar Walker,24,FB,English,right,175.6,72.7,206,12
2755,Jamal Trossard,17,CB,English,right,186.3,83.3,145,8
2756,Emre Perisic,22,ST,Dutch,left,180.7,74.7,202,11
2757,Raphael Kimmich,31,FB,Swedish,left,181.0,76.5,115,7
2758,James Casemiro,35,AM,Turkish,left,183.2,77.1,370,20
2759,Ederson Perisic,31,CM,Norwegian,left,176.3,76.0,118,7
2760,Ciro Pique,26,W,Croatian,right,181.5,78.0,220,12
2761,Can Rashford,32,GK,Norwegian,left,189.3,83.6,311,17
2762,Raphael Foden,32,CM,Swedish,right,172.8,76.6,146,8
2763,Shaqiri Foden,38,ST,Serbian,right,184.4,76.3,154,9
2764,Diego Davies,21,W,French,right,183.4,83.5,70,4
2765,Mohamed Henderson,17,ST,Croatian,right,179.7,81.2,63,4
2766,Sergio Benzema,37,CB,Norwegian,right,181.9,79.7,351,19
2767,Neymar Clarke,35,FB,Danish,right,184.1,81.9,209,12
2768,Ruben Brozovic,31,ST,German,right,185.3,79.8,180,11
2769,Ruben Modric,23,W,Senegalese,right,185.3,75.8,168,10
2770,Florian Anderson,31,W,Belgian,right,189.4,79.6,358,19
2771,David Lewis,18,ST,Greek,left,180.2,80.5,322,17
2772,Emre Benzema,28,AM,Danish,right,178.9,72.4,330,18
2773,Shaqiri Gomez,36,FB,Nigerian,right,177.4,78.4,348,19
2774,Schick Alba,29,ST,Spanish,right,176.9,75.4,25,2
2775,Luis Sterling,21,ST,Norwegian,right,176.7,68.3,176,10
2776,Mohamed Thompson,36,AM,Colombian,right,185.6,77.4,366,20
2777,Haris Lloris,28,W,Swedish,left,175.0,79.5,361,19
2778,Bernardo Carvajal,38,W,Norwegian,right,176.8,80.8,212,12
2779,Andres Fabinho,24,GK,Colombian,left,184.9,78.7,184,11
2780,Juan Mitchell,29,FB,Dutch,right,184.4,76.6,220,12
2781,Can Modric,26,ST,Czech,right,183.6,75.0,56,3
2782,Ivan Son,21,CM,Italian,left,185.1,78.6,297,16
2783,Bernardo Rudiger,21,CB,German,right,186.3,78.2,296,16
2784,Theo Dupont,18,W,Portuguese,left,178.8,69.7,105,6
2785,Kalidou Muller,18,W,Japanese,right,178.6,78.0,53,3
2786,Nikola Busquets,38,CM,Brazilian,left,178.4,79.9,261,14
2787,Marcelo Gakpo,17,CB,German,right,182.1,79.5,330,18
2788,Adam Diaz,21,CM,Austrian,right,178.2,76.8,103,6
2789,Antoine Johnson,23,GK,Polish,left,181.1,78.8,12,1
2790,Santi Van Dijk,20,W,Romanian,right,180.5,78.2,129,7
2791,Breel Hernandez,18,GK,French,right,187.5,79.9,195,11
2792,Marco Mbappe,38,CB,Portuguese,right,185.5,78.2,329,18
2793,Jude Pavard,29,AM,Serbian,right,191.3,78.9,221,13
2794,Kingsley Martinelli,21,ST,English,both,177.9,73.6,362,19
2795,Sadio Salah,36,CB,Nigerian,left,170.6,76.6,379,20
2796,Bernardo Lewis,21,ST,Norwegian,both,173.8,76.7,75,4
2797,Mohamed Kane,18,CM,Czech,left,185.2,77.5,354,19
2798,Jan Brown,33,CM,Nigerian,right,187.7,79.8,324,17
2799,Jamal Nunez,31,W,Korean,right,192.8,80.9,354,19
2800,Joshua Laporte,28,FB,Italian,left,185.2,83.5,141,8
2801,Kai Kovacic,25,W,Portuguese,right,176.6,76.0,169,10
2802,Ferran Gomez,30,CB,Senegalese,right,184.5,75.6,262,14
2803,Ondrej Varane,17,ST,Senegalese,right,179.3,77.8,309,17
2804,Mateo Rossi,35,GK,Italian,right,191.3,78.3,152,9
2805,Sadio Green,28,W,Romanian,left,179.0,77.8,343,18
2806,Pedri Varane,24,W,Polish,right,181.3,78.2,98,6
2807,Trent Valverde,38,CM,English,left,178.3,72.5,331,18
2808,Dusan Kimmich,35,ST,Swiss,right,177.9,79.1,369,20
2809,Alisson Muller,29,CB,Spanish,right,186.3,82.0,55,3
2810,Mason Foden,22,ST,Belgian,right,182.7,72.0,265,15
2811,Jude Rudiger,18,W,Norwegian,right,177.4,71.9,373,20
2812,Remo Laporte,33,ST,Nigerian,right,172.8,74.9,354,19
2813,Milan Bellingham,23,GK,Danish,right,183.3,76.0,180,11
2814,Stefan Martin,23,W,Korean,right,186.9,79.2,361,19
2815,Gabriel Alexander-Arnold,33,CB,Colombian,right,179.4,78.2,116,7
2816,Niklas Upamecano,22,W,Italian,right,179.3,75.9,379,20
2817,Federico Scott,26,FB,Portuguese,right,177.2,76.8,205,12
2818,Marquinhos Santos,32,AM,English,right,189.5,78.3,155,9
2819,Dani Van Dijk,22,CB,Polish,right,184.8,78.0,164,10
2820,Joao Son,22,CM,Greek,right,183.2,73.6,69,4
2821,Marquinhos Kovacic,24,W,Danish,left,180.6,77.8,266,15
2822,Cristiano Taylor,33,ST,Colombian,right,170.4,69.3,41,3
2823,Ricardo Lloris,24,ST,Croatian,right,172.7,75.5,122,7
2824,Manuel Martinez,18,FB,Romanian,right,186.4,84.4,258,14
2825,Robert Perisic,25,FB,Swedish,right,175.3,69.0,313,17
2826,Aymeric Adams,22,FB,Norwegian,left,176.6,74.3,368,20
2827,Kalidou Santos,22,AM,Belgian,right,181.4,82.2,346,19
2828,Ivan Goretzka,24,FB,Uruguayan,right,176.9,76.6,221,13
2829,Leroy Williams,22,ST,Korean,right,184.1,74.0,267,15
2830,Zuber Thomas,34,FB,Norwegian,right,173.4,73.1,302,16
2831,Shaqiri White,33,FB,Swiss,right,178.1,74.8,294,16
2832,Shaqiri White,33,CB,Nigerian,left,185.3,77.1,124,7
2833,Presnel Martin,17,W,Colombian,left,172.4,74.3,205,12
2834,Fernando White,20,CB,French,right,194.2,80.4,132,7
2835,Marquinhos Gnabry,28,W,Korean,right,192.9,77.6,204,12
2836,Remo Garcia,24,FB,Swiss,right,180.2,75.0,326,18
2837,Ricardo Varane,18,FB,English,right,180.4,76.6,313,17
2838,Ferran Smith,29,FB,Argentine,right,190.0,83.9,19,1
2839,Lionel Martinez,36,GK,Argentine,right,180.4,79.5,332,18
2840,Marcelo Nunez,24,AM,German,both,184.3,82.2,183,11
2841,Carlos Kimmich,19,ST,French,both,187.1,84.3,355,19
2842,Cesc Henderson,37,ST,Korean,right,166.2,67.8,56,3
2843,Achraf Baker,23,FB,Austrian,left,177.6,80.5,267,15
2844,Marquinhos Henderson,25,CM,Serbian,right,175.7,80.6,6,1
2845,Alisson Brozovic,22,CB,Romanian,right,189.5,82.4,170,10
2846,Marcelo Brozovic,19,ST,English,right,171.9,78.2,218,12
2847,Carlos Taylor,23,W,Turkish,right,183.8,77.1,337,18
2848,Ferran Gakpo,28,ST,Uruguayan,both,184.0,77.6,119,7
2849,Ederson Sane,17,ST,Korean,both,182.4,77.8,106,6
2850,Marcelo Goretzka,20,ST,Spanish,right,169.7,75.6,363,20
2851,Marco Walker,24,FB,German,left,178.8,77.6,274,15
2852,Antoine Saka,18,FB,Senegalese,both,176.0,75.6,10,1
2853,Dusan Benzema,19,CB,Uruguayan,right,194.4,82.9,340,18
2854,Juan Varane,16,W,Austrian,left,181.8,73.8,309,17
2855,Kevin Bajcetic,23,CB,Turkish,left,180.8,75.1,297,16
2856,Xavi Benzema,22,W,Japanese,right,170.3,73.1,362,19
2857,Ciro Gakpo,36,W,Greek,right,186.9,79.4,37,2
2858,Milan Son,37,FB,Brazilian,right,177.8,78.2,301,16
2859,Pedri Alba,23,ST,Romanian,right,184.0,76.2,313,17
2860,Vinicius Thompson,16,CM,Romanian,right,180.2,78.4,373,20
2861,Luis Sancho,27,FB,Uruguayan,right,175.7,73.7,234,13
2862,Ladislav Ederson,26,FB,Uruguayan,right,182.9,78.9,316,17
2863,Remo Kane,20,GK,Nigerian,right,198.1,82.8,113,6
2864,Mohamed Havertz,29,FB,Argentine,left,169.3,73.6,248,14
2865,Lautaro Szoboszlai,30,AM,Swedish,right,182.0,75.8,181,11
2866,Adam Modric,27,CM,Polish,right,179.6,75.6,270,15
2867,Carlos White,21,AM,Colombian,left,175.3,71.2,80,5
2868,Ilkay Nunez,38,CM,Austrian,right,177.7,74.8,78,4
2869,Florian Carvajal,30,CB,English,left,193.2,84.9,125,7
2870,Cesc Sane,31,W,Senegalese,right,192.9,82.5,278,15
2871,Dani Kroos,24,W,Belgian,left,178.4,75.7,346,19
2872,Joao Lewis,34,CB,Turkish,left,179.7,76.3,366,20
2873,Marco Jones,36,AM,Portuguese,right,168.6,69.2,132,7
2874,Jan Gnabry,16,CM,Japanese,right,176.8,71.4,268,15
2875,David King,20,FB,Italian,right,180.8,79.0,370,20
2876,Ansu Alba,16,FB,Senegalese,right,187.6,77.8,3,1
2877,Serge Benzema,17,CM,Czech,left,180.9,75.3,139,8
2878,Ruben Trossard,18,W,Belgian,right,188.0,83.4,360,19
2879,Lingr Adams,16,FB,Ghanaian,both,184.2,82.0,365,20
2880,Adam Busquets,17,GK,Romanian,right,173.9,74.2,361,19
2881,Marco Gundogan,20,GK,Austrian,right,189.7,79.8,219,12
2882,Marco Gnabry,35,W,Czech,right,181.5,81.1,151,9
2883,Zuber Asensio,26,AM,Brazilian,right,177.6,78.2,198,11
2884,Erling Varane,19,GK,Belgian,right,182.6,72.4,352,19
2885,Antoine Mane,26,ST,Dutch,right,173.0,79.6,156,9
2886,Florian Brown,20,W,Colombian,left,183.7,79.9,50,3
2887,Ferran Baker,22,ST,Austrian,right,178.4,73.3,232,13
2888,Ricardo Clarke,30,W,Croatian,right,181.2,77.6,108,6
2889,John Saka,30,W,Portuguese,left,173.8,70.7,306,16
2890,Fabio Modric,19,W,Dutch,left,179.1,75.8,177,10
2891,Remo Silva,29,CM,Ghanaian,right,178.5,82.4,258,14
2892,Diego Thomas,34,GK,Japanese,left,180.6,76.3,212,12
2893,Ciro Trossard,25,W,Ghanaian,left,187.1,79.2,60,4
2894,Ivan Rossi,38,AM,Moroccan,right,186.2,75.9,332,18
2895,Robert Salah,24,CM,Norwegian,right,185.8,78.6,216,12
2896,Robert Rossi,34,CM,Japanese,right,177.9,81.7,315,17
2897,Gabriel Carvajal,17,ST,French,right,186.4,80.6,336,18
2898,Federico Mbappe,22,FB,Serbian,left,178.2,73.8,327,18
2899,Niklas Trossard,36,CM,Turkish,right,174.7,77.6,139,8
2900,Jordi Sane,26,ST,Danish,left,182.4,80.7,29,2
2901,Trent Gomez,29,AM,Spanish,right,179.2,70.4,210,12
2902,Mason Walker,22,CM,Ghanaian,right,172.0,72.7,377,20
2903,Alisson Nunez,30,W,Dutch,right,175.7,70.0,266,15
2904,Fernando Wilson,29,FB,Japanese,right,183.2,76.3,194,11
2905,Zuber Foden,16,AM,Italian,right,181.8,75.3,144,8
2906,Carlos Nunez,35,GK,Ghanaian,right,185.4,74.9,45,3
2907,Marco Brozovic,38,FB,Norwegian,right,181.3,74.7,373,20
2908,Bukayo Fabinho,34,W,German,left,184.2,79.9,94,5
2909,David Pogba,30,ST,Romanian,right,172.2,68.5,358,19
2910,Borna Rossi,26,W,Colombian,right,179.6,76.1,358,19
2911,Hlozek Muller,38,ST,German,right,188.3,80.4,65,4
2912,Federico Van Dijk,21,AM,Czech,right,188.9,73.9,162,9
2913,Serge Kramaric,28,CM,Dutch,right,182.8,73.9,369,20
2914,Rafael Mitchell,18,W,Croatian,right,179.3,74.1,75,4
2915,Jordi Sancho,18,W,Croatian,right,176.5,74.2,161,9
2916,Joao Gundogan,21,W,Argentine,both,178.0,76.8,238,13
2917,Federico Nunez,35,CM,Austrian,right,181.6,76.2,249,14
2918,Emre Scott,24,W,Argentine,right,184.7,73.6,229,13
2919,Luis Lewis,22,AM,English,right,184.5,75.8,275,15
2920,Alisson Kimmich,28,FB,Italian,left,180.9,75.5,32,2
2921,Fabio Gakpo,16,CB,Swiss,right,184.2,76.0,278,15
2922,Gabriel Santos,36,W,Senegalese,right,175.0,73.2,321,17
2923,Borna Harris,29,GK,Nigerian,both,188.8,81.9,203,12
2924,Erling Adams,34,CM,Portuguese,both,181.0,78.8,116,7
2925,Jamal Brozovic,29,FB,Ghanaian,right,175.9,77.1,121,7
2926,Erling Baker,21,W,Nigerian,left,181.5,79.8,233,13
2927,Fernando Williams,27,FB,Swedish,right,175.4,76.4,188,11
2928,Sergio Green,29,CM,Danish,right,173.7,75.6,195,11
2929,Santi Gomez,28,W,Senegalese,right,176.8,72.8,67,4
2930,Achraf Szoboszlai,18,ST,Czech,right,186.5,80.4,221,13
2931,Antoine Bajcetic,16,AM,Dutch,right,178.1,69.9,34,2
2932,Marquinhos Mitchell,37,CM,Argentine,left,178.5,71.3,211,12
2933,Lingr Adams,18,ST,Argentine,right,177.2,79.2,69,4
2934,Hlozek Williams,25,CB,French,left,182.3,79.2,259,14
2935,Hlozek Dias,24,FB,English,right,190.0,80.3,286,16
2936,Adam Lewis,24,FB,Portuguese,right,178.9,80.7,55,3
2937,Erling Trossard,20,FB,Colombian,left,180.3,82.3,146,8
2938,Andres Harris,17,CM,Czech,right,185.0,81.8,289,16
2939,Leroy Walker,32,AM,English,right,188.7,75.6,25,2
2940,Xavi Sane,37,CB,English,right,185.2,81.9,312,17
2941,Cesc Anderson,34,CB,Dutch,left,187.3,83.2,310,17
2942,Carlos Ederson,34,CM,Polish,left,176.1,76.9,319,17
2943,Ciro Wan-Bissaka,23,FB,Swedish,both,176.2,78.3,189,11
2944,Federico Muller,34,ST,Senegalese,right,183.2,79.6,168,10
2945,Luis Dupont,33,AM,Japanese,right,181.3,79.9,162,9
2946,Lingr Ramos,33,CM,Swedish,right,183.9,77.4,284,16
2947,Gavi Pavard,19,CM,Portuguese,both,182.4,76.4,99,6
2948,Ederson Firmino,27,CB,Korean,right,186.3,83.7,308,17
2949,Stefan Dupont,16,FB,Ghanaian,right,182.8,80.5,268,15
2950,Jamal Ederson,35,AM,Dutch,right,184.0,79.5,284,16
2951,Federico Foden,26,ST,Spanish,right,171.5,66.1,148,8
2952,Paulo Brown,35,ST,German,right,176.9,78.4,183,11
2953,Xherdan Perisic,25,CM,Italian,left,176.7,72.8,327,18
2954,Andres Kramaric,33,CM,Senegalese,right,181.8,80.0,153,9
2955,Federico Martin,21,GK,Romanian,right,191.2,81.4,371,20
2956,Remo Kramaric,24,ST,French,left,193.0,81.4,222,13
2957,Ferran Johnson,20,FB,Spanish,left,171.1,70.2,97,6
2958,Carlos Stones,29,AM,Japanese,right,171.8,80.7,278,15
2959,Antoine Lloris,17,CB,Moroccan,left,181.9,81.3,334,18
2960,Emre Martin,19,CB,Moroccan,right,199.1,84.5,236,13
2961,Fabio Martinelli,21,AM,Turkish,right,180.2,76.6,372,20
2962,Fernando Thomas,16,ST,Argentine,left,182.4,80.4,215,12
2963,David Jackson,21,CB,English,right,191.0,80.6,111,6
2964,Jude Brozovic,25,ST,Swiss,right,182.3,79.1,185,11
2965,Luis Busquets,17,FB,Belgian,left,187.9,79.6,165,10
2966,Stefan Brown,25,FB,German,right,179.9,73.2,244,14
2967,Manuel Taylor,30,W,Moroccan,left,183.4,80.1,348,19
2968,Shaqiri Fabinho,20,GK,Czech,right,183.5,79.7,204,12
2969,Dusan Sterling,33,W,Japanese,right,184.1,71.8,294,16
2970,Vinicius Casemiro,18,CM,Brazilian,left,180.2,82.7,68,4
2971,Marquinhos Busquets,17,GK,Senegalese,left,177.2,79.1,298,16
2972,Raphael Green,23,FB,Danish,right,185.2,83.5,310,17
2973,Ruben Smith,25,CM,Nigerian,right,184.7,79.4,20,1
2974,Cristiano Silva,20,W,Turkish,right,176.7,77.5,300,16
2975,Rodri Davies,31,CB,Colombian,right,191.6,80.8,181,11
2976,Antoine Griezmann,16,AM,Argentine,right,178.8,71.6,359,19
2977,Vinicius Kramaric,38,AM,German,right,171.6,71.4,181,11
2978,Willian Ederson,23,ST,French,right,180.1,80.7,201,11
2979,Thomas Hall,29,W,Italian,right,180.0,71.3,216,12
2980,Ciro Allen,18,CB,English,right,175.0,77.4,165,10
2981,Ricardo Rodriguez,16,FB,Norwegian,right,183.0,77.6,221,13
2982,Achraf Mitchell,22,AM,Serbian,right,176.0,77.2,124,7
2983,Trent Bajcetic,19,CM,Japanese,left,179.5,76.5,77,4
2984,Aymeric Trossard,19,CB,Norwegian,right,195.5,82.3,368,20
2985,Erling Busquets,29,ST,Polish,right,194.4,84.4,193,11
2986,Stefan Jackson,31,W,Romanian,left,173.6,74.9,276,15
2987,Rodri Casemiro,32,AM,French,right,177.5,86.4,148,8
2988,Adam Neuer,35,FB,Croatian,left,180.0,77.9,271,15
2989,Ruben Odegaard,33,CM,Romanian,left,178.1,71.8,360,19
2990,Alisson Adams,17,W,Greek,left,181.4,76.4,2,1
2991,Robert Sancho,21,ST,Moroccan,left,183.6,78.2,256,14
2992,Antoine Benzema,38,W,Czech,right,170.2,71.5,352,19
2993,Pedri Clarke,36,W,Korean,left,182.6,77.8,151,9
2994,Xherdan Gomez,36,GK,Spanish,right,177.2,78.3,31,2
2995,Pedri Laporte,34,CM,Austrian,both,178.3,69.1,355,19
2996,Neymar Mitchell,36,CM,Serbian,right,180.6,75.0,373,20
2997,Kylian Mac Allister,34,FB,German,right,188.2,79.9,336,18
2998,Jamal Firmino,20,W,Czech,right,183.1,81.9,166,10
2999,Rodri Smith,25,AM,Croatian,right,172.8,75.4,95,5
3000,Niklas Trossard,17,GK,Swiss,right,176.7,80.3,141,8
3001,Mohamed Thompson,26,W,Danish,right,177.1,73.7,14,1
3002,Erling Kimmich,33,CM,Danish,left,173.0,73.5,341,18
3003,Sadio Bajcetic,28,CM,Korean,right,184.6,78.7,260,14
3004,Emre Sancho,33,CM,French,left,178.3,78.5,344,18
3005,Jude Jackson,35,CM,Polish,right,183.6,83.3,359,19
3006,Andres Sterling,16,CB,Japanese,right,186.2,79.5,72,4
3007,Leroy Van Dijk,34,CM,Korean,right,183.7,80.0,15,1
3008,Leon Mbappe,33,CB,Colombian,right,199.9,86.8,308,17
3009,Schick Pogba,36,W,Polish,right,182.8,81.0,2,1
3010,Cesc Upamecano,23,GK,Italian,right,186.2,77.2,290,16
3011,Can Werner,20,GK,Danish,right,186.9,79.8,318,17
3012,Jamal Camavinga,25,ST,French,right,184.5,78.1,371,20
3013,Leon Williams,29,CM,Polish,right,178.8,78.7,117,7
3014,Paulo Ederson,35,GK,Norwegian,right,185.7,80.2,330,18
3015,Raphael Allen,33,CB,Nigerian,right,187.3,72.7,303,16
3016,Ricardo Bellingham,33,AM,Colombian,left,173.9,77.6,335,18
3017,Ferran Henderson,20,CB,Ghanaian,right,177.4,80.9,95,5
3018,Xavi Gnabry,24,CM,Senegalese,right,171.4,75.1,373,20
3019,Kalidou Goretzka,31,FB,Ghanaian,right,181.5,79.0,370,20
3020,Ilkay Thomas,33,CB,Norwegian,both,180.9,74.2,279,15
3021,Neymar Gomez,18,W,Brazilian,left,174.4,73.9,57,3
3022,Roberto Wan-Bissaka,31,ST,Argentine,right,180.0,76.8,138,8
3023,Bruno Trossard,35,CB,Moroccan,right,181.6,77.0,17,1
3024,Breel Wan-Bissaka,31,W,Nigerian,right,178.9,75.9,193,11
3025,Timo Ramos,16,CM,Argentine,right,177.2,78.7,366,20
3026,Ondrej Wilson,26,W,Czech,right,178.3,81.5,153,9
3027,Fernando Mac Allister,32,CB,Czech,left,185.9,85.1,303,16
3028,Ferran Davies,37,ST,Serbian,right,179.0,73.4,203,12
3029,Trent Pogba,16,ST,Brazilian,right,176.4,81.3,371,20
3030,James Young,20,W,Danish,right,188.1,81.3,229,13
3031,Raphael Rudiger,38,ST,Serbian,right,187.5,81.6,254,14
3032,Remo Gundogan,23,FB,Korean,left,186.4,80.9,113,6
3033,Marquinhos Kroos,21,GK,Polish,right,180.8,84.9,233,13
3034,Breel Varane,36,CB,Swiss,left,184.1,71.9,192,11
3035,Stefan Werner,24,AM,Dutch,right,184.0,79.5,267,15
3036,Phil Szoboszlai,26,ST,Argentine,right,176.5,74.9,52,3
3037,Mohamed Bajcetic,20,W,Swiss,right,179.0,75.4,60,4
3038,Schick Gakpo,17,CM,Czech,right,169.6,72.1,350,19
3039,Remo Modric,36,ST,English,right,180.9,78.1,68,4
3040,Manuel White,32,ST,Moroccan,left,181.8,77.4,351,19
3041,Achraf Mac Allister,29,AM,Nigerian,right,177.9,74.5,260,14
3042,Aymeric Gakpo,20,W,Italian,right,179.7,77.6,166,10
3043,Nikola Hall,35,W,Belgian,right,176.3,80.7,126,7
3044,Joshua Kramaric,17,CB,Korean,right,186.3,83.8,274,15
3045,Luka Wilson,34,ST,Argentine,right,189.6,75.2,279,15
3046,Patrik Taylor,35,W,German,right,182.1,76.5,284,16
3047,Adam Silva,22,GK,Japanese,left,189.9,79.9,339,18
3048,Milan Bellingham,26,AM,Turkish,left,184.5,88.1,222,13
3049,Ilkay Bajcetic,33,CB,Colombian,right,197.4,85.6,215,12
3050,Joshua Johnson,28,ST,French,right,179.1,83.1,265,15
3051,Ricardo Odegaard,18,CM,Belgian,right,180.5,83.0,291,16
3052,Kai Alba,25,FB,Senegalese,left,181.6,74.9,133,8
3053,Willian Jones,37,CB,English,left,183.2,73.4,374,20
3054,Xavi Martin,37,AM,Korean,right,174.2,77.1,62,4
3055,Kalidou Firmino,29,W,Norwegian,left,175.9,73.2,296,16
3056,Marcelo Gakpo,30,CM,Brazilian,right,183.2,74.8,252,14
3057,Mateo De Bruyne,35,FB,Italian,right,182.9,72.6,341,18
3058,Gabriel Mac Allister,26,W,Swedish,right,178.7,75.6,255,14
3059,Kai Harris,38,CM,Greek,right,172.1,77.0,239,13
3060,Leroy Ramos,20,GK,Korean,left,181.7,82.3,368,20
3061,Lautaro Trossard,21,W,Dutch,both,177.4,76.8,359,19
3062,Achraf Ramos,37,GK,Belgian,right,189.9,80.5,227,13
3063,Jamal Santos,22,ST,German,right,171.1,70.0,93,5
3064,Leon Robertson,38,AM,French,right,179.8,78.9,224,13
3065,Timo Rodriguez,27,W,English,right,191.3,78.2,121,7
3066,Ruben Asensio,28,ST,Romanian,right,174.0,76.8,353,19
3067,Marquinhos Hernandez,27,W,Colombian,right,189.4,77.1,328,18
3068,Jude Lloris,26,GK,Moroccan,right,183.2,78.8,275,15
3069,Marco Kante,35,CB,German,left,180.0,77.2,207,12
3070,Trent Ederson,30,AM,Brazilian,right,180.9,82.6,50,3
3071,Ciro Gnabry,27,AM,Danish,left,177.0,76.5,260,14
3072,Leon Silva,24,ST,Greek,right,173.2,69.7,209,12
3073,Kai Lewis,26,CB,Greek,right,188.4,85.0,260,14
3074,Ansu Sancho,17,CM,Korean,left,179.9,74.5,218,12
3075,Ondrej Kimmich,38,ST,Colombian,both,186.9,79.6,345,19
3076,Kai Pavard,30,AM,Serbian,right,182.6,78.3,376,20
3077,Cesc King,22,ST,Portuguese,right,179.9,79.4,290,16
3078,Marco Brown,26,FB,German,left,181.1,78.5,274,15
3079,Ladislav Havertz,38,W,Italian,right,189.7,85.0,240,13
3080,Patrik Jackson,31,CB,Czech,right,190.5,79.7,167,10
3081,Kai Green,26,W,Croatian,right,189.0,78.1,82,5
3082,Kai Valverde,19,GK,Moroccan,left,189.5,79.6,217,12
3083,Federico Rudiger,34,W,Japanese,right,186.6,80.4,287,16
3084,Luis Goretzka,18,ST,English,right,172.8,73.4,307,17
3085,Leon Gundogan,33,ST,Uruguayan,right,183.1,75.1,168,10
3086,Florian Lopez,36,W,Nigerian,right,171.0,72.2,213,12
3087,Jamal Dias,16,CB,Norwegian,right,195.2,83.5,365,20
3088,Bukayo Jackson,21,ST,Colombian,left,181.8,77.3,328,18
3089,John Green,32,CB,English,right,181.4,79.0,286,16
3090,Serge Rudiger,17,CM,Austrian,right,180.8,77.0,258,14
3091,Mateo De Bruyne,16,CM,French,right,183.9,81.5,298,16
3092,Ladislav Ederson,18,W,Japanese,right,176.4,77.0,157,9
3093,Santi Odegaard,25,ST,Senegalese,left,187.7,82.0,253,14
3094,Sadio Werner,30,CM,Italian,right,176.9,78.8,341,18
3095,Robert Anderson,24,ST,Senegalese,right,183.3,81.0,229,13
3096,Presnel Upamecano,30,W,Brazilian,right,173.4,74.2,355,19
3097,Fabio Carvajal,36,GK,Brazilian,right,187.7,73.3,317,17
3098,Luis Dias,25,CM,Colombian,right,176.4,79.7,275,15
3099,Mohamed Taylor,26,AM,Spanish,right,189.5,86.4,375,20
3100,Leroy Dupont,18,AM,Nigerian,right,183.5,76.3,131,7
3101,Santi Scott,37,CB,German,right,186.8,71.1,380,20
3102,Ederson Thompson,22,ST,Czech,right,179.7,73.1,321,17
3103,Ilkay Jones,30,CB,Swiss,left,175.3,73.9,154,9
3104,Kylian Pique,33,CB,Ghanaian,left,186.2,81.7,37,2
3105,Schick Taylor,23,ST,Austrian,right,171.8,71.5,34,2
3106,Ciro Gnabry,25,W,French,right,183.1,79.3,312,17
3107,Ondrej Busquets,20,FB,Turkish,right,175.3,80.0,233,13
3108,Ilkay Griezmann,22,CM,Serbian,right,181.4,76.1,189,11
3109,Juan Stones,19,ST,Colombian,right,185.3,80.9,108,6
3110,Sadio Kramaric,19,W,Polish,right,182.1,76.3,344,18
3111,Ruben Lewis,27,ST,Croatian,right,171.3,74.2,237,13
3112,Xavi Fabinho,35,CM,Romanian,right,191.6,80.8,305,16
3113,Jan Gomez,28,FB,Korean,right,182.8,78.0,83,5
3114,Borna Lopez,31,GK,Moroccan,right,189.3,86.3,311,17
3115,Thibaut Moore,21,CB,Swiss,right,186.9,77.7,270,15
3116,Alisson Rossi,28,CM,Korean,right,178.6,78.6,65,4
3117,Nikola Sancho,35,CM,Croatian,right,182.8,75.8,325,18
3118,Joshua Hernandez,19,ST,Turkish,right,175.8,74.6,122,7
3119,Theo Diaz,27,AM,English,right,185.2,76.5,105,6
3120,Luka Kroos,37,ST,Danish,right,180.4,80.0,101,6
3121,Breel Gomez,24,GK,Spanish,right,191.5,81.6,365,20
3122,Haris Brown,29,AM,Romanian,left,173.1,73.3,248,14
3123,Roberto Griezmann,30,W,Ghanaian,right,180.4,80.0,125,7
3124,Phil Diaz,31,CB,Austrian,left,178.6,81.8,255,14
3125,Erling Wan-Bissaka,31,GK,Turkish,right,181.6,73.8,137,8
3126,Mateo Taylor,22,GK,Croatian,left,196.1,81.5,111,6
3127,Lionel Brozovic,17,FB,Moroccan,right,180.1,75.8,336,18
3128,Xavi Santos,25,AM,Colombian,right,184.9,76.1,91,5
3129,Sergio Ederson,18,ST,Korean,right,181.5,72.5,24,2
3130,Kai Silva,22,FB,Nigerian,left,182.7,78.4,355,19
3131,Lionel Mbappe,26,CB,Greek,right,192.5,83.4,170,10
3132,Mohamed Nunez,16,AM,Ghanaian,right,169.9,76.2,225,13
3133,Luka Jones,35,CM,Nigerian,right,169.2,70.1,335,18
3134,Leon Casemiro,35,W,German,right,173.7,77.4,332,18
3135,Andres Robertson,37,ST,Norwegian,right,186.2,79.4,370,20
3136,Diego Sancho,22,W,Croatian,right,186.5,79.6,99,6
3137,Ondrej Alexander-Arnold,31,GK,Romanian,left,190.9,81.4,269,15
3138,Kevin Kroos,26,FB,Italian,left,178.8,82.1,116,7
3139,Presnel Walker,35,CB,Italian,left,187.4,80.0,249,14
3140,Santi Dupont,32,W,Senegalese,right,187.2,77.3,213,12
3141,Luka Pogba,32,W,Colombian,right,182.1,81.0,144,8
3142,Shaqiri Odegaard,32,ST,Italian,right,185.9,79.6,239,13
3143,Gabriel Busquets,17,W,Senegalese,left,178.2,75.3,208,12
3144,Bernardo Dias,38,CM,Senegalese,right,172.1,72.0,259,14
3145,Adam Sancho,21,CB,Portuguese,right,184.6,80.0,53,3
3146,Trent Santos,31,CM,Spanish,right,180.0,78.3,328,18
3147,Joao Anderson,20,FB,Argentine,left,186.3,78.1,13,1
3148,Cesc Martinez,35,W,Colombian,left,168.5,73.4,310,17
3149,Ricardo Firmino,22,CB,Dutch,right,184.3,78.5,289,16
3150,Lingr Varane,27,ST,Greek,right,183.4,81.4,341,18
3151,Manuel Pique,34,ST,Ghanaian,left,175.9,73.0,313,17
3152,Emre Hall,25,CM,Ghanaian,right,180.7,83.8,322,17
3153,Antoine Valverde,22,W,Spanish,right,180.1,77.0,372,20
3154,Antoine Firmino,27,W,Senegalese,right,181.6,76.8,231,13
3155,Kevin Clarke,21,FB,Portuguese,right,180.8,77.0,219,12
3156,Shaqiri Gakpo,33,FB,Polish,right,183.5,82.6,366,20
3157,Fernando Son,34,CM,Italian,left,179.5,77.4,337,18
3158,Kai Griezmann,17,W,Swedish,right,183.6,80.7,145,8
3159,Granit Firmino,31,AM,Swiss,right,179.6,78.0,335,18
3160,Bukayo Gnabry,29,ST,Brazilian,right,184.4,73.5,268,15
3161,Diego Bellingham,22,FB,Austrian,right,186.5,77.7,307,17
3162,Xherdan Szoboszlai,20,CB,Brazilian,right,189.3,82.5,325,18
3163,Milan Alba,26,W,Spanish,right,181.2,77.4,372,20
3164,Kai Adams,20,W,Japanese,right,173.0,78.4,335,18
3165,Haris Diaz,36,CB,Japanese,left,188.6,76.6,32,2
3166,Federico Kimmich,36,W,Spanish,right,180.7,79.9,315,17
3167,Marquinhos Kroos,30,W,Czech,right,172.6,76.7,195,11
3168,Serge Young,36,CM,Italian,left,178.5,75.5,347,19
3169,Dusan Sane,21,AM,Danish,both,177.4,75.5,32,2
3170,Ciro Fernandez,19,CM,Senegalese,right,180.3,82.0,82,5
3171,Ferran Mane,34,ST,Brazilian,right,182.6,76.8,11,1
3172,Dani Hernandez,29,CM,Brazilian,right,182.7,79.9,53,3
3173,Gabriel Walker,28,AM,Spanish,left,185.9,80.3,376,20
3174,Mason Johnson,33,CM,Moroccan,right,184.8,77.8,258,14
3175,Luis Rodriguez,33,CB,Polish,right,188.1,84.5,315,17
3176,Raphael Bellingham,19,ST,Korean,left,183.9,81.8,290,16
3177,Dusan Green,32,AM,Colombian,left,183.2,82.5,359,19
3178,Sergio Henderson,30,GK,Austrian,left,193.3,83.8,23,2
3179,Xherdan Harris,22,CM,Czech,right,169.9,74.0,144,8
3180,Juan Baker,19,ST,Austrian,right,174.9,78.1,362,19
3181,Joao Nunez,25,CM,Italian,left,180.1,71.2,340,18
3182,Robert Havertz,24,CB,Spanish,right,177.7,75.5,318,17
3183,Niklas Kimmich,38,AM,Belgian,left,195.3,82.0,168,10
3184,Adam Scott,26,AM,Uruguayan,right,171.6,78.1,380,20
3185,Alisson Mac Allister,27,CM,Swedish,right,180.0,78.2,121,7
3186,Thibaut Gomez,26,ST,Belgian,right,182.4,72.4,132,7
3187,Kai Walker,38,CM,Austrian,right,183.9,83.0,260,14
3188,Luis Fernandez,16,GK,Colombian,right,194.7,78.6,195,11
3189,Kalidou Baker,36,FB,Spanish,left,177.5,72.6,269,15
3190,Ansu Modric,24,FB,French,right,187.6,81.4,266,15
3191,Presnel Baker,38,ST,Japanese,left,177.8,74.1,363,20
3192,Ruben Thompson,18,W,Swedish,left,176.2,76.8,30,2
3193,Luka Carvajal,19,CB,Serbian,right,190.6,78.8,85,5
3194,Vinicius Santos,29,CM,Spanish,right,184.6,82.6,303,16
3195,Ederson Clarke,17,ST,Turkish,left,183.1,75.0,361,19
3196,Stefan Adams,27,CM,Turkish,right,178.6,72.0,183,11
3197,Timo Hernandez,37,AM,Spanish,both,180.7,78.6,343,18
3198,Niklas Sterling,25,ST,French,right,173.9,70.6,283,16
3199,Trent Pavard,30,W,Serbian,left,184.0,81.9,274,15
3200,Bukayo Hall,33,AM,Austrian,left,181.6,81.7,118,7
3201,Dusan Kroos,22,CB,Swedish,right,184.3,77.5,104,6
3202,Marco Hall,26,CM,Austrian,right,175.0,79.1,155,9
3203,Haris Smith,29,AM,Danish,right,180.9,76.8,369,20
3204,Jude Hernandez,22,GK,Moroccan,right,195.6,82.2,356,19
3205,Phil Salah,21,W,English,right,174.4,76.7,130,7
3206,Thibaut Kimmich,18,W,Polish,right,183.2,83.3,319,17
3207,Willian Brozovic,22,FB,English,right,180.0,74.3,362,19
3208,Fabio Davies,29,FB,Brazilian,right,175.8,72.7,276,15
3209,Achraf Scott,20,CM,German,left,176.8,80.7,143,8
3210,Florian Pique,25,CM,Greek,right,186.4,81.3,255,14
3211,Lingr Thompson,31,CB,Ghanaian,right,188.5,77.8,251,14
3212,Mateo Camavinga,16,CB,German,right,183.2,75.1,262,14
3213,Fabio Laporte,17,GK,Italian,right,190.8,78.1,360,19
3214,Achraf Mac Allister,30,CM,Spanish,right,182.7,79.7,135,8
3215,Paulo Casemiro,21,W,French,right,177.7,75.0,49,3
3216,Alisson Scott,24,CB,Nigerian,right,177.0,73.7,275,15
3217,Erling Son,20,FB,Ghanaian,both,180.6,72.5,65,4
3218,Diego Lopez,34,W,Romanian,right,181.8,76.3,343,18
3219,David Modric,17,GK,German,left,189.4,82.5,377,20
3220,Bernardo Szoboszlai,17,ST,German,right,179.0,76.3,186,11
3221,Cristiano King,34,AM,Swiss,left,179.3,74.1,69,4
3222,Sadio Dupont,18,CB,Croatian,left,183.6,78.6,379,20
3223,Patrik Perisic,24,CB,Moroccan,both,181.1,79.7,320,17
3224,Diego Laporte,37,AM,Romanian,right,189.8,82.4,306,16
3225,Florian Allen,36,FB,Colombian,left,182.0,81.1,70,4
3226,Theo Pique,34,CM,Korean,right,179.6,79.1,255,14
3227,Ederson Thompson,35,FB,Uruguayan,right,173.6,73.5,122,7
3228,Harry Wilson,36,ST,Japanese,right,187.3,80.8,137,8
3229,Ilkay Kroos,26,CB,German,left,179.1,70.3,49,3
3230,Shaqiri Rodriguez,28,GK,Norwegian,right,192.5,82.0,293,16
3231,Ruben Baker,26,ST,Polish,left,184.4,81.9,110,6
3232,Lionel Smith,31,CM,Moroccan,both,182.7,80.3,214,12
3233,Rafael Green,27,GK,Dutch,left,187.8,80.3,324,17
3234,Ederson Trossard,31,ST,Danish,right,180.6,73.6,11,1
3235,Phil Stones,25,ST,Belgian,right,191.7,83.0,360,19
3236,James Firmino,22,CM,Moroccan,right,177.9,75.4,2,1
3237,Theo Alba,30,AM,Norwegian,right,184.7,77.3,69,4
3238,Can Williams,30,CM,Romanian,right,179.9,76.2,226,13
3239,Fernando Gakpo,21,GK,Romanian,right,196.5,88.0,364,20
3240,Emre Williams,24,FB,Argentine,right,179.7,76.3,346,19
3241,Gabriel Benzema,25,CM,Ghanaian,left,172.8,72.7,326,18
3242,Fabio Firmino,34,CM,Spanish,right,189.2,76.5,327,18
3243,Marquinhos Harris,27,CB,Italian,right,188.1,82.3,34,2
3244,Shaqiri Odegaard,34,W,English,right,180.8,80.0,58,3
3245,Ruben Brozovic,33,GK,Brazilian,right,180.6,79.1,86,5
3246,Federico Rossi,35,AM,Colombian,left,180.3,74.2,138,8
3247,Breel Adams,21,AM,Swiss,right,190.0,77.7,258,14
3248,Kevin Jones,17,ST,Moroccan,right,175.1,78.2,185,11
3249,Vinicius Sterling,24,W,Nigerian,right,170.1,71.8,97,6
3250,Marco Trossard,27,CM,Moroccan,right,177.2,73.3,12,1
3251,Andres Griezmann,36,GK,Turkish,right,184.5,74.6,356,19
3252,Florian De Bruyne,24,ST,Norwegian,right,187.4,86.0,348,19
3253,Jan Neuer,29,FB,Japanese,both,182.6,79.4,355,19
3254,Kai Neuer,27,GK,English,right,193.4,87.5,210,12
3255,Presnel Mac Allister,19,FB,Serbian,right,178.7,76.0,364,20
3256,Harry Jackson,32,FB,Swedish,right,169.6,73.5,322,17
3257,Patrik Henderson,29,AM,Danish,right,179.7,80.6,129,7
3258,Thomas Valverde,30,ST,Senegalese,right,181.2,81.7,321,17
3259,Paulo Gnabry,29,CB,Norwegian,right,173.2,71.6,240,13
3260,Cesc Taylor,35,CM,Brazilian,right,180.5,81.6,133,8
3261,Harry Salah,33,AM,Senegalese,right,179.5,74.4,85,5
3262,Dusan Son,23,FB,Moroccan,right,170.0,70.9,81,5
3263,Ederson Davies,27,ST,Swiss,right,184.0,80.1,330,18
3264,Serge Williams,24,FB,English,right,187.6,82.0,362,19
3265,Thibaut Jones,26,W,Nigerian,right,183.4,85.2,80,5
3266,Remo Anderson,18,CB,Moroccan,right,185.0,71.1,170,10
3267,Ondrej Anderson,24,CM,Argentine,left,177.7,79.1,184,11
3268,Ederson Robertson,34,CB,Japanese,right,182.5,82.1,238,13
3269,Jude Mane,16,CM,Ghanaian,right,185.4,78.7,132,7
3270,Jamal Martinez,37,CB,Serbian,left,182.6,78.1,168,10
3271,Kalidou Havertz,30,W,Argentine,right,189.1,84.9,352,19
3272,Kylian Bellingham,33,ST,Turkish,right,179.8,73.4,355,19
3273,Breel Hernandez,18,ST,French,left,180.7,78.3,203,12
3274,Achraf Gundogan,27,GK,Uruguayan,left,187.5,76.7,318,17
3275,Hlozek Bajcetic,35,FB,Polish,right,186.7,83.9,9,1
3276,Robert Martinez,18,CM,Nigerian,both,188.2,77.7,283,16
3277,Ondrej Robertson,26,W,Colombian,left,185.8,88.9,369,20
3278,Gabriel Kimmich,30,CM,Swedish,left,181.1,74.6,123,7
3279,Manuel Gomez,16,W,German,right,185.5,81.3,363,20
3280,Schick Kroos,31,GK,Serbian,left,191.4,81.6,325,18
3281,Lingr Green,29,CM,Swiss,left,187.6,84.6,38,2
3282,David Adams,18,ST,Spanish,right,185.8,77.6,239,13
3283,Neymar Thomas,19,AM,Brazilian,right,174.4,72.5,199,11
3284,Kingsley Martinelli,19,W,Moroccan,right,187.1,75.9,156,9
3285,Fernando Rossi,36,CM,French,right,185.7,81.2,99,6
3286,Raphael Wan-Bissaka,17,CM,Dutch,left,181.8,78.2,292,16
3287,Emre Varane,35,W,Moroccan,left,188.1,78.8,182,11
3288,Patrik Laporte,38,ST,Colombian,right,190.0,79.3,337,18
3289,Serge Valverde,35,CM,Swedish,right,169.3,73.9,62,4
3290,Mateo Stones,20,FB,Swedish,left,173.8,76.2,162,9
3291,Vinicius Salah,29,FB,Moroccan,left,177.3,72.6,286,16
3292,Luis Werner,35,GK,Korean,right,191.0,82.8,309,17
3293,Marco De Bruyne,16,CM,Italian,right,182.0,77.4,175,10
3294,Trent Henderson,35,CM,Portuguese,right,182.0,79.1,251,14
3295,Ilkay Anderson,19,AM,Norwegian,left,185.1,78.0,358,19
3296,Aymeric Jones,20,ST,Brazilian,right,170.8,70.1,175,10
3297,Lionel Griezmann,27,CM,Dutch,right,179.3,79.2,343,18
3298,Jude Gnabry,23,W,French,both,182.6,78.0,45,3
3299,John Brown,30,CM,Danish,right,177.4,77.2,212,12
3300,Bukayo Sterling,38,W,English,right,179.6,81.0,124,7
3301,Mohamed Wan-Bissaka,36,AM,Swedish,right,178.6,78.3,206,12
3302,Antoine Clarke,29,CB,Moroccan,left,186.9,81.0,251,14
3303,Xherdan Gundogan,22,CM,English,left,183.8,81.2,11,1
3304,David Dupont,23,ST,Swiss,left,193.1,85.3,26,2
3305,Ricardo Ramos,21,CM,Danish,right,178.8,73.3,236,13
3306,Bernardo Ederson,35,AM,Belgian,right,180.4,78.7,127,7
3307,Rodri Young,31,CB,Swiss,right,177.5,78.6,309,17
3308,Dani Baker,19,W,Swiss,right,180.5,80.6,225,13
3309,Ondrej Camavinga,27,CB,Spanish,right,180.0,81.5,106,6
3310,Lautaro Gnabry,16,FB,Argentine,right,181.1,74.8,168,10
3311,Ruben Bellingham,31,CB,Austrian,right,185.9,78.3,247,14
3312,Virgil Pogba,26,CM,Serbian,right,183.4,79.5,242,14
3313,Rafael Perisic,18,CM,Polish,right,174.2,76.3,151,9
3314,Dani Lloris,17,AM,Romanian,right,182.4,80.1,250,14
3315,Ondrej Clarke,31,W,Danish,right,185.7,81.3,123,7
3316,Antoine Henderson,20,W,Danish,left,183.3,82.3,175,10
3317,Stefan Foden,34,FB,English,left,175.7,79.3,322,17
3318,Thomas Mane,25,GK,Portuguese,right,187.1,81.1,311,17
3319,Xherdan Diaz,33,CB,German,left,194.6,87.2,202,11
3320,Granit Brozovic,16,GK,Italian,left,178.5,78.5,149,8
3321,Aymeric Mbappe,19,CB,Croatian,right,194.5,83.0,205,12
3322,Erling Gomez,36,CB,French,right,189.4,77.2,357,19
3323,Harry Ramos,29,GK,Japanese,right,179.4,75.5,238,13
3324,Presnel Lewis,24,FB,Italian,both,180.8,74.8,344,18
3325,Sadio Henderson,26,W,Romanian,left,177.8,76.6,129,7
3326,Ruben Davies,17,CM,Romanian,right,179.5,77.5,164,10
3327,Kingsley Neuer,33,ST,English,left,180.8,81.1,313,17
3328,Leroy Gomez,30,FB,Senegalese,right,175.5,71.6,365,20
3329,Ruben White,28,CM,Danish,right,183.5,80.9,321,17
3330,Erling Rodriguez,17,W,Austrian,right,178.5,77.6,315,17
3331,Fabio Clarke,29,ST,German,right,184.0,80.6,150,8
3332,Hlozek Mitchell,33,W,Norwegian,left,182.3,85.7,111,6
3333,Kai Mane,18,CB,Swiss,left,185.8,81.9,353,19
3334,Sergio Johnson,35,AM,Polish,right,176.5,73.1,267,15
3335,Marco Gnabry,24,CM,Argentine,left,176.6,74.4,315,17
3336,Pedri Walker,21,FB,Spanish,right,186.7,82.9,366,20
3337,Trent Scott,31,CB,Senegalese,right,178.6,75.1,154,9
3338,Cesc Martinez,30,AM,French,right,175.8,78.6,265,15
3339,Kingsley Rodriguez,22,AM,Swedish,left,174.3,72.8,206,12
3340,Bukayo Kane,35,AM,Nigerian,left,190.0,85.0,362,19
3341,Ladislav Van Dijk,31,ST,Moroccan,left,188.7,82.8,297,16
3342,Marquinhos Garcia,28,AM,Nigerian,left,173.1,68.6,46,3
3343,Diego Taylor,19,W,Korean,right,184.0,79.0,189,11
3344,Ladislav Odegaard,19,CM,Brazilian,right,175.2,70.2,21,2
3345,Fernando Busquets,18,GK,Polish,right,184.9,80.2,377,20
3346,Virgil Scott,19,ST,Romanian,right,182.5,81.7,59,4
3347,Theo Johnson,25,ST,Polish,left,183.6,75.7,195,11
3348,Paulo Kane,33,W,Austrian,right,185.2,74.4,265,15
3349,Manuel Brown,31,AM,Senegalese,right,177.0,76.6,362,19
3350,Breel Rashford,29,FB,Czech,right,177.4,76.7,349,19
3351,Gavi Pique,30,CM,Polish,left,180.8,71.5,328,18
3352,Ivan Dias,16,CB,Uruguayan,right,180.8,76.5,161,9
3353,David Silva,26,GK,Ghanaian,right,175.2,76.9,352,19
3354,Kingsley Robertson,26,AM,Danish,right,178.2,74.5,6,1
3355,Andres Moore,38,FB,Czech,right,184.5,77.4,43,3
3356,Alisson Gomez,34,CB,Nigerian,left,190.4,80.2,338,18
3357,Ciro Mac Allister,21,CB,Romanian,right,182.3,81.3,283,16
3358,Cristiano Gakpo,35,CB,Romanian,right,177.5,74.1,124,7
3359,Thibaut Valverde,27,ST,German,left,173.4,76.1,350,19
3360,Manuel Pogba,37,ST,Swiss,right,170.7,73.7,371,20
3361,Can Fabinho,30,W,Moroccan,right,183.8,78.6,373,20
3362,Bukayo Thompson,16,CB,Croatian,left,188.8,82.2,308,17
3363,Federico Sane,17,CB,Croatian,right,177.2,75.8,108,6
3364,Juan Wilson,33,W,Turkish,right,181.8,71.1,282,15
3365,Aymeric Jones,25,ST,English,right,181.4,75.1,372,20
3366,Ciro Rossi,35,CM,Greek,right,185.0,78.3,76,4
3367,Roberto Perisic,18,FB,Italian,right,180.0,80.7,319,17
3368,Breel Scott,38,ST,Dutch,right,178.0,73.9,108,6
3369,Can Johnson,21,CM,Korean,right,191.6,82.3,234,13
3370,Lionel Szoboszlai,26,FB,Brazilian,left,175.1,71.7,111,6
3371,Joao Muller,32,CM,Italian,left,185.8,81.4,262,14
3372,Timo Dias,31,ST,Romanian,left,182.8,79.7,190,11
3373,Sergio Davies,31,FB,Czech,right,186.5,78.4,325,18
3374,Thibaut Mane,28,ST,Korean,right,178.6,73.5,369,20
3375,Can Camavinga,18,W,Swedish,right,183.8,79.9,346,19
3376,Marcelo King,35,CB,Dutch,right,190.9,84.3,50,3
3377,Haris Santos,24,CM,Dutch,both,182.4,75.3,335,18
3378,Mohamed Santos,21,AM,Moroccan,right,183.9,78.0,265,15
3379,Phil Smith,33,CB,Ghanaian,left,182.3,79.4,300,16
3380,John Saka,17,CM,Argentine,right,182.5,79.1,321,17
3381,Pedri Rodriguez,17,CB,Norwegian,right,189.4,79.9,153,9
3382,Kingsley Kramaric,19,FB,Nigerian,right,182.1,80.1,317,17
3383,Cristiano Gakpo,23,FB,English,right,188.2,81.5,335,18
3384,Patrik Firmino,21,CM,Uruguayan,left,196.7,81.7,32,2
3385,Mohamed Brown,18,W,Uruguayan,left,180.3,77.0,72,4
3386,Ilkay Saka,26,W,Dutch,left,176.7,77.9,376,20
3387,Breel Neuer,26,GK,Nigerian,both,185.5,81.7,301,16
3388,Ricardo Rossi,30,ST,Spanish,right,178.2,80.0,3,1
3389,Ferran Carvajal,21,W,Portuguese,right,180.2,80.1,265,15
3390,Ruben Modric,32,ST,Romanian,right,184.8,84.2,272,15
3391,Dusan Taylor,18,AM,Danish,right,182.1,80.4,375,20
3392,Cesc Busquets,17,CM,Austrian,left,179.6,79.6,206,12
3393,Zuber Kante,28,FB,Portuguese,right,183.2,76.3,163,10
3394,Trent Valverde,16,W,Japanese,right,187.9,82.3,231,13
3395,Granit Trossard,28,CB,Italian,left,176.2,76.2,236,13
3396,Antoine Diaz,37,ST,Serbian,right,174.1,72.1,372,20
3397,Breel Williams,33,W,Portuguese,left,180.5,82.0,159,9
3398,Ansu Havertz,19,AM,Greek,left,179.7,72.7,373,20
3399,Lingr King,20,AM,Dutch,right,175.6,79.3,334,18
3400,Fabio Fernandez,25,ST,French,right,171.7,72.6,352,19
3401,Kalidou Fabinho,18,FB,Romanian,right,189.1,86.2,345,19
3402,Pedri Fabinho,21,CM,Serbian,right,178.2,72.1,114,6
3403,Ansu Muller,35,W,Spanish,left,171.1,73.5,243,14
3404,Achraf Henderson,27,W,Polish,right,179.8,79.1,198,11
3405,Bruno Green,32,GK,Colombian,right,181.7,74.2,112,6
3406,Presnel Gundogan,19,CM,Danish,left,186.3,73.0,28,2
3407,Kalidou Ramos,22,CM,Austrian,left,190.1,84.6,227,13
3408,Cesc Van Dijk,20,CM,Polish,right,184.6,76.1,316,17
3409,Ilkay Baker,29,AM,Romanian,left,177.4,75.9,233,13
3410,Joao Lloris,31,GK,French,right,187.3,80.3,350,19
3411,James Carvajal,21,CM,Korean,right,194.1,87.7,169,10
3412,Lautaro Ederson,27,CM,Argentine,right,176.9,77.1,363,20
3413,Virgil Green,20,CB,Portuguese,right,194.5,82.5,243,14
3414,Ladislav Kramaric,22,ST,Uruguayan,right,186.6,80.2,9,1
3415,Jordi Bellingham,19,W,Japanese,right,186.0,75.0,58,3
3416,Adam Hall,35,GK,Nigerian,right,191.9,80.7,322,17
3417,Neymar Jackson,29,AM,Korean,right,178.3,77.2,320,17
3418,Presnel Upamecano,17,ST,Senegalese,right,183.6,79.1,229,13
3419,Mohamed Scott,34,GK,Moroccan,right,189.9,79.5,364,20
3420,Xavi Pique,36,CM,Nigerian,right,177.2,74.8,278,15
3421,Raphael Bajcetic,30,FB,Uruguayan,right,177.8,73.4,315,17
3422,Mason Varane,29,AM,Romanian,right,189.3,80.8,286,16
3423,Nikola Asensio,38,FB,Turkish,right,175.6,72.8,158,9
3424,Stefan Benzema,37,GK,Moroccan,right,195.7,86.8,71,4
3425,Lautaro Firmino,19,ST,Serbian,right,168.0,70.9,310,17
3426,Luis Fernandez,27,FB,Ghanaian,right,183.3,78.4,313,17
3427,Theo Robertson,19,CM,French,right,184.4,77.6,346,19
3428,Gavi Anderson,35,AM,Spanish,right,176.5,77.6,92,5
3429,Shaqiri Mitchell,19,AM,Romanian,right,182.3,78.4,370,20
3430,Kalidou White,31,AM,Senegalese,right,180.3,78.2,153,9
3431,Florian Brown,32,FB,Moroccan,left,167.9,71.5,358,19
3432,Kevin Taylor,23,CM,Senegalese,right,179.0,71.4,221,13
3433,Santi Lopez,25,AM,Moroccan,right,183.9,81.4,289,16
3434,Ondrej Silva,17,GK,Romanian,right,188.9,78.1,350,19
3435,Jordi Mane,31,AM,Swedish,right,192.2,83.2,186,11
3436,Breel Mitchell,21,CM,Turkish,right,177.3,77.2,14,1
3437,Borna Stones,32,W,Dutch,right,185.4,79.5,365,20
3438,Stefan Nunez,17,AM,Polish,right,178.9,71.7,255,14
3439,Ivan Ramos,22,CB,Greek,left,192.3,80.1,281,15
3440,Joshua Kramaric,34,CB,Uruguayan,right,187.7,81.0,39,2
3441,Kalidou Brozovic,18,AM,French,right,184.8,77.2,175,10
3442,Willian Ederson,22,CM,Serbian,left,182.6,82.8,289,16
3443,Stefan Kante,20,ST,Czech,right,177.6,78.7,364,20
3444,Theo Sterling,26,CB,Portuguese,right,179.1,77.4,142,8
3445,Florian Varane,16,CM,Polish,right,185.1,84.5,343,18
3446,Adam Rodriguez,22,ST,German,right,176.6,79.6,92,5
3447,Manuel Saka,23,W,French,left,182.2,82.0,212,12
3448,Lingr Goretzka,37,AM,Croatian,right,181.0,77.1,29,2
3449,Lionel Varane,29,CM,English,left,172.5,77.1,317,17
3450,Luis Silva,19,W,Swiss,right,181.0,78.8,296,16
3451,Hlozek De Bruyne,18,CM,Dutch,right,185.7,84.1,162,9
3452,Mateo Smith,22,ST,Colombian,left,180.5,78.8,202,11
3453,James Moore,29,W,Senegalese,left,177.9,81.9,341,18
3454,Paulo Kimmich,35,W,Argentine,right,178.7,78.8,210,12
3455,Juan Lloris,22,ST,Japanese,both,175.1,73.2,332,18
3456,Patrik Thompson,32,W,Brazilian,left,175.7,73.1,374,20
3457,David Gakpo,35,W,Italian,right,170.3,78.1,288,16
3458,Gavi Gundogan,21,FB,Italian,right,170.6,74.2,342,18
3459,Marcelo Taylor,31,AM,German,right,181.0,76.1,211,12
3460,Luka Hall,35,CM,Nigerian,right,182.0,75.8,336,18
3461,Ansu Odegaard,36,W,German,right,175.2,71.5,316,17
3462,Bruno Ramos,20,CB,Brazilian,right,184.8,87.9,370,20
3463,Mateo Rudiger,28,W,Romanian,right,180.5,80.8,361,19
3464,Ricardo Upamecano,37,CB,Colombian,right,186.3,81.9,92,5
3465,Zuber Williams,33,FB,Romanian,right,179.8,73.6,277,15
3466,Virgil Salah,25,FB,Swiss,right,177.9,76.1,358,19
3467,Dani Martin,17,GK,Nigerian,right,178.1,73.6,151,9
3468,Harry White,17,AM,Belgian,right,177.6,76.3,100,6
3469,Andres Mitchell,27,ST,Romanian,left,182.7,83.7,99,6
3470,Ederson Foden,33,CM,Croatian,both,177.5,77.8,279,15
3471,Kai Neuer,34,CB,Swiss,left,183.3,76.6,366,20
3472,James Mbappe,27,W,Ghanaian,right,174.9,79.7,173,10
3473,Erling Santos,18,CM,Dutch,right,182.8,76.9,200,11
3474,Bruno Ederson,30,CM,Swedish,right,179.7,78.4,365,20
3475,Harry Camavinga,34,W,Swedish,right,184.0,80.1,147,8
3476,Carlos Modric,35,CM,German,right,191.2,82.0,220,12
3477,Can Gundogan,16,FB,German,right,188.9,83.8,82,5
3478,Bruno King,16,GK,French,right,185.0,76.1,321,17
3479,Achraf Silva,18,W,Swiss,right,185.7,79.2,220,12
3480,Ciro Lloris,30,CB,Greek,left,176.4,81.5,124,7
3481,Thibaut Kante,25,W,Italian,left,187.9,83.9,354,19
3482,Willian Kimmich,30,W,Japanese,right,185.5,79.6,317,17
3483,Granit Wilson,36,AM,Ghanaian,right,178.7,73.6,358,19
3484,Ruben Santos,32,GK,Czech,right,190.4,82.5,11,1
3485,Gavi Kane,29,ST,Polish,right,184.2,79.6,353,19
3486,Patrik Brown,16,GK,Czech,left,185.3,81.7,104,6
3487,Kai Santos,26,W,Polish,right,176.3,78.9,267,15
3488,Presnel Goretzka,26,W,Romanian,right,184.2,76.8,338,18
3489,Remo Davies,24,ST,Italian,right,182.5,80.3,369,20
3490,Adam Santos,25,CM,Croatian,left,179.2,77.9,358,19
3491,Luka Mac Allister,35,FB,Greek,both,175.1,77.3,370,20
3492,Emre Van Dijk,27,W,Austrian,left,180.3,75.3,379,20
3493,Achraf Salah,34,W,Norwegian,right,182.8,79.4,335,18
3494,Jude Werner,17,ST,Argentine,right,179.9,80.7,334,18
3495,Antoine Moore,33,GK,Polish,both,195.5,80.2,296,16
3496,Niklas Pavard,17,ST,Spanish,right,189.8,83.6,335,18
3497,Gavi Hernandez,32,FB,Romanian,right,179.0,79.8,351,19
3498,Jamal Garcia,22,CM,Ghanaian,left,183.2,80.2,353,19
3499,Thibaut Muller,18,CB,Romanian,left,191.6,82.6,192,11
3500,Aymeric Stones,18,AM,Dutch,left,176.4,76.3,276,15
3501,Haris Garcia,34,AM,German,right,186.3,80.6,71,4
3502,Bernardo Martinez,26,CM,Uruguayan,right,175.8,73.6,188,11
3503,Roberto Thompson,20,W,Romanian,left,180.7,80.7,232,13
3504,Alisson Camavinga,28,ST,Austrian,right,185.1,78.7,260,14
3505,David Casemiro,18,W,Spanish,right,182.8,77.9,343,18
3506,David Salah,29,AM,Swedish,right,173.3,79.6,377,20
3507,Emre Modric,31,ST,English,right,177.9,77.1,373,20
3508,Neymar Casemiro,18,W,Japanese,right,181.8,78.9,316,17
3509,Bernardo Martinelli,17,ST,Portuguese,left,179.2,75.7,184,11
3510,Presnel Valverde,26,CB,Dutch,right,188.8,84.1,285,16
3511,Diego Wan-Bissaka,18,W,Austrian,right,182.9,77.3,214,12
3512,Rodri Valverde,38,GK,German,left,193.6,83.2,152,9
3513,Kalidou Green,25,W,Japanese,both,190.7,78.0,131,7
3514,Ilkay Firmino,20,CM,Austrian,right,188.8,83.2,299,16
3515,Luis Son,26,ST,Norwegian,left,180.5,77.9,161,9
3516,Pedri Smith,30,FB,Swedish,right,181.5,82.8,372,20
3517,Carlos Asensio,33,ST,Swiss,left,191.1,87.9,183,11
3518,Aymeric Foden,24,W,Belgian,right,175.9,78.0,156,9
3519,Achraf Scott,33,W,Japanese,left,173.9,71.0,203,12
3520,Gabriel Benzema,16,FB,Dutch,left,177.2,73.1,298,16
3521,Mason Lopez,17,AM,Portuguese,right,183.9,76.1,86,5
3522,Serge Martinez,20,FB,French,right,177.7,76.0,256,14
3523,Erling Green,37,CM,Argentine,right,182.3,81.2,246,14
3524,Ruben Griezmann,21,CM,Belgian,left,172.9,79.7,217,12
3525,Manuel Busquets,20,W,Japanese,right,181.5,78.0,71,4
3526,Kalidou Neuer,22,AM,Colombian,right,168.1,72.8,228,13
3527,Shaqiri Kante,23,CB,Spanish,right,185.6,76.4,194,11
3528,Andres Brozovic,38,W,Serbian,right,172.7,70.0,181,11
3529,Thomas Brozovic,33,AM,Croatian,both,187.8,82.6,226,13
3530,Milan Davies,18,ST,Dutch,right,171.8,72.2,275,15
3531,Borna Foden,20,CB,Spanish,both,183.9,82.5,281,15
3532,Kai Rossi,17,AM,French,right,187.9,79.8,170,10
3533,Emre Sterling,17,GK,Spanish,right,190.6,81.6,359,19
3534,Niklas Martinelli,18,GK,Belgian,right,188.0,81.4,272,15
3535,Diego Alexander-Arnold,24,ST,Swedish,right,181.2,83.8,117,7
3536,James Rashford,25,GK,Ghanaian,left,185.4,82.2,269,15
3537,Schick Lloris,27,CB,Italian,left,181.9,77.0,345,19
3538,Rodri Fernandez,33,ST,French,right,182.7,83.9,304,16
3539,Joao Szoboszlai,22,FB,Argentine,right,185.0,79.4,91,5
3540,Fernando Martin,35,FB,Serbian,right,182.1,79.4,323,17
3541,Andres Perisic,33,AM,Spanish,right,180.3,79.3,293,16
3542,Roberto Lewis,17,FB,Swedish,right,178.2,81.9,299,16
3543,Shaqiri Sterling,34,CM,Korean,right,183.2,85.2,350,19
3544,Antoine Ederson,18,AM,Norwegian,right,175.2,76.9,244,14
3545,Luka Harris,17,CM,Czech,right,178.1,78.1,337,18
3546,Dani Ramos,27,ST,Dutch,right,180.5,81.4,362,19
3547,Antoine Kane,29,AM,German,right,177.1,74.4,205,12
3548,Niklas Ramos,34,ST,French,left,181.7,73.0,68,4
3549,Mateo Werner,25,W,Dutch,right,180.5,74.0,314,17
3550,Sergio Martinez,37,AM,Argentine,left,179.9,75.1,292,16
3551,Ruben Hall,19,CM,Belgian,both,182.7,80.4,366,20
3552,Mason Davies,20,GK,English,left,190.0,81.2,343,18
3553,Xavi Pavard,21,W,Swiss,right,174.6,76.8,335,18
3554,Antoine Fabinho,34,CB,Colombian,right,193.6,80.7,355,19
3555,Ladislav Goretzka,32,GK,Italian,left,184.6,81.4,134,8
3556,Ruben Pavard,24,W,Senegalese,right,183.1,78.4,334,18
3557,Marco Jones,19,AM,Swedish,right,178.2,77.5,320,17
3558,Granit Firmino,25,CB,Turkish,left,189.2,81.2,172,10
3559,Bernardo Wilson,27,AM,Greek,right,177.6,73.3,11,1
3560,Theo White,27,CB,French,left,187.9,85.1,65,4
3561,Theo Casemiro,31,CM,German,right,177.4,75.4,55,3
3562,Andres Gakpo,23,FB,Moroccan,left,180.5,75.6,307,17
3563,Joshua Carvajal,16,CB,Austrian,right,178.7,72.5,278,15
3564,Lionel Perisic,16,CB,Romanian,right,179.9,69.3,204,12
3565,Zuber Hall,25,W,Swedish,right,176.7,74.1,159,9
3566,James Brozovic,19,W,Dutch,right,185.4,84.1,373,20
3567,Phil Gundogan,16,FB,English,left,177.6,72.4,56,3
3568,Can Mitchell,22,W,Austrian,right,187.1,79.4,255,14
3569,Florian Nunez,23,CM,Polish,right,178.8,78.6,268,15
3570,Vinicius Hernandez,27,W,Swiss,left,183.2,80.8,57,3
3571,Lingr Wan-Bissaka,19,CB,Nigerian,left,183.4,77.2,166,10
3572,Bruno Hall,35,ST,Brazilian,right,179.5,79.6,158,9
3573,Remo Mitchell,18,CB,Portuguese,right,174.7,69.3,257,14
3574,Haris Pogba,22,ST,Uruguayan,left,190.8,82.3,354,19
3575,Ondrej Hall,35,FB,Norwegian,left,175.7,78.6,7,1
3576,Gavi Goretzka,26,GK,Korean,left,185.0,83.5,344,18
3577,Raphael Rossi,22,ST,Uruguayan,right,179.6,73.4,221,13
3578,Achraf Carvajal,26,FB,Colombian,left,176.6,81.5,375,20
3579,Alisson Casemiro,16,FB,German,right,177.5,72.9,347,19
3580,Jude Szoboszlai,36,CM,Czech,right,184.9,83.7,325,18
3581,Timo Sterling,37,AM,Austrian,left,178.9,74.8,119,7
3582,Niklas Scott,32,GK,Italian,right,179.9,80.8,222,13
3583,Gabriel Upamecano,36,CB,Moroccan,right,185.6,85.0,350,19
3584,Rafael Ramos,23,W,Uruguayan,right,179.6,75.1,194,11
3585,Niklas Jones,36,AM,Brazilian,right,187.0,81.6,357,19
3586,Fernando Adams,33,FB,Romanian,right,187.3,81.5,69,4
3587,Xavi Upamecano,24,AM,Brazilian,right,175.8,79.4,321,17
3588,Mason Ramos,17,CM,French,right,178.4,76.7,352,19
3589,Gavi Fernandez,17,W,Turkish,left,190.2,79.0,98,6
3590,Ansu Hernandez,20,FB,Japanese,right,180.2,73.4,368,20
3591,John Saka,26,AM,German,both,182.3,77.5,240,13
3592,Mason Rashford,31,ST,Portuguese,right,187.3,78.1,132,7
3593,James Brozovic,26,GK,Romanian,right,186.6,76.5,141,8
3594,Alisson Kane,17,AM,Norwegian,right,182.4,81.1,365,20
3595,Joao Taylor,20,ST,Argentine,right,178.4,76.9,344,18
3596,Cesc Sancho,26,ST,Italian,left,179.2,76.0,356,19
3597,Thomas Baker,21,ST,Danish,right,176.2,72.6,160,9
3598,Can Sterling,38,CM,Swiss,left,179.0,73.5,209,12
3599,Mason Upamecano,29,ST,Czech,right,178.5,74.6,201,11
3600,Raphael Kimmich,16,ST,Portuguese,right,183.1,83.2,144,8
3601,Kalidou White,18,W,Senegalese,left,181.1,75.4,133,8
3602,Antoine Robertson,31,CM,French,right,183.1,79.0,47,3
3603,Mason Griezmann,18,AM,Czech,right,187.0,82.1,101,6
3604,Schick Szoboszlai,36,FB,German,right,187.5,82.9,324,17
3605,Leroy King,35,AM,Czech,left,182.3,83.6,351,19
3606,Luis Fernandez,26,AM,Swedish,left,183.8,73.7,358,19
3607,Granit Busquets,27,FB,Brazilian,right,170.3,73.4,159,9
3608,Presnel Dupont,30,AM,Croatian,right,174.7,73.1,373,20
3609,Jamal Adams,38,ST,Swedish,right,188.5,81.0,219,12
3610,Theo Goretzka,18,FB,Senegalese,left,188.1,83.8,284,16
3611,Harry Fernandez,37,FB,Spanish,right,177.5,75.6,141,8
3612,Roberto Gundogan,38,FB,Korean,right,184.7,80.2,327,18
3613,Can Rossi,28,W,German,both,177.3,80.7,272,15
3614,Haris Brozovic,30,ST,Nigerian,right,181.1,78.9,252,14
3615,Lautaro Clarke,25,CM,Polish,left,166.3,68.2,323,17
3616,Ansu Camavinga,26,CM,Spanish,right,176.1,74.4,244,14
3617,Raphael Kovacic,21,ST,Italian,left,179.6,73.8,73,4
3618,Fabio Clarke,20,ST,Ghanaian,left,184.6,83.4,328,18
3619,Pedri Moore,24,ST,Uruguayan,right,181.0,74.9,8,1
3620,Antoine Young,27,CB,German,right,193.1,79.3,365,20
3621,Raphael White,24,CM,Uruguayan,right,180.5,76.9,375,20
3622,Ederson Kimmich,38,CM,Argentine,right,172.1,73.5,8,1
3623,Raphael Lloris,36,W,Colombian,right,169.7,70.6,80,5
3624,Dani Ramos,25,FB,Turkish,right,179.4,75.0,307,17
3625,Gavi Sane,16,W,Colombian,right,183.6,75.8,46,3
3626,Milan Brown,33,CM,Colombian,right,185.0,81.9,302,16
3627,Theo Pogba,16,CM,Nigerian,right,183.6,79.0,149,8
3628,Leroy Carvajal,27,FB,French,left,188.4,77.7,377,20
3629,Ricardo Mbappe,28,CB,Greek,right,175.7,71.0,317,17
3630,Phil Walker,18,W,Korean,right,176.6,72.2,187,11
3631,Haris Garcia,17,W,Portuguese,left,186.3,78.4,304,16
3632,Leroy Odegaard,38,CM,Austrian,right,170.2,72.2,361,19
3633,Kylian Thomas,38,ST,Moroccan,right,179.0,73.6,144,8
3634,Fabio Young,26,W,Korean,right,184.3,76.7,347,19
3635,Trent Dupont,26,CB,Ghanaian,left,182.0,76.7,215,12
3636,Diego Taylor,21,CM,Spanish,right,182.4,77.7,129,7
3637,Mateo Wilson,29,GK,Czech,right,187.4,79.8,352,19
3638,Schick Diaz,32,CB,Argentine,right,180.0,82.0,370,20
3639,Kevin Martinez,21,W,Croatian,right,170.5,72.0,304,16
3640,Breel Alexander-Arnold,36,AM,Romanian,left,186.3,81.2,114,6
3641,Ruben Robertson,32,AM,Colombian,left,174.6,74.5,352,19
3642,Lautaro Rudiger,26,CM,Japanese,right,182.9,78.1,291,16
3643,Presnel Adams,27,AM,Spanish,right,179.5,76.3,305,16
3644,Trent Casemiro,16,AM,Belgian,right,179.8,74.1,82,5
3645,Milan Kramaric,30,CB,French,right,189.2,78.5,322,17
3646,Thomas Lloris,30,CM,Argentine,right,176.3,72.7,211,12
3647,Florian Stones,30,CM,Czech,right,189.2,84.6,219,12
3648,Cesc Foden,22,CM,Italian,right,194.2,79.8,329,18
3649,Pedri Ederson,33,FB,Dutch,right,178.1,74.2,363,20
3650,Presnel Taylor,35,CB,Italian,both,186.6,76.6,245,14
3651,Granit Wan-Bissaka,17,W,Nigerian,right,182.1,78.1,254,14
3652,Xavi Havertz,32,ST,Colombian,right,189.0,81.2,313,17
3653,Antoine Gundogan,37,W,Colombian,right,182.3,77.7,362,19
3654,Ruben Carvajal,34,CB,Spanish,right,195.3,81.9,14,1
3655,Florian Kimmich,20,CB,Belgian,right,183.7,79.4,132,7
3656,Dusan Modric,18,ST,Belgian,right,183.1,75.5,255,14
3657,Zuber Walker,17,W,Austrian,right,178.3,81.5,349,19
3658,Kylian Mane,37,CM,English,right,184.5,79.6,170,10
3659,Xavi Modric,18,ST,Belgian,right,186.2,86.8,174,10
3660,Manuel Diaz,36,AM,Moroccan,right,182.8,75.1,140,8
3661,Granit Taylor,30,ST,Spanish,right,173.8,77.3,176,10
3662,James Son,17,AM,Austrian,right,182.1,75.2,315,17
3663,Florian Pogba,36,GK,Polish,left,196.7,88.5,33,2
3664,Kalidou Perisic,16,W,Brazilian,left,180.4,71.8,153,9
3665,Cristiano Sane,23,CM,Japanese,right,185.8,81.4,151,9
3666,Emre Trossard,33,FB,Serbian,right,177.0,75.3,269,15
3667,Stefan Hernandez,34,ST,Greek,right,179.0,77.4,299,16
3668,Fabio Thompson,34,W,Czech,both,180.8,76.1,378,20
3669,Roberto Odegaard,28,W,Greek,right,179.0,77.8,362,19
3670,Cesc Fernandez,32,AM,Argentine,right,183.2,78.9,323,17
3671,Leon Martinelli,25,ST,Turkish,both,184.4,81.3,321,17
3672,Ferran White,26,FB,Brazilian,right,184.5,76.9,173,10
3673,Joshua Clarke,28,CB,French,right,184.1,81.0,176,10
3674,Carlos De Bruyne,38,CB,Korean,right,184.8,81.6,151,9
3675,James Fabinho,21,FB,Colombian,right,181.9,77.1,25,2
3676,Emre Dias,16,ST,Nigerian,right,186.1,83.7,82,5
3677,Kylian Kovacic,26,GK,Polish,left,186.6,78.8,332,18
3678,Gabriel King,25,ST,Austrian,left,178.7,80.6,367,20
3679,Granit Van Dijk,27,FB,Moroccan,right,179.4,75.2,82,5
3680,Jordi Havertz,37,CM,Ghanaian,right,182.1,76.8,322,17
3681,Haris King,28,W,Belgian,right,182.3,71.5,245,14
3682,Santi Johnson,27,AM,Swiss,left,170.3,76.7,365,20
3683,Ansu Upamecano,34,FB,Austrian,left,177.8,72.5,371,20
3684,Ferran Robertson,19,ST,Ghanaian,right,180.4,71.4,100,6
3685,Xavi Brozovic,30,ST,Turkish,right,189.3,75.8,175,10
3686,Ilkay Johnson,32,W,Moroccan,right,171.4,68.2,366,20
3687,Harry Modric,18,GK,Norwegian,right,184.4,77.3,90,5
3688,Mohamed Ramos,31,ST,French,right,182.0,78.8,153,9
3689,Diego Lopez,16,CM,Croatian,right,183.5,76.4,284,16
3690,Sadio Green,30,CM,Greek,right,176.5,73.5,335,18
3691,Lautaro Varane,21,W,Nigerian,right,172.7,74.8,115,7
3692,Patrik Gnabry,31,AM,Romanian,left,184.9,79.9,338,18
3693,Joao Szoboszlai,17,CM,Korean,left,182.1,78.1,182,11
3694,Borna Benzema,33,CB,Uruguayan,right,194.3,79.9,141,8
3695,Cristiano Thomas,20,FB,German,right,178.9,76.5,346,19
3696,Ondrej Adams,20,AM,Danish,left,179.3,76.4,324,17
3697,Aymeric Thomas,20,ST,Portuguese,right,191.1,82.6,301,16
3698,Hlozek Moore,30,CM,Austrian,left,191.5,87.8,138,8
3699,Stefan Goretzka,36,GK,Czech,right,187.4,80.9,191,11
3700,Marcelo Goretzka,32,CM,Dutch,left,183.5,75.6,49,3
3701,Jude Dias,17,CM,Serbian,right,178.5,77.4,360,19
3702,Robert Upamecano,22,CM,Danish,right,177.9,78.8,220,12
3703,Robert Sterling,38,CM,Austrian,left,185.8,77.8,27,2
3704,Manuel Havertz,18,W,Turkish,right,183.7,80.4,28,2
3705,Breel Jones,28,ST,Danish,right,179.3,75.8,271,15
3706,Antoine Henderson,16,AM,Czech,left,181.7,75.8,157,9
3707,Lautaro Goretzka,34,AM,Croatian,right,178.9,78.7,104,6
3708,Juan Kovacic,26,GK,Norwegian,right,182.6,74.5,18,1
3709,Gavi Brozovic,20,GK,Polish,right,185.4,77.3,141,8
3710,Carlos Davies,23,CM,Nigerian,right,182.8,82.7,359,19
3711,Sadio Davies,32,ST,Portuguese,left,186.7,79.6,321,17
3712,Ruben Stones,25,FB,Korean,right,186.3,83.1,16,1
3713,Neymar Valverde,30,GK,Nigerian,right,180.3,73.8,342,18
3714,Remo Saka,37,FB,Croatian,right,174.7,77.2,352,19
3715,Timo Dias,25,W,Austrian,right,184.5,83.0,124,7
3716,Cesc Carvajal,22,FB,Senegalese,right,180.4,75.7,231,13
3717,Jordi Kroos,25,FB,Danish,right,173.5,78.8,358,19
3718,Neymar Perisic,33,W,Ghanaian,right,182.8,82.0,331,18
3719,Jamal Son,34,W,Danish,left,184.2,78.1,164,10
3720,Xherdan Kane,36,ST,Italian,right,192.3,77.8,40,2
3721,Erling Scott,19,W,Senegalese,right,182.5,78.5,91,5
3722,Luis Walker,25,ST,Moroccan,left,183.4,83.2,57,3
3723,Trent Pique,32,CB,Croatian,right,181.6,75.3,164,10
3724,Diego Muller,21,AM,Spanish,right,183.7,80.5,240,13
3725,Willian King,23,ST,Moroccan,left,166.0,70.1,248,14
3726,Kevin De Bruyne,37,FB,Senegalese,left,185.5,81.3,301,16
3727,Remo Busquets,20,CB,Brazilian,left,187.6,74.4,166,10
3728,Diego Fabinho,28,CB,Brazilian,right,187.5,84.8,237,13
3729,Xavi Ederson,16,W,Portuguese,right,180.4,74.6,270,15
3730,Serge Ederson,21,AM,Japanese,right,187.5,81.8,23,2
3731,Haris Muller,16,FB,Swiss,right,171.6,69.3,149,8
3732,Ladislav Gundogan,32,CM,Spanish,right,172.9,69.9,198,11
3733,Serge Nunez,23,CM,Argentine,left,190.3,81.2,199,11
3734,Kylian Kante,18,CM,Norwegian,right,175.2,81.0,117,7
3735,Raphael Kane,18,CM,Austrian,right,184.9,79.4,196,11
3736,Shaqiri Griezmann,24,FB,Argentine,left,183.5,74.6,335,18
3737,Jordi Goretzka,22,ST,Austrian,right,183.4,80.8,263,15
3738,Zuber Griezmann,31,FB,Turkish,right,185.1,83.2,222,13
3739,Haris Foden,21,AM,Nigerian,right,180.8,73.9,153,9
3740,Lautaro Ederson,28,ST,Polish,left,187.6,80.1,112,6
3741,Shaqiri Wan-Bissaka,17,CM,Nigerian,left,192.0,84.2,380,20
3742,Ondrej Sancho,29,CM,French,right,173.2,77.8,29,2
3743,Ivan Kovacic,32,CM,Colombian,left,178.5,78.5,177,10
3744,Lingr Bellingham,24,W,Belgian,right,178.0,75.5,364,20
3745,Lingr Saka,32,CB,Swedish,right,182.4,75.2,373,20
3746,Antoine Goretzka,36,W,Brazilian,right,174.5,76.5,10,1
3747,Alisson Valverde,34,ST,Colombian,right,183.5,80.4,347,19
3748,Xherdan Henderson,21,W,Italian,right,184.4,81.0,99,6
3749,Jan Silva,35,ST,Nigerian,left,181.4,76.1,242,14
3750,Sadio Casemiro,19,AM,Danish,left,190.2,82.3,326,18
3751,Neymar Kimmich,33,CB,Korean,right,190.7,84.9,140,8
3752,Marco Dupont,23,CM,Italian,right,184.7,78.2,360,19
3753,Bruno Lopez,19,W,Argentine,left,184.9,78.1,70,4
3754,Nikola Brozovic,33,CM,Moroccan,right,182.7,79.2,275,15
3755,Haris Sterling,18,CB,Korean,left,180.0,77.2,263,15
3756,Kalidou Henderson,25,W,Portuguese,right,179.1,77.3,98,6
3757,Marquinhos Kroos,19,AM,German,left,185.9,77.3,309,17
3758,Theo Sterling,34,CM,Senegalese,right,181.4,80.6,57,3
3759,Manuel Alba,36,CM,German,right,171.3,73.8,354,19
3760,Erling Davies,30,FB,French,right,179.5,74.2,320,17
3761,David Santos,32,AM,German,left,180.5,75.8,378,20
3762,Kevin Fabinho,23,CM,Nigerian,right,189.3,84.1,24,2
3763,Ondrej Mitchell,23,CM,Spanish,right,177.1,71.8,76,4
3764,Joshua Valverde,35,CB,Portuguese,left,184.0,78.0,308,17
3765,Bernardo Henderson,32,CM,Colombian,right,184.6,83.3,278,15
3766,Marco King,36,W,Norwegian,left,179.6,82.1,236,13
3767,Ondrej Rudiger,20,ST,Norwegian,right,177.7,79.2,110,6
3768,Harry Fernandez,27,AM,Norwegian,right,180.0,75.2,133,8
3769,Jude Brown,18,CM,Spanish,right,175.1,68.7,294,16
3770,Ondrej Harris,32,AM,Austrian,right,175.4,76.1,208,12
3771,Luka Mane,37,W,Belgian,right,179.4,80.0,279,15
3772,Mateo Moore,17,W,Dutch,right,164.8,68.5,344,18
3773,Roberto Benzema,37,CB,Uruguayan,right,195.5,82.2,173,10
3774,Virgil Walker,38,FB,Austrian,right,174.7,76.7,318,17
3775,Jamal Mbappe,36,CM,Croatian,left,175.4,73.0,309,17
3776,Stefan Lewis,28,AM,Swiss,left,184.1,80.8,272,15
3777,Ondrej Walker,29,W,Romanian,right,175.8,74.3,283,16
3778,Ansu Werner,29,ST,Croatian,right,170.7,74.6,149,8
3779,Ruben Martinelli,38,CB,French,right,179.4,77.1,56,3
3780,Can Upamecano,38,W,Romanian,left,176.0,73.8,159,9
3781,Xherdan Pavard,33,FB,Swedish,right,183.3,78.3,334,18
3782,Ondrej Camavinga,21,CM,Serbian,left,186.3,77.6,191,11
3783,Ilkay Alba,34,GK,Colombian,right,184.8,78.2,376,20
3784,Dusan Bellingham,19,FB,Czech,right,190.3,82.0,165,10
3785,Santi Lewis,36,CB,Czech,left,177.8,69.8,335,18
3786,James Modric,30,ST,Dutch,left,191.7,83.7,365,20
3787,Ivan Son,27,ST,French,right,175.3,74.5,123,7
3788,Andres Modric,23,FB,Swedish,left,182.1,79.6,367,20
3789,Serge Kovacic,34,CM,Moroccan,right,186.9,80.9,317,17
3790,Mateo De Bruyne,33,AM,Polish,right,175.5,77.2,371,20
3791,Alisson Mitchell,35,CM,Moroccan,both,187.6,78.5,354,19
3792,Dani Pogba,34,CB,Serbian,right,190.1,77.6,156,9
3793,Sadio Bellingham,20,FB,Nigerian,left,180.0,76.9,151,9
3794,Bukayo Sterling,19,CM,English,right,175.9,76.1,128,7
3795,Hlozek Scott,32,AM,Dutch,right,180.6,78.2,201,11
3796,Harry Fernandez,19,CM,Danish,right,173.9,74.8,98,6
3797,Fabio Adams,32,CB,Belgian,right,190.7,82.6,294,16
3798,Leroy Jackson,19,ST,Serbian,left,181.3,75.2,293,16
3799,Ladislav Varane,28,CB,Croatian,left,190.4,85.6,30,2
3800,Xavi Trossard,33,CM,Italian,right,172.5,80.5,98,6
3801,Roberto Scott,25,CB,Colombian,left,198.9,84.0,112,6
3802,Nikola Kovacic,17,CB,Spanish,left,191.3,85.6,318,17
3803,Thomas Taylor,23,W,Romanian,right,181.3,79.0,163,10
3804,Kevin Jones,23,ST,Serbian,left,182.8,78.0,345,19
3805,Emre Harris,21,CM,Swiss,right,186.8,78.6,296,16
3806,Kalidou Mac Allister,18,ST,Spanish,right,180.3,76.9,151,9
3807,Lingr Szoboszlai,35,CB,English,right,175.3,76.2,80,5
3808,Antoine White,20,AM,Romanian,left,178.3,78.1,354,19
3809,Presnel Sterling,34,AM,Italian,right,181.6,77.5,218,12
3810,Kevin Jones,38,GK,Turkish,right,188.3,80.2,197,11
3811,Florian Gnabry,32,CM,Brazilian,right,182.5,73.0,69,4
3812,Adam Alba,28,CB,Danish,left,185.1,82.6,40,2
3813,Ederson Carvajal,37,CB,Greek,left,198.1,81.5,143,8
3814,Breel Fabinho,32,ST,Ghanaian,left,178.8,79.2,115,7
3815,Vinicius Jones,21,ST,Austrian,left,174.7,72.8,157,9
3816,Ferran Perisic,30,AM,French,left,186.9,80.6,248,14
3817,Erling Asensio,17,W,Serbian,left,181.6,81.5,335,18
3818,Willian Garcia,34,FB,Japanese,right,177.6,77.9,369,20
3819,Timo Kane,21,CB,Uruguayan,right,191.0,82.9,137,8
3820,Granit Sane,22,CB,English,right,183.8,71.2,331,18
3821,Cristiano Green,28,FB,Polish,left,171.4,67.2,304,16
3822,Joao Saka,31,CM,English,left,180.3,76.6,125,7
3823,Luis Neuer,24,ST,Uruguayan,left,189.1,79.0,248,14
3824,Jan Gnabry,38,W,English,right,184.1,78.2,90,5
3825,David Hernandez,18,CM,Korean,right,176.0,70.5,61,4
3826,Xavi Scott,34,ST,French,left,182.1,82.0,272,15
3827,Paulo Rodriguez,28,ST,Portuguese,left,175.4,74.5,154,9
3828,Jan Asensio,37,W,Spanish,left,179.5,83.1,270,15
3829,Jude Werner,31,AM,Spanish,right,181.2,80.3,281,15
3830,Shaqiri Mitchell,23,W,Belgian,left,189.3,85.4,372,20
3831,Joao Modric,33,AM,Danish,left,181.8,78.8,348,19
3832,Ferran Rossi,17,W,Serbian,left,171.3,70.8,358,19
3833,Stefan Bajcetic,38,FB,Czech,right,184.2,80.7,147,8
3834,Rafael Son,37,ST,Uruguayan,right,183.4,80.5,380,20
3835,Roberto Thompson,27,CM,Danish,right,181.2,80.6,365,20
3836,Dani Rossi,18,FB,Serbian,left,179.3,74.6,359,19
3837,Juan Salah,36,AM,Belgian,right,172.7,80.1,158,9
3838,Federico Griezmann,18,GK,Korean,left,179.4,76.0,342,18
3839,Ansu Rudiger,37,W,Greek,right,183.9,80.1,229,13
3840,Nikola Bajcetic,20,W,Swiss,right,172.8,70.9,300,16
3841,Thomas Ederson,18,GK,Czech,right,188.2,76.1,78,4
3842,Luis Scott,26,AM,Uruguayan,left,176.7,75.0,220,12
3843,Borna Lewis,20,GK,Austrian,right,192.5,82.8,373,20
3844,Aymeric Varane,26,ST,Swiss,right,174.3,79.8,26,2
3845,Cristiano Bellingham,34,W,Korean,right,188.6,81.7,312,17
3846,Rafael Szoboszlai,28,AM,Greek,left,177.7,74.2,212,12
3847,Rafael Mac Allister,28,ST,Belgian,right,192.5,84.3,351,19
3848,Haris Mitchell,18,CM,Serbian,right,177.1,68.1,172,10
3849,Stefan Havertz,22,CB,Swedish,right,188.8,81.6,369,20
3850,Cesc Gundogan,21,CB,Croatian,left,185.0,84.3,367,20
3851,Serge Walker,22,FB,Italian,right,176.1,75.7,274,15
3852,Florian Allen,28,FB,Nigerian,right,180.3,78.3,16,1
3853,Aymeric Kovacic,23,AM,Portuguese,right,175.0,75.8,294,16
3854,Ricardo Hall,18,ST,Argentine,right,177.3,79.0,354,19
3855,Neymar Mane,32,FB,Spanish,right,179.1,74.4,321,17
3856,Schick Harris,17,ST,Korean,left,185.1,82.4,204,12
3857,Presnel Moore,22,W,Uruguayan,right,178.2,74.9,325,18
3858,Ruben Fernandez,35,CB,Argentine,right,195.9,83.5,99,6
3859,Can Muller,31,ST,Danish,right,187.2,77.2,307,17
3860,Carlos Henderson,35,ST,German,right,189.7,84.3,314,17
3861,Fabio Pique,16,FB,Belgian,right,179.4,76.7,118,7
3862,Jude Young,34,FB,Portuguese,right,167.4,71.5,244,14
3863,Ansu Scott,25,FB,Polish,right,175.3,80.0,188,11
3864,Breel Kante,38,W,Austrian,left,183.1,79.8,9,1
3865,Virgil Lewis,28,FB,Austrian,right,187.7,82.5,338,18
3866,Antoine Wan-Bissaka,36,FB,Czech,right,179.5,77.8,189,11
3867,Ciro Pique,23,W,French,right,181.9,77.4,124,7
3868,Cesc Kroos,29,CM,Croatian,right,184.3,80.5,356,19
3869,Niklas Odegaard,21,CM,Greek,right,175.6,74.8,289,16
3870,Bernardo Asensio,29,ST,Romanian,left,184.2,77.3,235,13
3871,Manuel Laporte,25,FB,Swedish,left,181.5,77.9,370,20
3872,Ansu Upamecano,32,CM,Senegalese,left,183.1,80.8,280,15
3873,Aymeric Ramos,19,CB,German,right,180.5,73.2,143,8
3874,Raphael Silva,29,GK,French,right,184.8,77.9,238,13
3875,Diego Brozovic,36,ST,Danish,right,185.3,78.7,252,14
3876,Mason Bajcetic,22,CB,German,right,180.5,71.5,314,17
3877,Roberto Williams,22,CB,Italian,both,187.6,79.8,209,12
3878,Antoine Pavard,19,CB,Romanian,right,191.3,86.0,63,4
3879,Marquinhos Upamecano,16,FB,Korean,right,188.6,81.1,64,4
3880,Gabriel Trossard,31,ST,Ghanaian,left,178.9,76.4,354,19
3881,Patrik Pavard,20,GK,Czech,right,180.6,71.4,294,16
3882,Gavi Sane,26,W,Swedish,right,185.7,82.9,346,19
3883,Milan Green,26,W,German,right,170.1,71.4,172,10
3884,Fernando Foden,37,W,Korean,right,186.2,80.3,313,17
3885,Luis Mane,20,W,Norwegian,right,181.4,80.3,317,17
3886,Ricardo Jones,24,W,English,right,182.2,86.9,265,15
3887,Roberto Rashford,38,CB,Senegalese,right,184.2,75.8,320,17
3888,David Thomas,23,W,Turkish,right,186.2,80.9,216,12
3889,Ciro De Bruyne,24,ST,Senegalese,left,178.8,79.7,60,4
3890,Aymeric Hernandez,35,ST,Croatian,right,180.1,80.1,357,19
3891,Raphael Jones,30,CB,Serbian,right,185.6,76.3,332,18
3892,Ederson Nunez,20,ST,Serbian,right,181.0,79.5,90,5
3893,Alisson Brown,22,W,Nigerian,right,178.8,77.5,291,16
3894,Serge Werner,26,CM,Ghanaian,left,188.4,82.6,213,12
3895,Paulo Griezmann,32,W,Croatian,left,173.4,74.0,137,8
3896,Bruno Davies,33,W,Norwegian,right,170.4,69.2,348,19
3897,Fabio Van Dijk,22,AM,Turkish,right,184.4,74.6,291,16
3898,Marcelo Gomez,37,CB,Swedish,left,188.3,80.0,285,16
3899,Emre Green,20,FB,Portuguese,right,181.8,77.8,309,17
3900,Hlozek Pogba,26,CM,Turkish,left,184.8,80.4,315,17
3901,Milan Thompson,28,AM,Japanese,right,179.9,72.1,206,12
3902,Xherdan Adams,24,FB,Nigerian,both,186.0,79.7,309,17
3903,Gavi Wan-Bissaka,30,CM,Greek,right,181.8,79.4,173,10
3904,Diego De Bruyne,29,CM,English,left,185.1,75.2,237,13
3905,Zuber Sancho,19,AM,Danish,right,186.7,81.5,116,7
3906,Raphael Lloris,30,ST,English,right,178.7,78.5,324,17
3907,Joao Nunez,22,W,French,right,182.6,80.0,345,19
3908,Leroy Brozovic,35,ST,Moroccan,right,180.7,76.8,214,12
3909,Schick Neuer,27,AM,Moroccan,right,177.4,78.6,355,19
3910,Gabriel Modric,33,CB,Croatian,right,187.2,87.3,82,5
3911,Milan Firmino,25,CB,Greek,right,187.6,81.8,329,18
3912,Ferran Harris,27,CB,Norwegian,right,187.4,83.5,210,12
3913,Carlos Mbappe,28,CB,Austrian,left,183.3,74.2,161,9
3914,Raphael Foden,18,AM,Romanian,left,191.1,81.1,165,10
3915,Santi Muller,25,CM,Norwegian,left,182.3,74.4,288,16
3916,Harry Kimmich,28,AM,Ghanaian,right,178.3,71.2,265,15
3917,Theo Davies,16,FB,Moroccan,left,183.9,76.8,14,1
3918,Fabio Laporte,31,CM,Uruguayan,right,178.3,76.5,359,19
3919,Schick Kroos,34,FB,Moroccan,right,174.8,82.9,194,11
3920,Marcelo Green,17,CB,Korean,right,186.0,77.8,25,2
3921,Neymar Valverde,34,CB,Danish,right,184.4,82.3,172,10
3922,Breel Thomas,24,AM,Belgian,right,177.9,77.9,224,13
3923,Rafael Laporte,37,ST,Swiss,left,176.2,76.3,202,11
3924,Phil Foden,30,AM,Croatian,right,181.5,80.0,376,20
3925,Antoine Hall,16,CM,Portuguese,left,169.0,73.9,365,20
3926,Lionel Anderson,18,CB,Dutch,right,184.4,81.2,229,13
3927,Xherdan Sancho,19,ST,Turkish,right,183.1,78.9,377,20
3928,Borna Sterling,16,FB,Senegalese,right,183.5,76.3,136,8
3929,Lautaro Brozovic,22,FB,Portuguese,left,184.2,78.4,371,20
3930,Thibaut Benzema,33,GK,Dutch,right,182.5,78.1,103,6
3931,Presnel Sancho,20,FB,Swedish,right,183.2,81.3,217,12
3932,Manuel Nunez,22,CB,Greek,left,189.4,81.1,311,17
3933,Ivan Son,32,CB,Polish,right,186.9,79.9,70,4
3934,Ivan Rashford,18,CM,Nigerian,right,191.7,81.5,187,11
3935,Vinicius Odegaard,23,GK,Serbian,right,182.5,81.5,178,10
3936,Presnel Valverde,21,CB,Austrian,right,185.9,77.1,159,9
3937,Sadio Werner,19,AM,Dutch,right,177.1,75.2,321,17
3938,Diego Rudiger,18,AM,Dutch,right,181.5,83.8,155,9
3939,Federico Robertson,16,AM,Uruguayan,right,185.9,79.9,325,18
3940,Ruben Dias,38,W,Ghanaian,left,188.4,80.7,128,7
3941,Juan Johnson,31,W,Danish,right,182.0,75.0,27,2
3942,Ferran Griezmann,18,CM,Korean,right,184.7,81.6,110,6
3943,Jude Modric,23,W,Norwegian,right,183.4,81.7,156,9
3944,Schick Lewis,33,CB,Norwegian,right,177.8,69.6,357,19
3945,Thibaut Santos,30,W,Polish,right,181.6,77.4,274,15
3946,Ruben Mac Allister,17,CB,Polish,left,189.9,85.3,147,8
3947,Mason Varane,16,FB,German,right,176.9,75.5,313,17
3948,Trent Adams,30,W,Swedish,left,179.8,79.1,150,8
3949,Schick Pique,32,AM,Spanish,right,178.7,75.4,322,17
3950,Fabio Asensio,29,CM,Portuguese,right,178.2,75.9,298,16
3951,Lionel Foden,35,CM,Turkish,left,182.2,74.4,234,13
3952,Juan Robertson,36,CM,Swiss,right,179.0,79.9,122,7
3953,Presnel Laporte,28,W,Spanish,right,187.1,79.7,312,17
3954,Can Jackson,26,ST,Ghanaian,left,180.6,83.8,164,10
3955,Neymar Havertz,24,GK,Austrian,both,183.6,82.0,370,20
3956,Ruben Ederson,20,FB,Belgian,right,184.1,81.0,252,14
3957,Carlos Gomez,38,ST,Croatian,right,178.0,74.2,205,12
3958,Rafael King,34,FB,Serbian,left,190.9,85.2,155,9
3959,Harry Young,29,FB,Spanish,right,176.2,78.2,25,2
3960,Mohamed Scott,32,CB,Argentine,left,186.9,76.0,151,9
3961,Remo Valverde,18,AM,Moroccan,right,170.7,72.0,353,19
3962,Kevin Odegaard,17,GK,Greek,right,188.0,84.3,83,5
3963,Ivan Dupont,38,FB,Austrian,right,181.5,78.0,350,19
3964,Virgil Davies,29,CM,Swiss,right,181.7,76.2,366,20
3965,Ilkay Smith,22,FB,Norwegian,right,185.4,81.1,161,9
3966,Rafael Silva,22,FB,Serbian,right,185.7,84.8,61,4
3967,Cristiano Lloris,28,W,Romanian,right,177.9,76.4,323,17
3968,Zuber Pique,19,W,Austrian,right,199.7,86.7,232,13
3969,Thibaut Perisic,22,W,Spanish,left,178.3,74.5,352,19
3970,Manuel Kroos,24,CM,German,right,166.8,77.3,90,5
3971,Cesc Wilson,30,ST,Moroccan,right,176.6,78.7,42,3
3972,Achraf Stones,30,W,Polish,right,175.8,73.2,85,5
3973,Dani Rodriguez,36,FB,Czech,right,186.1,82.0,371,20
3974,Luis Firmino,36,W,Polish,right,195.2,86.4,115,7
3975,Ruben Benzema,38,FB,Uruguayan,right,182.1,86.4,260,14
3976,Marquinhos Trossard,28,ST,Dutch,left,179.2,71.7,332,18
3977,Patrik Lopez,35,W,Spanish,right,179.5,79.3,311,17
3978,Antoine Lloris,22,W,Senegalese,right,184.4,75.4,240,13
3979,Vinicius Ramos,36,W,English,left,183.6,77.9,302,16
3980,Ondrej Pavard,21,AM,German,right,181.4,77.9,205,12
3981,Breel Rashford,31,CM,Greek,left,186.6,79.9,355,19
3982,Stefan Saka,32,ST,French,right,172.5,76.3,305,16
3983,Andres Green,31,W,Polish,left,173.7,78.0,358,19
3984,Breel Benzema,20,W,Swedish,both,185.0,79.4,361,19
3985,Rafael Bajcetic,38,CB,Turkish,right,189.0,78.2,323,17
3986,Phil Gakpo,22,FB,Austrian,left,182.6,75.4,155,9
3987,Robert Foden,32,CM,Croatian,right,188.4,78.7,347,19
3988,Xherdan Alba,33,W,Turkish,right,183.7,83.5,24,2
3989,Ansu Robertson,16,ST,Croatian,right,191.6,86.0,204,12
3990,Marquinhos Wilson,37,W,Senegalese,right,177.2,79.4,32,2
3991,David Clarke,19,CB,Czech,left,195.3,80.2,326,18
3992,Achraf Williams,25,CB,Senegalese,both,178.3,77.0,114,6
3993,Mohamed Dupont,28,CB,Uruguayan,right,192.8,83.6,11,1
3994,Lingr Gomez,16,CB,Ghanaian,left,182.5,79.5,40,2
3995,Lionel Davies,27,FB,Dutch,left,178.1,76.1,126,7
3996,Mason Wan-Bissaka,20,W,Austrian,right,183.3,76.5,275,15
3997,Neymar Kane,35,CB,Danish,left,191.2,78.3,323,17
3998,Remo Trossard,36,FB,Czech,right,181.9,78.4,110,6
3999,Rafael Gomez,17,FB,Portuguese,right,181.7,73.6,341,18
4000,Leon Alba,21,ST,Swedish,right,184.7,75.4,345,19
4001,Pedri Smith,25,CM,Italian,right,176.6,79.4,372,20
4002,James Robertson,28,W,Moroccan,left,181.1,72.5,130,7
4003,Jan Pogba,28,CM,Swiss,left,186.4,80.0,205,12
4004,Kai Varane,25,CM,Senegalese,right,180.9,77.5,193,11
4005,Bukayo Mac Allister,37,W,Swedish,right,174.5,70.4,276,15
4006,Vinicius Adams,27,FB,Spanish,right,173.7,79.0,293,16
4007,Lingr Mane,30,CM,Greek,right,172.6,72.6,205,12
4008,Shaqiri Wilson,36,CB,Swiss,right,182.3,79.3,360,19
4009,Leon Ramos,16,ST,Argentine,right,184.3,80.1,345,19
4010,Serge Pogba,32,CM,Senegalese,right,177.9,80.2,337,18
4011,Serge Fabinho,26,CB,Dutch,right,187.7,81.9,90,5
4012,Manuel Sancho,23,W,Polish,left,185.0,78.9,287,16
4013,Can Brown,16,AM,Dutch,right,177.2,74.5,140,8
4014,John Sterling,33,AM,Czech,right,186.9,80.1,378,20
4015,Jude Saka,37,ST,Greek,left,182.0,80.3,349,19
4016,John Dias,17,CM,Swiss,right,177.7,75.5,355,19
4017,Serge Kovacic,21,CM,Swedish,right,188.2,80.8,324,17
4018,Emre Martinelli,34,AM,Dutch,left,180.1,77.9,165,10
4019,Thibaut Diaz,35,CB,Romanian,right,183.5,81.7,185,11
4020,Mohamed Williams,25,ST,Greek,right,182.7,78.8,113,6
4021,Andres Pavard,16,CM,Colombian,left,178.2,75.9,6,1
4022,Ondrej Kane,19,GK,Spanish,left,192.3,84.0,228,13
4023,Ansu Gnabry,17,W,Austrian,both,176.2,75.0,147,8
4024,Jude Ramos,17,CM,Romanian,right,178.7,72.8,324,17
4025,Emre Hall,33,CB,Brazilian,right,185.5,85.3,197,11
4026,Bukayo Lewis,21,CB,Greek,left,191.8,78.7,54,3
4027,Leon Wilson,27,ST,Turkish,left,175.6,77.2,220,12
4028,Luka Martinez,31,CM,Korean,left,182.0,75.6,274,15
4029,Pedri Salah,33,CM,Korean,left,187.6,78.4,203,12
4030,Thomas King,29,CM,Norwegian,right,181.0,76.3,349,19
4031,James Martinez,19,CM,Swiss,left,174.5,76.4,375,20
4032,Milan Trossard,33,ST,Serbian,right,180.0,75.9,243,14
4033,Mohamed Young,18,AM,Danish,right,185.5,77.1,365,20
4034,Leroy Thomas,17,W,Belgian,right,180.6,80.8,39,2
4035,Vinicius Hall,33,CM,Serbian,right,176.1,75.0,378,20
4036,Gabriel Casemiro,36,ST,German,right,183.2,79.3,206,12
4037,Virgil Gnabry,34,W,Croatian,right,183.9,81.7,363,20
4038,Kylian Gomez,34,FB,Turkish,right,179.3,76.3,228,13
4039,Zuber Clarke,28,ST,English,left,182.4,77.5,114,6
4040,Vinicius Jones,31,W,Korean,left,179.7,74.4,255,14
4041,James Wilson,26,W,Nigerian,left,190.7,84.5,175,10
4042,Theo Robertson,35,W,Belgian,right,181.4,80.7,8,1
4043,Serge Rossi,36,ST,Korean,right,178.9,72.2,371,20
4044,Phil Mbappe,18,AM,Swiss,right,181.7,76.7,254,14
4045,Ruben Pique,29,AM,Ghanaian,both,186.4,82.3,310,17
4046,Jordi Davies,18,GK,Nigerian,both,176.7,74.3,237,13
4047,Dani Griezmann,26,CM,Spanish,right,181.6,77.2,209,12
4048,Jordi Son,26,FB,Greek,right,181.2,87.2,29,2
4049,Achraf Martin,18,CM,Turkish,left,188.9,79.1,169,10
4050,Mohamed Thompson,33,CB,Swiss,right,191.1,83.4,367,20
4051,Florian Anderson,20,ST,Dutch,right,182.9,80.9,139,8
4052,Fernando Green,27,CM,Romanian,right,176.9,70.9,166,10
4053,Borna Varane,37,ST,Uruguayan,right,168.9,71.4,349,19
4054,Carlos Fernandez,36,ST,Austrian,right,178.2,71.6,380,20
4055,Granit Gakpo,28,FB,Norwegian,left,167.0,71.1,27,2
4056,Ilkay Anderson,28,AM,Polish,right,180.3,80.5,68,4
4057,Trent Mac Allister,28,W,Korean,both,187.1,75.7,299,16
4058,Ilkay Valverde,31,CM,Norwegian,right,185.1,75.6,41,3
4059,Rodri Thompson,18,ST,Turkish,right,181.9,77.2,145,8
4060,Luka Johnson,38,ST,Dutch,right,184.7,85.9,178,10
4061,Kylian Son,30,AM,Danish,right,181.6,89.7,30,2
4062,Sadio Mbappe,31,CM,Serbian,right,170.7,70.9,169,10
4063,Kingsley Son,26,GK,Danish,right,186.5,78.7,262,14
4064,Pedri Hall,19,W,Ghanaian,right,170.2,76.1,229,13
4065,Mohamed Hall,19,W,Romanian,left,183.6,75.3,140,8
4066,Cesc Hernandez,37,GK,Norwegian,left,185.8,80.4,147,8
4067,John Muller,38,ST,Belgian,right,193.3,89.2,17,1
4068,Mohamed Lopez,21,CM,Dutch,right,190.6,86.7,153,9
4069,Santi Werner,30,FB,Korean,right,172.9,75.5,374,20
4070,Gavi Robertson,17,W,Austrian,left,178.9,79.2,55,3
4071,Adam Perisic,28,CB,Japanese,right,187.8,78.7,245,14
4072,Ruben Nunez,27,CB,Korean,right,194.7,85.1,281,15
4073,Andres Wan-Bissaka,19,ST,French,both,180.6,77.3,322,17
4074,Jude De Bruyne,22,CM,Colombian,left,186.8,86.0,362,19
4075,Ansu Green,35,FB,Ghanaian,right,174.2,77.1,338,18
4076,Cristiano Martinez,28,CM,Polish,left,174.7,77.3,287,16
4077,Bernardo Perisic,33,CM,Italian,right,181.2,79.3,314,17
4078,Serge Baker,25,CB,Italian,left,182.0,72.5,286,16
4079,Trent Jones,28,FB,Croatian,right,188.9,81.7,369,20
4080,Leroy Baker,37,CM,Croatian,left,179.5,73.6,216,12
4081,Thibaut Dias,17,FB,Japanese,right,180.5,77.9,339,18
4082,Kalidou Bajcetic,23,FB,Colombian,right,197.5,84.0,228,13
4083,Hlozek Kane,32,CM,Dutch,right,167.8,71.3,90,5
4084,Nikola Perisic,30,CB,Ghanaian,left,180.8,78.3,218,12
4085,Theo Kroos,21,AM,Norwegian,right,187.7,77.5,272,15
4086,Cristiano Pogba,33,FB,Colombian,left,172.7,73.6,210,12
4087,Cesc Fabinho,20,W,Dutch,right,173.4,79.0,83,5
4088,Mason Rudiger,29,AM,Swiss,right,176.9,76.6,164,10
4089,Mason Ederson,35,GK,Colombian,right,183.7,77.5,55,3
4090,Emre Williams,22,CB,Portuguese,left,195.7,81.0,291,16
4091,Cesc Kramaric,34,AM,German,right,176.0,74.1,160,9
4092,Mason Varane,37,W,Colombian,right,181.2,75.8,239,13
4093,Haris Goretzka,36,FB,Greek,left,187.1,77.8,206,12
4094,Ruben Pogba,32,ST,Dutch,left,179.4,78.9,305,16
4095,Jordi Jones,30,W,Uruguayan,right,173.0,72.9,264,15
4096,Ladislav Smith,19,W,Austrian,right,195.9,86.7,86,5
4097,Rodri Harris,22,AM,English,right,183.3,78.0,322,17
4098,Kylian Mbappe,28,CB,Danish,left,188.5,82.8,337,18
4099,Stefan Nunez,18,AM,Norwegian,right,171.7,73.4,367,20
4100,Robert Foden,27,CM,Nigerian,left,178.1,71.1,342,18
4101,Leon Henderson,38,CM,Ghanaian,left,177.6,74.6,233,13
4102,Xavi Kramaric,24,CM,Dutch,right,192.2,83.3,88,5
4103,Bukayo Kimmich,26,W,Portuguese,right,185.0,81.7,350,19
4104,Marcelo Van Dijk,20,ST,Swiss,left,180.5,85.2,5,1
4105,Antoine Mitchell,23,ST,Croatian,right,183.9,80.6,6,1
4106,Kalidou Rudiger,25,FB,Turkish,right,189.2,79.5,214,12
4107,Bruno Perisic,32,ST,English,right,176.2,74.5,165,10
4108,Ruben Pavard,18,FB,Romanian,left,173.8,75.6,320,17
4109,Gabriel Green,26,CM,Greek,left,178.6,81.8,370,20
4110,Stefan Gomez,31,GK,Uruguayan,right,173.0,73.0,2,1
4111,Lingr Valverde,35,CB,Spanish,right,180.0,79.1,169,10
4112,Diego Perisic,23,ST,Colombian,left,174.5,74.7,123,7
4113,Phil Nunez,28,ST,Greek,right,174.4,77.8,108,6
4114,Mohamed Kante,19,W,Spanish,left,182.0,78.2,334,18
4115,Patrik Rodriguez,36,W,Japanese,right,180.9,77.9,77,4
4116,Jordi Pavard,26,CB,German,right,188.0,83.3,168,10
4117,Diego Kroos,25,FB,Korean,right,178.2,77.7,107,6
4118,Emre Gomez,34,W,Korean,right,173.5,73.8,332,18
4119,James Upamecano,23,W,Spanish,left,179.4,76.1,338,18
4120,Manuel Van Dijk,22,ST,Argentine,left,173.0,76.8,146,8
4121,Serge Gomez,33,W,Moroccan,left,179.5,75.9,98,6
4122,Borna Dias,31,FB,Czech,left,186.1,77.2,186,11
4123,Xherdan Firmino,31,CM,Serbian,right,180.4,80.8,201,11
4124,Willian Adams,36,W,English,left,189.3,79.3,369,20
4125,Dani Nunez,17,CM,Croatian,right,185.0,79.1,350,19
4126,Paulo Mane,35,ST,Serbian,left,176.4,68.8,249,14
4127,Virgil Clarke,28,CM,Romanian,left,175.6,74.5,189,11
4128,Thomas Lopez,29,CM,Senegalese,left,196.0,83.7,361,19
4129,Juan Taylor,26,CB,Polish,right,191.6,71.9,246,14
4130,Serge Odegaard,38,AM,Czech,right,186.3,79.6,62,4
4131,Serge Baker,16,ST,Japanese,both,184.5,77.8,358,19
4132,Gabriel Saka,20,ST,Argentine,right,172.9,71.5,271,15
4133,Kevin Griezmann,37,CB,Belgian,right,178.9,71.6,215,12
4134,Alisson Rossi,26,GK,Japanese,right,193.1,82.7,84,5
4135,Ansu Gundogan,22,CB,Serbian,right,191.4,76.4,341,18
4136,Neymar Moore,35,ST,Dutch,left,182.1,74.9,252,14
4137,Ciro Fabinho,22,CM,Swedish,right,191.8,85.9,70,4
4138,John Wan-Bissaka,28,FB,Swedish,right,179.1,72.4,177,10
4139,Jan Asensio,37,FB,Moroccan,right,173.1,78.1,273,15
4140,Xavi Sterling,35,W,Colombian,right,187.7,79.8,266,15
4141,Fernando Walker,35,CM,Czech,right,182.3,79.4,353,19
4142,Antoine Santos,16,CB,Norwegian,right,179.6,77.2,120,7
4143,Ansu Williams,18,CB,Greek,right,183.3,79.3,328,18
4144,Ilkay Adams,20,FB,Croatian,right,184.3,82.8,142,8
4145,Zuber Perisic,17,AM,Belgian,right,179.9,75.0,48,3
4146,Breel Wilson,34,CB,Brazilian,left,182.3,79.3,252,14
4147,Cristiano Brozovic,19,CB,Ghanaian,right,192.8,78.8,107,6
4148,Marco Allen,21,CM,Senegalese,right,180.0,80.7,376,20
4149,Cristiano Werner,29,W,Belgian,left,174.7,71.8,331,18
4150,Lautaro Salah,19,ST,Czech,right,179.7,76.0,315,17
4151,Haris Son,32,AM,Moroccan,left,191.2,83.9,379,20
4152,Bernardo Martinez,35,W,Swedish,both,175.0,70.7,270,15
4153,Robert Anderson,25,ST,Dutch,right,169.3,75.9,226,13
4154,Breel Taylor,34,AM,Brazilian,right,187.2,79.6,367,20
4155,Rodri Griezmann,23,GK,Serbian,right,184.4,77.5,154,9
4156,Xherdan Fabinho,37,CM,Spanish,right,180.3,71.5,335,18
4157,Erling Saka,21,ST,Norwegian,left,176.4,79.2,244,14
4158,Thibaut Gnabry,21,CM,Austrian,left,179.9,80.9,352,19
4159,Kevin Hall,36,FB,Ghanaian,left,180.0,75.5,78,4
4160,Marquinhos Scott,33,CM,Romanian,left,174.0,75.3,364,20
4161,Leroy Sancho,24,CM,Ghanaian,right,183.2,77.0,364,20
4162,Thomas Williams,33,ST,Brazilian,right,187.7,79.4,342,18
4163,Phil Mac Allister,36,ST,Senegalese,both,189.3,81.7,79,5
4164,Patrik Martinelli,22,W,Colombian,left,180.3,79.8,286,16
4165,Bukayo Sane,38,AM,Norwegian,right,187.1,77.3,173,10
4166,Neymar Garcia,25,ST,Japanese,right,189.4,84.9,304,16
4167,Mason Dias,29,FB,Japanese,left,184.4,80.7,379,20
4168,Can King,31,CB,Colombian,right,186.6,78.8,79,5
4169,Stefan Bellingham,33,W,Uruguayan,right,185.6,84.1,335,18
4170,Adam Mac Allister,29,AM,French,right,178.2,73.5,270,15
4171,Thibaut Jackson,34,CB,Polish,right,179.3,80.2,206,12
4172,Sadio Dupont,22,FB,Croatian,right,177.2,79.0,200,11
4173,Dani Rashford,26,CM,Swedish,right,173.8,71.7,150,8
4174,Emre Ramos,24,W,Serbian,left,177.1,75.4,143,8
4175,Kai Sterling,34,CB,Uruguayan,right,182.9,75.0,368,20
4176,David Ederson,22,ST,Dutch,right,193.4,86.2,57,3
4177,Kai Foden,20,CM,Portuguese,right,182.0,80.8,298,16
4178,Bernardo Taylor,17,W,Colombian,left,184.4,73.8,376,20
4179,Ilkay Dupont,26,W,Croatian,right,188.7,80.0,366,20
4180,Xavi Lloris,25,CB,Swedish,right,190.4,81.1,183,11
4181,Roberto Bellingham,37,W,Portuguese,right,188.0,78.1,233,13
4182,Stefan Robertson,23,CM,Belgian,right,177.5,77.2,267,15
4183,Jude Gundogan,27,ST,Colombian,right,181.8,71.5,111,6
4184,Theo Harris,17,FB,Italian,right,189.1,78.0,379,20
4185,Willian De Bruyne,38,FB,Swedish,right,182.7,77.1,222,13
4186,David Alba,29,FB,Swiss,right,176.8,79.7,230,13
4187,Xavi Pavard,33,FB,Colombian,right,185.2,80.2,313,17
4188,Dusan Lopez,33,ST,Uruguayan,right,188.2,82.8,64,4
4189,Manuel Neuer,21,FB,Dutch,right,186.7,77.1,226,13
4190,Zuber Trossard,20,AM,Polish,right,186.5,84.5,366,20
4191,Manuel Gnabry,22,CM,Argentine,left,183.1,81.5,88,5
4192,Ferran Thomas,20,AM,Uruguayan,right,176.5,76.7,40,2
4193,Presnel Stones,35,CB,Senegalese,right,193.2,81.5,373,20
4194,Federico Fernandez,28,FB,Colombian,right,181.8,76.6,308,17
4195,Antoine Taylor,20,AM,Senegalese,right,191.3,77.6,92,5
4196,Stefan Son,20,W,Colombian,right,186.9,79.4,143,8
4197,Haris Hernandez,36,CB,Swiss,right,183.7,76.5,67,4
4198,Zuber Hernandez,22,W,Belgian,right,187.7,83.1,181,11
4199,Marquinhos Adams,34,W,Romanian,right,187.0,76.9,164,10
4200,Jordi Adams,21,ST,Spanish,both,180.9,79.9,88,5
4201,Jan Mbappe,36,FB,Swedish,right,184.0,82.7,301,16
4202,Carlos Thompson,27,W,Uruguayan,right,187.1,81.6,175,10
4203,Andres Fernandez,38,GK,Turkish,left,191.6,84.4,323,17
4204,Breel Fabinho,17,FB,Swedish,left,202.8,87.4,152,9
4205,Fabio Valverde,19,GK,Colombian,both,188.6,80.0,178,10
4206,Erling Young,34,FB,Uruguayan,left,185.1,77.2,234,13
4207,Vinicius Valverde,34,GK,Romanian,right,184.2,76.4,358,19
4208,Phil King,33,CB,Korean,right,185.0,81.8,175,10
4209,Marco Silva,23,AM,French,left,178.6,76.5,222,13
4210,Adam De Bruyne,18,W,Czech,left,179.2,78.6,64,4
4211,Jude Martinelli,33,FB,Italian,right,191.7,82.8,347,19
4212,James Saka,37,FB,Romanian,left,177.9,77.6,73,4
4213,Fernando Hernandez,29,FB,Italian,left,177.1,69.4,200,11
4214,Jude Thompson,21,CB,Japanese,left,180.6,77.9,208,12
4215,Manuel Rudiger,22,ST,Serbian,left,177.7,75.1,274,15
4216,Zuber Kovacic,30,ST,Swiss,left,183.4,76.6,242,14
4217,Jordi Kramaric,19,GK,Croatian,right,185.9,81.5,357,19
4218,Stefan Van Dijk,29,ST,Korean,right,177.0,68.4,355,19
4219,Haris Fabinho,22,CM,Ghanaian,right,175.4,75.5,358,19
4220,Jordi King,30,CM,Portuguese,right,176.0,77.7,288,16
4221,Timo Rossi,22,ST,Danish,right,170.9,72.9,160,9
4222,Joao Goretzka,17,ST,Austrian,right,190.2,83.6,92,5
4223,Kingsley Hall,36,ST,German,right,175.4,71.0,307,17
4224,Ilkay Rashford,27,CM,Swedish,right,174.8,75.7,170,10
4225,Kai Jones,23,ST,French,right,185.2,82.0,28,2
4226,Erling Wan-Bissaka,26,ST,Romanian,left,178.2,81.7,376,20
4227,Thomas Fernandez,37,W,Austrian,left,167.9,75.4,239,13
4228,Ferran Van Dijk,26,ST,Spanish,right,186.5,75.0,348,19
4229,Roberto Lopez,19,AM,Spanish,right,172.4,72.0,270,15
4230,Milan Santos,27,FB,Serbian,left,162.3,70.1,312,17
4231,Kai Johnson,33,CM,Turkish,right,185.9,81.3,119,7
4232,Lautaro Perisic,33,CM,Romanian,right,183.2,81.8,259,14
4233,Ansu Neuer,27,FB,Brazilian,right,184.3,79.1,188,11
4234,Vinicius Fernandez,32,CM,Nigerian,right,176.5,76.6,60,4
4235,Ciro Johnson,18,ST,Swedish,right,179.7,81.7,366,20
4236,Santi Trossard,18,ST,Polish,right,181.0,74.3,120,7
4237,Kai Davies,24,GK,Italian,left,185.7,78.4,350,19
4238,Stefan Kovacic,19,ST,German,right,176.6,73.1,17,1
4239,Santi Green,30,W,Moroccan,right,187.8,79.4,163,10
4240,Nikola Silva,17,ST,Czech,right,180.5,79.1,91,5
4241,Kevin Garcia,24,AM,German,right,179.8,70.4,296,16
4242,Rafael Goretzka,24,FB,Serbian,right,182.3,79.1,2,1
4243,Zuber Hall,24,FB,Dutch,left,175.7,79.5,253,14
4244,Mohamed Silva,27,W,Polish,left,181.5,80.6,154,9
4245,Cristiano Brown,35,CB,Uruguayan,right,188.9,80.4,227,13
4246,Alisson Brozovic,22,FB,Colombian,right,178.6,80.3,232,13
4247,Remo Valverde,31,FB,Swiss,right,187.1,84.8,220,12
4248,Sadio Moore,18,CM,Polish,left,183.5,82.7,217,12
4249,Ruben Kante,34,CM,Uruguayan,right,179.0,75.5,275,15
4250,Kalidou Mitchell,22,CB,Danish,right,184.8,79.0,311,17
4251,James Moore,19,ST,Nigerian,right,182.8,79.6,125,7
4252,Sadio Sancho,20,CM,Norwegian,both,180.7,77.5,325,18
4253,Breel Young,28,CM,Spanish,right,185.0,86.8,244,14
4254,Granit Davies,32,W,Belgian,right,176.9,76.6,84,5
4255,Marcelo King,21,ST,Austrian,right,174.6,78.3,379,20
4256,Nikola Bellingham,35,CM,Colombian,right,175.5,76.0,347,19
4257,Pedri Diaz,19,ST,Polish,right,181.3,77.5,109,6
4258,Manuel Son,23,FB,Nigerian,left,182.6,81.8,346,19
4259,Juan Adams,22,AM,Croatian,right,179.2,84.9,196,11
4260,Kevin Brown,27,W,Argentine,right,187.4,82.7,325,18
4261,Kevin Kante,24,GK,Spanish,right,180.1,73.4,253,14
4262,Ansu Thompson,36,W,Argentine,right,186.1,87.2,219,12
4263,Mohamed Pique,19,CM,Swedish,right,184.3,75.7,97,6
4264,James Camavinga,23,CM,Croatian,right,182.8,80.7,317,17
4265,Dusan Mbappe,18,AM,Austrian,right,179.5,74.7,40,2
4266,Serge Walker,32,W,German,right,182.4,75.7,73,4
4267,Luis Silva,25,CM,Turkish,right,184.9,83.8,352,19
4268,Haris Benzema,26,GK,Uruguayan,right,186.3,76.5,300,16
4269,Vinicius Stones,19,AM,Belgian,right,189.0,81.7,116,7
4270,Ruben Pogba,33,CM,Ghanaian,right,188.6,79.7,126,7
4271,Cristiano Garcia,33,ST,Korean,left,182.8,78.9,12,1
4272,Gavi Henderson,28,CM,Portuguese,right,182.8,79.0,376,20
4273,Mohamed Kovacic,21,CM,Romanian,left,179.8,77.8,279,15
4274,Kalidou Asensio,34,CM,Korean,left,178.3,76.1,120,7
4275,Ruben Davies,25,CM,French,right,178.7,74.0,377,20
4276,Kingsley Rudiger,19,ST,German,right,176.6,74.7,365,20
4277,Patrik Scott,16,CB,Serbian,right,184.2,73.6,299,16
4278,Breel Camavinga,36,CM,French,right,178.6,72.7,71,4
4279,Schick Odegaard,37,GK,Spanish,right,178.4,76.6,71,4
4280,Luis Nunez,30,W,French,right,181.6,86.3,299,16
4281,Cristiano Ederson,34,FB,German,left,183.7,88.1,264,15
4282,Kevin Gnabry,19,FB,Ghanaian,right,183.7,76.0,373,20
4283,Hlozek Ramos,38,CM,Spanish,both,183.5,80.9,151,9
4284,Milan Sancho,36,CB,Croatian,right,174.6,75.0,48,3
4285,Florian Garcia,27,CB,Swedish,right,177.9,74.5,221,13
4286,Gavi Asensio,17,W,Moroccan,right,176.1,80.3,361,19
4287,Mason Gomez,24,FB,Senegalese,right,184.3,84.2,271,15
4288,Willian Thomas,28,FB,Austrian,right,182.3,80.6,47,3
4289,Ricardo Pavard,38,FB,Colombian,left,180.3,80.2,155,9
4290,Marquinhos Perisic,36,GK,Serbian,left,177.3,78.2,258,14
4291,Jude Wilson,21,FB,English,right,186.3,80.2,231,13
4292,Raphael Alba,28,ST,Polish,right,181.8,74.8,296,16
4293,Pedri Green,18,FB,Korean,left,182.5,80.6,128,7
4294,Luis Goretzka,26,CM,French,right,181.7,74.7,365,20
4295,Ilkay Harris,25,W,Croatian,right,175.5,72.0,304,16
4296,Niklas Allen,29,CB,Colombian,right,195.2,82.3,220,12
4297,Xherdan Kovacic,29,CB,Argentine,right,189.0,83.8,171,10
4298,Milan Allen,26,CM,Argentine,right,172.4,74.4,320,17
4299,Ansu Benzema,33,ST,Japanese,left,181.6,82.4,299,16
4300,Roberto Lloris,29,ST,Spanish,right,191.3,83.4,327,18
4301,Granit Muller,27,FB,Turkish,right,181.8,75.0,154,9
4302,Kylian Saka,21,W,Japanese,both,175.6,73.2,356,19
4303,Joshua Modric,17,AM,Turkish,right,179.6,71.7,374,20
4304,James Sterling,29,AM,Italian,left,182.1,70.5,361,19
4305,Shaqiri Mbappe,31,W,Argentine,right,179.0,77.1,366,20
4306,Joao Rodriguez,23,CM,Norwegian,right,180.8,75.2,330,18
4307,Can Hernandez,16,W,Danish,right,182.2,83.9,300,16
4308,Thomas Fernandez,24,ST,Swiss,right,174.1,80.2,128,7
4309,Theo Carvajal,32,AM,Czech,right,181.4,80.6,153,9
4310,Santi Henderson,35,AM,Moroccan,right,188.3,78.2,328,18
4311,Andres Walker,24,CM,Korean,right,174.1,72.5,87,5
4312,Kylian Anderson,30,CM,Austrian,left,187.2,77.9,363,20
4313,Haris King,24,CB,Serbian,left,194.4,81.3,104,6
4314,Ruben Rashford,28,ST,Danish,right,174.6,76.2,58,3
4315,Marco Trossard,24,W,Serbian,right,177.4,72.1,86,5
4316,Leon Kramaric,24,CB,English,right,189.2,83.1,289,16
4317,Zuber Martinez,33,W,Brazilian,left,189.2,80.7,194,11
4318,Virgil Clarke,24,ST,German,right,187.2,83.6,230,13
4319,James Varane,29,CM,French,right,174.4,76.1,250,14
4320,Mohamed Sane,35,ST,Danish,right,180.5,79.4,111,6
4321,Bernardo Firmino,28,W,Greek,right,186.8,78.1,160,9
4322,Pedri Wan-Bissaka,23,CM,Czech,right,179.8,78.9,352,19
4323,Marquinhos Jones,23,CM,Argentine,right,184.6,77.9,268,15
4324,Marco Dias,28,W,Moroccan,right,169.3,68.1,353,19
4325,Harry Upamecano,21,ST,Nigerian,right,181.3,70.7,138,8
4326,Vinicius White,27,ST,Colombian,right,186.2,77.1,364,20
4327,Serge Bellingham,21,W,German,right,176.6,77.1,264,15
4328,Bernardo Davies,30,CB,Czech,left,188.3,78.6,341,18
4329,Ladislav Wilson,29,CB,Austrian,left,185.8,84.0,72,4
4330,Jan Alba,19,ST,Austrian,right,188.2,74.8,154,9
4331,Kai Trossard,27,GK,Korean,right,189.8,81.8,315,17
4332,Antoine Hall,25,ST,Norwegian,right,185.3,73.1,347,19
4333,Xherdan Thompson,31,ST,German,left,182.9,80.4,372,20
4334,Andres Bellingham,18,W,Argentine,right,179.3,75.9,369,20
4335,Kevin Szoboszlai,34,ST,Korean,right,179.0,72.0,334,18
4336,John Havertz,26,GK,Nigerian,right,181.2,78.9,30,2
4337,Trent King,16,FB,Romanian,right,171.7,73.4,93,5
4338,Bernardo Firmino,36,CM,Austrian,right,178.9,74.6,184,11
4339,Bruno Bellingham,24,AM,Ghanaian,left,176.3,74.1,314,17
4340,Gabriel Pavard,16,AM,German,right,180.4,77.3,330,18
4341,Ivan Pique,16,FB,Czech,right,174.8,75.6,169,10
4342,Jamal Anderson,16,CM,Swedish,left,176.9,75.8,50,3
4343,Remo Varane,16,CM,English,right,169.5,70.7,372,20
4344,Bruno De Bruyne,16,W,Austrian,left,180.7,74.4,61,4
4345,Santi Henderson,25,AM,Polish,right,177.4,75.6,67,4
4346,Ondrej Kovacic,26,FB,Nigerian,left,181.2,75.5,29,2
4347,Marco Wan-Bissaka,23,CM,Brazilian,right,182.4,79.8,175,10
4348,Marcelo Allen,21,FB,Korean,right,180.2,79.9,352,19
4349,Diego Salah,27,AM,Brazilian,right,190.1,80.4,360,19
4350,Dusan Henderson,33,CM,Greek,right,177.3,76.8,321,17
4351,Bernardo Salah,27,FB,Ghanaian,right,172.8,73.3,290,16
4352,Marcelo Rossi,18,W,Portuguese,left,187.6,78.1,364,20
4353,Thomas Saka,17,W,Norwegian,right,183.4,77.7,10,1
4354,Serge Muller,29,W,Austrian,left,178.0,79.6,378,20
4355,Kalidou Gomez,24,CM,Ghanaian,right,177.9,75.4,228,13
4356,Milan Casemiro,26,CB,Greek,right,190.2,82.1,312,17
4357,Ladislav Brozovic,28,CM,Portuguese,right,190.2,82.3,53,3
4358,Bukayo Valverde,24,AM,Italian,right,183.6,81.4,291,16
4359,Jan Neuer,38,CB,Moroccan,right,190.0,86.1,122,7
4360,Niklas Laporte,23,CM,Portuguese,right,180.0,79.2,220,12
4361,Lautaro Valverde,37,FB,Dutch,left,180.2,74.1,23,2
4362,Ondrej Davies,28,AM,Dutch,right,188.0,83.5,100,6
4363,Ansu Pogba,32,ST,Nigerian,left,181.8,81.6,343,18
4364,Xavi Trossard,27,ST,Czech,left,189.4,82.1,313,17
4365,Presnel Havertz,26,FB,Spanish,right,177.9,75.7,326,18
4366,Antoine Modric,36,GK,Swiss,right,181.7,77.4,349,19
4367,Ederson De Bruyne,17,FB,Greek,right,175.0,73.5,121,7
4368,Granit Baker,21,FB,Korean,left,193.4,86.2,365,20
4369,Schick Goretzka,20,ST,Swiss,right,187.8,82.2,100,6
4370,Phil Adams,18,ST,Korean,right,186.9,82.6,209,12
4371,Trent Harris,34,FB,Czech,right,178.7,73.6,165,10
4372,Remo Rashford,27,CM,Romanian,left,187.8,79.6,349,19
4373,Juan Saka,33,ST,Dutch,right,179.6,83.6,347,19
4374,Fabio Lloris,38,FB,German,right,178.0,75.4,127,7
4375,Marco King,22,ST,Japanese,right,173.4,73.0,373,20
4376,Sadio Jones,35,CB,Norwegian,right,180.0,76.3,26,2
4377,Luka Dupont,29,CM,Dutch,right,184.5,76.8,345,19
4378,Ederson Ederson,29,ST,Norwegian,right,183.8,79.6,321,17
4379,Milan Brozovic,36,CM,Serbian,left,179.8,83.1,152,9
4380,Joao Valverde,33,AM,Argentine,right,180.0,79.4,326,18
4381,Joshua Perisic,35,CM,Swedish,both,174.1,74.6,167,10
4382,Ivan Pique,33,ST,Belgian,left,190.7,81.0,38,2
4383,Phil Smith,18,ST,Croatian,right,196.4,82.2,301,16
4384,Federico Brown,34,GK,English,right,195.0,86.9,299,16
4385,Borna Kimmich,34,W,Colombian,left,177.3,75.5,294,16
4386,Roberto Mane,29,GK,Dutch,right,185.4,82.5,259,14
4387,Ruben Sterling,28,CB,French,right,186.5,79.9,375,20
4388,Juan Adams,24,ST,Nigerian,right,187.1,78.9,216,12
4389,Roberto Dupont,34,FB,Greek,left,183.0,73.5,370,20
4390,Jude Baker,21,ST,Ghanaian,right,193.8,85.1,360,19
4391,Bruno Laporte,23,CM,Dutch,right,193.5,84.5,168,10
4392,Lautaro Young,21,W,Senegalese,right,185.0,75.6,58,3
4393,Granit Benzema,21,AM,Czech,left,180.5,78.0,245,14
4394,Pedri Van Dijk,21,FB,Dutch,right,189.3,80.9,79,5
4395,Joshua Pogba,37,AM,Moroccan,right,177.6,77.4,346,19
4396,David Ramos,18,AM,Nigerian,right,178.6,66.9,293,16
4397,Sergio Gundogan,22,CM,Portuguese,left,173.8,74.6,246,14
4398,Kai Santos,25,CM,German,left,178.0,67.0,274,15
4399,Serge Laporte,20,W,Danish,right,184.7,83.5,214,12
4400,Thibaut Baker,27,FB,Ghanaian,right,178.4,86.0,2,1
4401,Zuber Santos,35,CM,Croatian,left,180.4,78.9,297,16
4402,John Green,30,CB,Dutch,right,191.7,77.4,226,13
4403,Achraf Lewis,16,FB,Italian,right,184.4,78.2,343,18
4404,Dani Van Dijk,17,AM,Senegalese,right,180.7,78.9,370,20
4405,Xherdan Diaz,38,W,Polish,right,185.0,79.6,369,20
4406,Manuel Garcia,33,CB,English,right,170.4,68.5,235,13
4407,Ricardo Bajcetic,38,CB,Argentine,right,180.2,74.2,326,18
4408,Xherdan Baker,20,W,Argentine,right,174.0,72.7,366,20
4409,Luis Taylor,21,CM,Korean,right,184.1,78.7,350,19
4410,Ondrej Clarke,37,CB,German,right,190.9,79.2,312,17
4411,Ricardo Smith,32,CB,French,left,187.3,80.6,138,8
4412,Ruben Kovacic,37,FB,Polish,left,175.0,77.9,162,9
4413,Ederson Wan-Bissaka,24,FB,Serbian,left,177.7,77.4,213,12
4414,Haris Camavinga,21,ST,Romanian,left,178.8,77.4,206,12
4415,Marco Scott,32,AM,Spanish,right,182.0,86.0,295,16
4416,Sadio Fabinho,32,W,Japanese,right,177.1,79.1,226,13
4417,Mason Carvajal,16,AM,Moroccan,right,181.2,85.7,235,13
4418,Theo Allen,26,AM,Korean,right,185.0,78.5,101,6
4419,Florian Allen,20,ST,German,left,169.7,76.3,107,6
4420,Kevin Young,38,ST,Croatian,left,185.6,80.2,272,15
4421,David Goretzka,26,W,Danish,right,182.0,77.9,348,19
4422,Dani Davies,27,CB,Italian,right,181.4,77.0,130,7
4423,Kylian Havertz,32,CB,Polish,right,185.3,79.6,348,19
4424,Cesc Griezmann,32,GK,Belgian,left,184.9,77.8,176,10
4425,Kevin Young,25,W,Austrian,right,181.2,76.9,289,16
4426,Ciro Brozovic,26,CM,Romanian,right,181.5,79.0,42,3
4427,Ansu Rossi,32,CB,Turkish,right,182.3,77.0,292,16
4428,Lingr Kovacic,22,W,English,right,179.7,79.1,116,7
4429,Patrik Rashford,29,W,Danish,left,185.8,77.8,330,18
4430,Sergio Garcia,31,CM,Italian,right,180.5,80.5,196,11
4431,Pedri Griezmann,36,ST,Greek,left,174.2,78.8,106,6
4432,Phil Dupont,30,CB,Romanian,right,173.3,72.9,367,20
4433,Mateo Clarke,18,AM,Korean,left,190.7,74.4,362,19
4434,Fabio Allen,17,ST,Korean,right,192.3,84.0,172,10
4435,Rodri Adams,19,AM,Moroccan,right,184.1,77.9,266,15
4436,Milan Busquets,20,W,Colombian,both,179.9,75.9,361,19
4437,John Kante,37,ST,Danish,right,184.2,77.8,126,7
4438,Leroy Robertson,22,CM,Moroccan,left,173.8,79.4,344,18
4439,Dani Martin,35,FB,Austrian,right,179.8,80.2,302,16
4440,Hlozek Carvajal,18,CM,Japanese,left,186.2,78.3,324,17
4441,David Wan-Bissaka,29,CM,Serbian,right,186.4,78.5,304,16
4442,Trent Mac Allister,38,ST,Turkish,right,189.6,77.2,320,17
4443,Adam Salah,28,W,Swiss,right,186.6,82.8,217,12
4444,Leon Adams,38,AM,Greek,left,178.7,77.2,232,13
4445,Manuel Carvajal,17,CB,Uruguayan,left,192.0,81.1,164,10
4446,Phil Muller,20,CB,Portuguese,left,185.0,77.2,131,7
4447,Remo Griezmann,37,CB,Moroccan,right,175.2,75.0,297,16
4448,Hlozek Lopez,35,FB,Uruguayan,right,183.6,80.8,116,7
4449,Borna Santos,36,ST,Polish,right,183.3,77.7,205,12
4450,Serge Thompson,16,AM,Italian,right,179.2,75.1,299,16
4451,Kai Upamecano,28,FB,Colombian,right,183.2,77.0,123,7
4452,Gabriel Lopez,21,CM,English,right,175.4,76.2,206,12
4453,John Alba,29,CB,Polish,right,189.2,84.5,355,19
4454,Juan Gundogan,31,W,Greek,right,181.0,76.5,97,6
4455,Gavi Asensio,35,ST,Polish,right,182.6,80.7,308,17
4456,Phil Silva,37,ST,Romanian,right,174.0,70.7,32,2
4457,Borna Gundogan,18,AM,English,right,175.5,77.0,195,11
4458,Ruben Hall,29,ST,Korean,right,172.3,74.5,154,9
4459,Pedri Fabinho,18,CM,Norwegian,right,176.7,77.1,214,12
4460,Juan Lewis,33,FB,Moroccan,right,182.8,81.5,357,19
4461,Neymar Rudiger,20,W,Brazilian,right,173.7,74.6,91,5
4462,Bruno Davies,27,ST,Swedish,left,184.6,81.6,360,19
4463,Kylian Clarke,28,AM,Austrian,right,175.6,77.0,370,20
4464,Jordi Diaz,26,CB,Italian,both,183.7,78.2,109,6
4465,Rodri Neuer,22,CB,Senegalese,right,200.0,87.8,134,8
4466,Emre Baker,38,CM,Norwegian,left,184.4,83.4,280,15
4467,Sergio Salah,31,FB,Uruguayan,both,186.6,79.8,154,9
4468,Sergio Clarke,19,W,Nigerian,right,185.1,82.2,331,18
4469,Lautaro Clarke,35,FB,Japanese,left,180.4,72.8,191,11
4470,Fernando Robertson,16,ST,Czech,right,186.9,83.0,326,18
4471,Dani Young,30,W,Portuguese,right,179.0,77.0,263,15
4472,Luka Busquets,29,AM,Italian,right,183.9,77.1,149,8
4473,Dani Henderson,27,CM,Swedish,left,170.5,75.2,152,9
4474,Thomas Silva,16,CM,Polish,left,189.0,78.4,378,20
4475,John Dupont,36,ST,Moroccan,right,180.0,76.4,166,10
4476,Kevin Modric,21,CB,Croatian,right,193.3,85.1,377,20
4477,Ciro Kante,27,CM,Swedish,right,181.7,78.4,266,15
4478,Sadio Gomez,28,GK,Czech,left,190.9,82.2,156,9
4479,Juan Kroos,16,GK,Italian,right,183.1,76.6,174,10
4480,Stefan Fabinho,34,ST,Romanian,right,177.6,69.6,316,17
4481,Stefan Martinelli,30,GK,Belgian,left,177.9,76.2,78,4
4482,Lautaro Brozovic,22,GK,Argentine,right,175.2,77.0,364,20
4483,Kevin King,38,ST,Turkish,left,179.3,77.9,265,15
4484,Jan Muller,36,AM,Ghanaian,right,186.5,76.3,350,19
4485,Ivan Jones,20,CM,Turkish,right,171.1,71.6,204,12
4486,Remo Casemiro,18,GK,Colombian,left,185.2,78.2,316,17
4487,Jude Alba,16,FB,Italian,right,186.0,77.3,215,12
4488,Trent Williams,30,CB,Moroccan,right,182.3,75.6,265,15
4489,Ansu Rashford,26,FB,Polish,right,182.5,79.3,360,19
4490,Ruben Kimmich,34,FB,Japanese,right,179.6,80.0,369,20
4491,Antoine Martin,23,ST,Ghanaian,left,187.1,83.8,377,20
4492,Antoine Stones,32,AM,Belgian,right,173.3,73.7,373,20
4493,Sergio Moore,34,ST,Turkish,both,182.9,79.9,350,19
4494,Rafael Wilson,31,CM,Belgian,right,183.6,80.8,352,19
4495,Diego Ederson,35,W,Swedish,right,194.6,87.5,160,9
4496,Granit Gnabry,25,ST,German,left,187.8,83.8,306,16
4497,Serge Mitchell,21,ST,Danish,left,183.6,75.5,46,3
4498,Rafael Hernandez,27,AM,Belgian,right,183.3,82.2,246,14
4499,Florian Modric,16,W,French,left,179.6,74.1,178,10
4500,Carlos Benzema,31,ST,Senegalese,left,175.4,77.1,154,9
4501,Cristiano Alexander-Arnold,37,AM,Serbian,right,180.3,73.2,376,20
4502,Erling Pogba,25,CM,English,right,176.6,79.8,160,9
4503,Carlos Kane,30,GK,Colombian,left,183.6,79.7,296,16
4504,Adam Green,27,FB,Greek,right,183.0,77.3,2,1
4505,Serge Odegaard,34,CM,Belgian,left,179.9,80.3,116,7
4506,Trent Ramos,21,CB,French,right,188.7,83.1,64,4
4507,Alisson Salah,36,AM,Norwegian,right,186.8,84.7,280,15
4508,Antoine De Bruyne,31,ST,Portuguese,right,181.9,78.6,118,7
4509,Zuber Allen,27,ST,Senegalese,left,182.8,79.5,55,3
4510,Virgil Fabinho,37,FB,Spanish,right,182.1,79.8,180,11
4511,Achraf Adams,27,AM,Romanian,right,179.1,75.5,158,9
4512,Kevin Jackson,18,W,Greek,right,183.8,80.2,119,7
4513,Hlozek Bajcetic,16,ST,German,right,186.7,82.1,358,19
4514,Rodri Stones,30,ST,Italian,left,185.5,81.6,380,20
4515,Antoine Gundogan,19,CM,Greek,right,190.0,79.0,45,3
4516,Jordi White,35,ST,Colombian,right,182.2,84.0,347,19
4517,Joao Ramos,34,CB,Argentine,left,185.0,80.4,141,8
4518,Lingr Laporte,16,AM,Belgian,right,181.8,80.5,49,3
4519,Thibaut Allen,36,FB,Korean,right,180.6,76.4,156,9
4520,Florian Ederson,38,AM,Austrian,left,183.7,83.5,284,16
4521,Emre Lopez,33,FB,Swiss,right,189.3,81.9,363,20
4522,Jamal Mitchell,22,ST,Swedish,right,186.4,81.5,209,12
4523,David Harris,36,W,Spanish,right,181.7,77.9,55,3
4524,Aymeric Kramaric,23,ST,Argentine,right,183.1,81.5,62,4
4525,Luis Garcia,25,W,Dutch,right,173.1,69.9,254,14
4526,James Brown,37,W,Ghanaian,right,183.2,75.8,344,18
4527,Kai Carvajal,26,CM,Polish,right,183.3,78.3,308,17
4528,Florian Neuer,32,AM,Argentine,right,183.8,79.8,371,20
4529,Kai Fernandez,23,FB,Dutch,right,180.6,80.0,364,20
4530,Milan Johnson,32,CM,French,right,174.7,74.6,173,10
4531,Mohamed Alba,22,FB,Romanian,right,185.0,76.8,280,15
4532,Nikola De Bruyne,22,ST,Serbian,right,182.1,81.1,106,6
4533,Neymar Rashford,37,W,Dutch,right,181.1,76.4,37,2
4534,Fabio Ederson,22,ST,French,left,181.2,74.2,63,4
4535,Ruben Hall,37,FB,Brazilian,right,176.5,75.2,252,14
4536,Leon Jackson,32,W,Austrian,left,185.2,83.4,146,8
4537,Vinicius Kroos,20,FB,Serbian,right,181.3,79.0,155,9
4538,Lionel Alba,23,FB,Argentine,left,184.9,87.1,160,9
4539,Diego Rudiger,33,FB,Colombian,right,186.5,88.9,375,20
4540,Patrik Szoboszlai,27,CB,Argentine,right,182.8,84.6,280,15
4541,Marquinhos Upamecano,23,FB,Brazilian,right,179.9,74.5,63,4
4542,Ansu Nunez,26,CM,Greek,right,179.0,75.1,151,9
4543,Ferran Varane,25,FB,Italian,right,180.8,74.8,74,4
4544,Hlozek Salah,25,W,Brazilian,right,196.1,84.6,291,16
4545,Achraf Camavinga,19,CM,Austrian,left,175.3,73.9,16,1
4546,Ondrej Stones,26,CM,Polish,right,191.2,84.8,360,19
4547,Mohamed Harris,20,FB,Nigerian,left,175.3,71.8,159,9
4548,Breel Thomas,26,W,Serbian,right,188.4,83.0,86,5
4549,Marco Harris,19,CB,Brazilian,right,184.9,81.9,333,18
4550,Marcelo Martinez,38,CB,Uruguayan,right,182.9,80.6,373,20
4551,Luka Mbappe,36,CB,Japanese,right,194.0,85.6,371,20
4552,Florian Son,28,CM,Japanese,right,179.0,72.9,88,5
4553,Marquinhos Jackson,34,FB,Colombian,right,167.1,66.2,194,11
4554,Harry Benzema,23,AM,Belgian,right,174.8,75.3,316,17
4555,Marco Lewis,35,CM,Czech,right,175.4,76.9,348,19
4556,Ricardo Kante,25,CM,Spanish,left,181.2,80.6,284,16
4557,Schick Fernandez,38,GK,Portuguese,right,195.2,87.1,344,18
4558,Paulo Nunez,17,CM,Swedish,right,177.4,71.8,137,8
4559,Bruno Lloris,29,CB,Greek,right,184.6,76.9,138,8
4560,Willian Camavinga,32,CM,Belgian,left,173.2,70.7,174,10
4561,Mateo Griezmann,28,CB,Romanian,right,172.8,75.0,33,2
4562,Marquinhos Jones,37,FB,Uruguayan,left,187.2,83.3,339,18
4563,Emre Ederson,29,FB,English,left,182.3,74.7,126,7
4564,David Baker,36,W,Uruguayan,right,170.0,69.5,293,16
4565,Manuel Bajcetic,28,ST,Korean,left,189.2,75.4,358,19
4566,Mateo Lloris,34,CB,Colombian,right,179.5,74.3,278,15
4567,Haris Havertz,17,W,Swiss,right,169.5,72.1,236,13
4568,John Modric,37,AM,Serbian,both,183.9,84.7,114,6
4569,Ciro Saka,31,CM,Moroccan,right,170.3,72.5,249,14
4570,Emre Kovacic,28,W,Colombian,both,177.7,72.3,158,9
4571,Federico Young,26,CM,Czech,right,174.0,74.1,173,10
4572,Bernardo Mane,20,ST,Serbian,left,174.1,79.7,375,20
4573,Rafael Asensio,26,CB,Spanish,right,185.2,78.3,158,9
4574,Thibaut Griezmann,16,W,Czech,right,177.0,81.3,34,2
4575,Aymeric Young,22,FB,Nigerian,right,180.0,78.9,173,10
4576,Niklas Sancho,26,CM,Croatian,right,177.5,75.9,365,20
4577,Mason Firmino,35,W,Senegalese,right,168.4,69.3,224,13
4578,Fernando Griezmann,16,FB,Dutch,right,191.2,84.0,39,2
4579,Neymar Alba,26,AM,Senegalese,right,192.0,83.7,199,11
4580,Neymar Ederson,31,ST,Portuguese,right,192.6,84.1,325,18
4581,Can Havertz,17,AM,Argentine,left,179.8,82.1,221,13
4582,Gabriel Mbappe,34,ST,Austrian,right,183.9,77.8,347,19
4583,Presnel Johnson,23,CB,Brazilian,right,195.9,85.7,344,18
4584,Gavi Thomas,38,FB,English,left,175.5,75.1,354,19
4585,Shaqiri Upamecano,33,CM,Austrian,right,180.7,78.9,144,8
4586,Hlozek Jackson,33,ST,Spanish,right,178.7,80.0,352,19
4587,Niklas Davies,17,FB,Ghanaian,left,175.9,70.0,307,17
4588,Kai Mitchell,34,ST,Nigerian,right,175.8,75.9,231,13
4589,Lingr Wan-Bissaka,31,GK,Danish,left,180.1,75.4,340,18
4590,Raphael Hernandez,24,CB,Swiss,left,186.0,75.7,95,5
4591,Presnel Gomez,37,AM,Nigerian,right,183.9,82.2,146,8
4592,Jude Kante,30,FB,Swiss,right,175.5,75.8,266,15
4593,Xavi Ederson,28,AM,Romanian,right,175.2,74.4,311,17
4594,Paulo Mbappe,16,ST,Moroccan,both,180.5,78.2,318,17
4595,Ansu Wilson,29,W,Austrian,right,181.3,80.1,224,13
4596,Vinicius Johnson,18,CB,Brazilian,right,188.0,77.3,182,11
4597,Lionel Bajcetic,35,GK,Senegalese,right,183.4,76.4,299,16
4598,Stefan Robertson,23,GK,Czech,right,186.1,79.2,296,16
4599,Borna Varane,21,FB,Greek,right,181.4,77.3,312,17
4600,Ruben Muller,24,FB,English,left,170.9,81.0,225,13
4601,Emre Williams,37,W,Dutch,left,179.3,76.1,80,5
4602,Xherdan Gomez,25,CM,Greek,right,191.0,79.5,320,17
4603,Remo Diaz,24,CM,Italian,right,176.2,75.5,356,19
4604,Neymar Rudiger,19,W,Uruguayan,right,186.2,81.8,278,15
4605,James Van Dijk,21,CM,Serbian,right,174.0,73.1,123,7
4606,Ilkay Baker,26,W,Swedish,both,180.7,73.4,214,12
4607,Fernando Neuer,27,CB,Croatian,right,190.8,80.8,365,20
4608,Jordi Camavinga,27,W,Moroccan,left,191.5,87.1,375,20
4609,Cesc Silva,17,CB,Croatian,both,190.8,83.8,367,20
4610,Manuel Benzema,35,GK,Belgian,left,180.8,80.0,218,12
4611,Trent Martinelli,25,GK,Polish,right,183.9,80.4,8,1
4612,Kevin Sterling,27,W,Ghanaian,right,185.1,85.2,173,10
4613,Harry De Bruyne,38,W,Danish,left,187.8,78.1,362,19
4614,Robert Havertz,24,ST,Uruguayan,right,174.5,79.4,302,16
4615,Patrik Lloris,17,ST,Norwegian,right,187.3,78.7,164,10
4616,Theo Ederson,23,ST,Greek,left,177.5,75.2,371,20
4617,Ciro Camavinga,28,ST,Dutch,right,186.4,76.5,227,13
4618,Borna Mbappe,29,AM,Colombian,left,181.9,82.8,269,15
4619,Jan Asensio,31,W,Spanish,right,185.0,80.2,376,20
4620,Ivan Garcia,25,ST,Austrian,both,183.3,73.1,147,8
4621,Gabriel Laporte,29,CM,Italian,left,180.1,79.3,250,14
4622,Ilkay Fernandez,20,CM,Czech,right,183.8,81.6,379,20
4623,Pedri Havertz,33,AM,Austrian,both,187.1,83.9,230,13
4624,Ilkay Henderson,35,GK,Japanese,left,193.9,80.1,148,8
4625,John Ederson,18,GK,Swiss,both,185.7,80.9,342,18
4626,Gavi Griezmann,20,CM,Danish,right,175.2,74.8,365,20
4627,Vinicius Jones,26,CB,Belgian,right,186.7,81.9,150,8
4628,Fabio Kane,21,CM,Danish,right,190.3,76.9,71,4
4629,Stefan Henderson,29,AM,Czech,left,181.9,74.1,86,5
4630,Remo Mac Allister,17,CB,Colombian,right,186.2,77.4,129,7
4631,Ricardo Mitchell,28,CM,Swedish,right,187.1,83.5,104,6
4632,Lautaro Moore,25,FB,Portuguese,right,178.1,80.6,148,8
4633,Lautaro Martin,19,CM,Romanian,right,184.3,75.0,281,15
4634,Alisson Laporte,34,W,English,right,179.9,79.2,361,19
4635,Jan Martinez,21,W,Ghanaian,left,186.9,74.0,357,19
4636,Ruben Modric,33,ST,Czech,both,184.5,80.6,286,16
4637,Ciro Fernandez,22,CB,Nigerian,right,181.0,73.9,358,19
4638,Kai Havertz,26,W,Ghanaian,right,181.2,81.3,307,17
4639,Fabio Baker,30,FB,Japanese,right,181.6,76.0,82,5
4640,Ricardo Davies,17,CB,English,right,187.4,78.5,268,15
4641,Marquinhos De Bruyne,28,ST,Serbian,right,178.7,77.1,344,18
4642,Antoine Sane,19,FB,French,right,184.7,80.1,378,20
4643,Lionel Williams,28,CB,Danish,right,178.2,76.8,118,7
4644,Rodri Mac Allister,38,CB,Portuguese,right,190.7,87.9,345,19
4645,Dani Werner,21,W,German,left,183.7,76.8,4,1
4646,Mohamed Garcia,30,AM,Czech,right,179.1,74.8,205,12
4647,Fernando Laporte,23,CM,Nigerian,right,189.1,77.3,12,1
4648,Manuel Werner,22,CM,Japanese,both,171.7,73.2,323,17
4649,Florian Havertz,37,CB,English,both,178.0,76.9,262,14
4650,Joao Bajcetic,19,CM,Korean,right,174.4,77.7,169,10
4651,Harry Perisic,29,W,Swiss,left,179.2,76.0,322,17
4652,Gabriel Hall,18,CB,Danish,left,187.5,83.0,49,3
4653,Stefan Wan-Bissaka,21,CB,Argentine,left,193.6,85.1,119,7
4654,Milan Muller,17,AM,French,right,186.5,79.8,354,19
4655,Antoine Jones,23,GK,Uruguayan,right,185.3,77.5,377,20
4656,Emre Busquets,32,W,Spanish,right,183.7,73.0,322,17
4657,Virgil King,17,CB,Dutch,right,194.8,86.6,152,9
4658,Neymar Lloris,33,ST,Argentine,left,186.1,81.9,168,10
4659,Shaqiri Thomas,18,W,Czech,right,185.9,86.7,241,14
4660,Vinicius Thompson,24,CB,Nigerian,right,179.8,75.6,29,2
4661,Gavi Sancho,29,W,Swiss,left,182.3,84.8,372,20
4662,Xherdan Son,28,CM,Portuguese,right,177.9,73.8,347,19
4663,Juan Gnabry,32,AM,Uruguayan,right,171.9,76.2,302,16
4664,Raphael Casemiro,30,W,Nigerian,right,176.2,72.6,207,12
4665,Presnel Walker,34,ST,Austrian,right,176.9,73.7,10,1
4666,Willian Dupont,19,CM,Croatian,right,187.8,83.8,249,14
4667,Ciro Sterling,33,CM,English,right,180.7,76.2,45,3
4668,Haris Thompson,37,CB,Dutch,right,187.8,82.0,116,7
4669,Nikola Jackson,23,W,Danish,right,179.2,78.4,208,12
4670,Kai Williams,24,GK,Croatian,right,177.3,77.5,261,14
4671,Rodri Dupont,19,CM,French,right,181.3,75.6,153,9
4672,Cesc Martin,17,AM,German,right,186.0,78.6,318,17
4673,Phil Lloris,20,AM,Austrian,right,181.3,80.6,337,18
4674,Zuber Adams,31,GK,Swiss,left,183.6,79.0,343,18
4675,Ricardo Saka,22,FB,Danish,right,181.8,80.7,177,10
4676,Rafael Silva,29,ST,Colombian,right,170.8,79.1,310,17
4677,Luis Anderson,25,AM,Ghanaian,right,174.7,72.3,310,17
4678,Harry Carvajal,20,CB,Danish,right,189.0,81.4,261,14
4679,Neymar Busquets,31,FB,Japanese,right,175.2,74.4,371,20
4680,Kalidou Muller,20,W,Swedish,right,188.5,77.7,157,9
4681,Cesc Benzema,34,AM,Turkish,right,174.3,72.6,53,3
4682,Sadio Valverde,37,CB,French,both,194.4,84.6,64,4
4683,Xavi Benzema,36,W,Spanish,right,181.6,72.7,163,10
4684,Theo Salah,31,W,Swiss,right,176.2,74.4,123,7
4685,Paulo Moore,36,AM,English,left,175.9,78.7,177,10
4686,Florian Wan-Bissaka,28,GK,English,left,187.4,79.6,329,18
4687,Shaqiri Kimmich,16,CB,Belgian,left,195.7,87.8,374,20
4688,Theo De Bruyne,36,GK,Brazilian,right,180.3,79.2,365,20
4689,Santi Havertz,26,CM,Serbian,right,174.4,75.6,103,6
4690,Ivan Casemiro,29,AM,Portuguese,right,177.7,76.2,193,11
4691,Luis Asensio,30,FB,Nigerian,left,167.8,77.3,200,11
4692,Leroy Gakpo,21,CB,Spanish,right,182.1,80.0,243,14
4693,Jude Clarke,30,GK,Korean,right,201.8,90.5,250,14
4694,Stefan Williams,30,FB,Spanish,right,180.0,76.6,354,19
4695,Achraf Thompson,36,ST,Argentine,right,182.6,80.2,373,20
4696,Ciro Walker,37,CM,German,right,172.0,78.7,199,11
4697,Vinicius Wilson,17,ST,Swedish,right,180.9,77.5,160,9
4698,Achraf Thomas,32,FB,Argentine,left,182.6,73.2,327,18
4699,Ladislav Gomez,38,AM,Italian,right,181.6,84.4,360,19
4700,Leon Goretzka,30,CM,Brazilian,right,176.8,73.5,362,19
4701,Florian Mbappe,36,CM,Greek,right,187.3,83.7,45,3
4702,Serge Odegaard,19,ST,Austrian,right,185.0,76.8,306,16
4703,Leon Camavinga,37,ST,Ghanaian,right,180.0,74.9,312,17
4704,Ilkay Garcia,35,ST,Korean,right,190.5,82.5,60,4
4705,Manuel Smith,18,GK,Polish,right,185.1,82.4,369,20
4706,Niklas Hernandez,34,GK,Italian,left,178.0,75.7,157,9
4707,Presnel Gnabry,32,FB,Japanese,right,181.1,77.0,246,14
4708,Cesc De Bruyne,18,FB,Dutch,left,187.5,78.6,375,20
4709,Pedri Diaz,33,CM,Ghanaian,left,184.4,75.0,236,13
4710,Florian Fernandez,27,W,Colombian,right,181.6,79.6,223,13
4711,Lionel Trossard,19,ST,Senegalese,left,179.8,80.9,123,7
4712,Thibaut Perisic,21,ST,Belgian,right,185.3,77.6,302,16
4713,Jan Baker,22,W,Korean,left,182.4,72.5,56,3
4714,Marquinhos Carvajal,25,W,Danish,both,177.8,77.9,150,8
4715,Carlos Carvajal,18,FB,Portuguese,right,187.1,78.5,200,11
4716,Can Martin,32,FB,Ghanaian,right,179.8,76.6,151,9
4717,Alisson Davies,21,FB,Colombian,right,180.3,76.7,37,2
4718,Niklas Robertson,27,CB,Norwegian,right,184.0,76.1,278,15
4719,Alisson Goretzka,37,ST,Korean,right,168.4,63.8,302,16
4720,Pedri Stones,25,ST,Uruguayan,right,183.5,80.8,190,11
4721,Can Walker,23,CB,Ghanaian,right,179.7,77.0,23,2
4722,Neymar Martinez,19,ST,Colombian,right,186.9,81.6,94,5
4723,Theo Nunez,16,W,Serbian,right,186.1,73.3,266,15
4724,Gavi Lewis,21,AM,Serbian,right,183.2,81.4,229,13
4725,Achraf Pogba,38,W,Serbian,right,193.9,82.9,334,18
4726,Thomas Pavard,26,FB,Polish,both,176.7,80.6,3,1
4727,Kingsley Bajcetic,35,ST,Croatian,right,178.1,79.7,324,17
4728,Harry Johnson,28,CM,Korean,right,179.3,70.2,23,2
4729,Can King,37,FB,Dutch,right,183.1,79.6,298,16
4730,Luis Camavinga,31,CM,Czech,right,183.7,78.5,155,9
4731,Schick Foden,30,W,Brazilian,left,188.7,82.4,304,16
4732,Carlos Scott,22,CM,Belgian,right,175.7,72.8,305,16
4733,Bukayo Moore,21,FB,Korean,right,175.7,72.6,211,12
4734,Antoine Mane,21,CM,Swedish,right,175.5,75.3,323,17
4735,Andres Young,20,CM,Belgian,left,183.4,76.4,315,17
4736,Cesc Santos,18,AM,French,left,182.0,79.6,22,2
4737,Jamal Silva,27,GK,Belgian,both,176.0,76.3,147,8
4738,Jan Firmino,37,W,English,right,178.5,79.1,149,8
4739,Marco Wilson,17,GK,Brazilian,left,189.3,79.8,352,19
4740,Vinicius Gundogan,36,ST,Colombian,right,173.4,70.9,109,6
4741,Robert Sane,37,CM,Serbian,left,178.2,75.5,310,17
4742,Sergio Taylor,26,FB,French,left,171.8,74.5,177,10
4743,Stefan Harris,26,CM,Serbian,right,194.2,82.9,63,4
4744,Ivan Jackson,33,AM,Moroccan,right,179.9,76.8,65,4
4745,Luis Kramaric,23,CM,Italian,right,179.1,75.9,331,18
4746,Ondrej Busquets,34,AM,Japanese,right,184.3,78.4,298,16
4747,Jude Lloris,26,ST,Uruguayan,right,187.0,81.8,184,11
4748,Ondrej Henderson,38,CB,Serbian,left,186.1,75.8,322,17
4749,Hlozek Casemiro,32,CB,Turkish,right,189.1,76.1,134,8
4750,Marquinhos Rashford,32,FB,Uruguayan,left,176.7,76.0,315,17
4751,Stefan Kramaric,19,CB,French,left,183.6,82.8,372,20
4752,Lionel Mbappe,19,ST,Uruguayan,left,186.9,84.2,238,13
4753,Paulo Kimmich,19,AM,Uruguayan,right,184.8,79.8,335,18
4754,Carlos Hall,22,ST,Nigerian,right,180.9,80.1,7,1
4755,Neymar Upamecano,26,AM,German,left,183.2,77.4,349,19
4756,Borna Stones,26,FB,Portuguese,right,170.2,70.7,351,19
4757,Emre Moore,35,W,Swiss,left,188.7,82.8,201,11
4758,Lionel Szoboszlai,34,AM,Swedish,right,177.1,71.9,375,20
4759,Kingsley Neuer,29,GK,Brazilian,right,183.5,75.2,274,15
4760,Gavi Bajcetic,28,FB,Colombian,right,188.1,83.6,243,14
4761,Kalidou Kroos,32,CB,Italian,right,193.7,86.4,312,17
4762,Ansu Martin,34,W,Portuguese,right,183.4,79.0,313,17
4763,Andres Williams,17,W,Austrian,right,180.1,77.2,106,6
4764,Mohamed Valverde,28,CM,Spanish,right,187.3,81.6,269,15
4765,Marquinhos Bajcetic,34,FB,French,left,181.0,78.9,154,9
4766,Virgil Rashford,35,FB,Argentine,right,172.8,69.8,189,11
4767,Luis Kramaric,18,ST,Belgian,right,185.8,79.0,24,2
4768,Remo Kovacic,31,CB,Italian,left,186.1,78.8,377,20
4769,Carlos Mbappe,25,FB,Nigerian,left,189.1,80.8,225,13
4770,Aymeric Gnabry,27,CM,Romanian,right,184.0,86.7,179,11
4771,Cristiano Griezmann,20,AM,Austrian,right,185.4,80.7,239,13
4772,Fernando Kane,25,ST,Belgian,left,185.0,75.9,133,8
4773,Cristiano Brown,20,ST,German,left,175.5,82.2,51,3
4774,Lautaro Thomas,38,ST,Romanian,right,174.5,78.8,251,14
4775,Nikola Taylor,18,W,English,right,178.3,73.8,277,15
4776,Shaqiri Pogba,26,CM,Korean,right,186.4,84.3,114,6
4777,Bukayo Martin,29,CB,Belgian,right,189.7,81.0,363,20
4778,Ilkay Bajcetic,32,GK,Serbian,right,187.4,79.0,348,19
4779,Thibaut Neuer,35,W,Brazilian,right,177.1,77.7,224,13
4780,Mateo Wan-Bissaka,34,FB,Colombian,right,188.5,81.1,267,15
4781,Carlos Gnabry,19,CM,Nigerian,left,183.9,78.6,208,12
4782,Bukayo Bajcetic,25,ST,Senegalese,right,171.5,78.2,346,19
4783,Florian Bellingham,17,W,Polish,right,183.3,76.8,120,7
4784,Diego Goretzka,27,ST,Danish,left,176.6,75.6,259,14
4785,Cristiano Ramos,18,CB,Moroccan,right,180.1,76.4,348,19
4786,Leon Rashford,32,FB,Italian,left,181.5,76.4,363,20
4787,Niklas Williams,33,AM,Romanian,right,188.7,80.8,368,20
4788,Marco White,34,W,Moroccan,left,196.1,86.8,331,18
4789,Ricardo Havertz,38,AM,Czech,right,177.5,74.2,152,9
4790,Erling Bajcetic,23,FB,Swedish,right,175.7,74.2,320,17
4791,Stefan Mbappe,17,AM,Serbian,right,178.7,80.7,264,15
4792,Niklas Baker,36,CB,French,right,181.5,78.5,245,14
4793,Kai Robertson,16,CM,Austrian,right,183.9,75.7,365,20
4794,Marquinhos Wan-Bissaka,27,W,Turkish,left,174.8,69.5,122,7
4795,Fernando Pogba,30,FB,Japanese,right,173.5,80.8,106,6
4796,Alisson Busquets,17,ST,Italian,right,187.4,81.8,361,19
4797,Sergio Henderson,28,CM,Belgian,right,177.9,77.2,39,2
4798,Sadio Scott,30,W,Danish,right,181.1,73.5,17,1
4799,Luis Green,29,AM,Colombian,right,171.1,73.7,297,16
4800,Joao Ramos,33,CB,Senegalese,left,183.5,80.1,202,11
4801,Patrik Scott,34,ST,Japanese,left,186.0,80.2,294,16
4802,Diego Laporte,38,W,Belgian,left,178.8,80.7,182,11
4803,Lingr Griezmann,29,GK,Korean,right,190.1,81.9,85,5
4804,Thibaut Nunez,25,CB,Spanish,right,186.1,77.1,179,11
4805,Ederson Griezmann,17,CM,Italian,right,188.9,82.3,353,19
4806,Serge Lopez,28,CB,Swiss,right,185.8,82.5,334,18
4807,Luka Kane,35,CM,Greek,right,184.7,79.5,315,17
4808,Ruben Rudiger,33,CB,Croatian,left,187.2,82.9,157,9
4809,Jordi Kimmich,31,AM,Italian,left,179.3,77.7,284,16
4810,Timo Thomas,27,GK,Danish,both,193.5,85.4,171,10
4811,Roberto Mane,16,AM,Korean,both,175.8,78.7,209,12
4812,Lionel Scott,25,W,Dutch,right,175.3,75.5,367,20
4813,Bernardo Pavard,19,ST,Turkish,left,177.8,76.9,108,6
4814,Kalidou Lloris,34,ST,Croatian,both,182.0,79.5,362,19
4815,Kylian Busquets,33,W,Brazilian,right,179.0,77.1,113,6
4816,Joao Neuer,38,ST,Ghanaian,right,183.8,78.5,166,10
4817,Zuber Scott,17,FB,German,left,180.5,79.3,114,6
4818,Santi Mac Allister,34,ST,Austrian,right,180.7,80.5,64,4
4819,Ciro Foden,17,W,Dutch,right,171.8,71.8,13,1
4820,Ilkay Asensio,26,AM,Greek,right,179.9,80.2,195,11
4821,Dani White,30,ST,Japanese,right,181.8,77.3,223,13
4822,Willian Thomas,38,CB,Nigerian,left,180.6,79.6,197,11
4823,Gabriel Diaz,37,CM,Swedish,right,187.1,82.2,81,5
4824,Ferran King,19,ST,Argentine,right,188.7,80.2,218,12
4825,Granit Baker,25,W,Korean,right,172.1,69.1,338,18
4826,Virgil Moore,28,FB,Spanish,right,193.7,84.2,149,8
4827,Niklas Varane,32,AM,Belgian,left,179.6,69.7,311,17
4828,Lautaro Asensio,18,FB,Uruguayan,left,179.9,73.9,285,16
4829,Carlos Camavinga,20,CB,Brazilian,left,191.8,85.0,359,19
4830,Niklas Odegaard,36,AM,Croatian,right,177.1,70.1,334,18
4831,Milan Kimmich,17,AM,Brazilian,right,183.3,76.0,151,9
4832,Fabio Varane,17,FB,Spanish,right,186.5,76.4,135,8
4833,Breel Jackson,16,CM,Korean,right,169.2,72.4,292,16
4834,Kalidou Ramos,20,W,French,right,174.0,73.2,372,20
4835,Kevin Sane,27,CB,Portuguese,right,183.6,76.8,346,19
4836,Mohamed Mitchell,16,AM,Italian,right,172.0,69.2,116,7
4837,Ruben Pogba,22,CM,Swedish,right,176.3,74.9,18,1
4838,Erling Adams,24,ST,Japanese,left,185.4,72.5,303,16
4839,Sadio Ederson,19,ST,Czech,right,195.5,86.5,212,12
4840,Emre Nunez,24,CB,French,left,191.2,84.0,133,8
4841,Bruno Dias,31,FB,Norwegian,right,175.3,76.7,373,20
4842,Ruben Pique,25,AM,Spanish,right,181.6,75.3,210,12
4843,Luis Bellingham,27,CM,Japanese,right,180.2,77.8,277,15
4844,Leon Alba,17,W,Croatian,right,175.8,74.6,223,13
4845,Kalidou Muller,32,ST,Senegalese,left,181.4,76.7,246,14
4846,Presnel Lopez,38,FB,Czech,right,186.2,82.1,362,19
4847,Lautaro Havertz,33,CM,Colombian,right,171.1,72.0,309,17
4848,Achraf Saka,23,FB,Swiss,right,170.5,72.2,346,19
4849,Lionel Mac Allister,16,FB,Senegalese,right,182.3,81.9,371,20
4850,Thomas Neuer,28,CM,Nigerian,right,175.3,78.2,332,18
4851,Santi Havertz,30,GK,Senegalese,right,189.9,84.2,314,17
4852,Antoine Van Dijk,18,FB,Danish,right,177.3,76.7,378,20
4853,Trent Modric,22,GK,Korean,left,186.6,79.3,98,6
4854,Ansu Scott,31,W,Japanese,left,174.3,78.5,234,13
4855,Kalidou Garcia,24,ST,Norwegian,right,179.9,72.8,76,4
4856,Ricardo Hernandez,36,CM,Nigerian,right,186.1,79.1,66,4
4857,Vinicius Saka,24,AM,Austrian,right,185.8,83.1,372,20
4858,Santi Robertson,16,FB,Greek,right,184.4,82.7,380,20
4859,Dusan Mane,36,FB,Dutch,left,179.7,82.5,168,10
4860,Lautaro Modric,21,CM,Danish,right,178.7,77.5,181,11
4861,Antoine Williams,25,ST,Colombian,left,185.0,77.0,251,14
4862,Cristiano Garcia,26,W,Uruguayan,right,188.0,77.8,311,17
4863,Stefan Werner,24,W,Argentine,right,185.1,85.6,139,8
4864,Fernando Foden,19,FB,Argentine,left,185.1,84.6,240,13
4865,Marco Rodriguez,19,CM,Ghanaian,right,187.8,83.0,281,15
4866,Sergio Hall,24,GK,Uruguayan,right,184.2,80.6,40,2
4867,Presnel Foden,37,GK,Italian,right,182.9,80.5,249,14
4868,Phil Jones,22,AM,Korean,left,174.9,72.4,39,2
4869,Lionel Alexander-Arnold,27,FB,Swedish,right,180.0,72.5,227,13
4870,Thomas Green,35,CB,French,both,189.8,78.3,367,20
4871,Joao Valverde,21,FB,Turkish,right,181.8,76.4,139,8
4872,Florian Jackson,27,ST,Croatian,right,174.6,78.8,28,2
4873,Rafael Varane,37,AM,Dutch,right,171.9,76.2,230,13
4874,Emre Stones,38,W,Nigerian,right,183.7,80.4,145,8
4875,Phil Alexander-Arnold,35,W,Spanish,right,178.2,79.3,288,16
4876,Milan Kroos,18,GK,Dutch,left,176.7,77.9,189,11
4877,Hlozek Pavard,28,CB,Nigerian,both,188.2,81.7,275,15
4878,Patrik Lloris,28,ST,Portuguese,right,189.9,79.1,245,14
4879,Timo Thomas,20,CM,Moroccan,left,183.8,87.1,22,2
4880,Ederson Clarke,30,GK,Uruguayan,right,193.4,84.0,189,11
4881,Pedri Modric,38,FB,Moroccan,right,186.2,77.3,351,19
4882,Serge Trossard,31,ST,Japanese,right,182.6,73.2,378,20
4883,Dani Rodriguez,21,W,Romanian,right,178.9,76.0,87,5
4884,Marcelo White,18,CB,Swedish,right,190.5,79.4,158,9
4885,Sadio Perisic,36,CM,Polish,right,179.6,71.9,268,15
4886,Jude Santos,17,W,Belgian,right,179.5,81.1,336,18
4887,Achraf Ramos,21,CM,Croatian,left,167.1,67.8,85,5
4888,Paulo Sancho,30,ST,Swedish,left,184.8,79.5,168,10
4889,Jude Henderson,16,AM,French,right,193.9,80.4,297,16
4890,Phil Young,38,W,Nigerian,right,182.8,77.6,188,11
4891,Virgil Lopez,38,W,Swedish,right,189.3,80.0,339,18
4892,Juan Martin,25,FB,Uruguayan,right,183.4,79.2,301,16
4893,Remo De Bruyne,24,ST,Polish,left,169.9,70.7,276,15
4894,Mason Diaz,37,CB,Croatian,right,191.6,84.8,4,1
4895,Ricardo Silva,23,CM,Croatian,right,181.6,77.7,346,19
4896,Gavi Rudiger,35,ST,Austrian,right,186.6,78.0,2,1
4897,Niklas Kroos,20,FB,Japanese,right,166.8,72.5,200,11
4898,Jordi Rodriguez,29,CM,Ghanaian,right,178.3,76.9,68,4
4899,Granit Kovacic,24,W,English,both,183.7,82.4,253,14
4900,Achraf Green,26,CB,Polish,right,176.2,72.6,333,18
4901,Robert Trossard,36,CM,Italian,right,183.1,77.7,334,18
4902,Ciro Lopez,33,CB,Nigerian,right,183.9,78.2,99,6
4903,Ilkay Santos,19,CM,Romanian,right,183.0,72.8,361,19
4904,Serge Moore,31,ST,German,right,186.7,81.1,313,17
4905,Ondrej Neuer,27,CB,Uruguayan,right,181.0,77.1,47,3
4906,Remo De Bruyne,18,W,Moroccan,left,182.1,76.8,185,11
4907,Jude Gomez,22,GK,Italian,left,184.8,79.5,302,16
4908,Lionel Goretzka,33,W,Brazilian,right,190.4,86.0,116,7
4909,Haris Perisic,27,ST,Brazilian,right,183.6,73.9,305,16
4910,Kai Foden,31,W,Portuguese,right,190.1,86.2,44,3
4911,Marco Sancho,38,ST,Moroccan,both,187.3,78.9,173,10
4912,Ansu Fabinho,30,GK,Brazilian,right,189.2,77.4,215,12
4913,Stefan Gnabry,27,W,Dutch,right,179.7,80.0,301,16
4914,Jan Stones,34,AM,Belgian,left,182.2,75.7,297,16
4915,Niklas Benzema,32,AM,Korean,right,176.6,76.7,252,14
4916,Milan Muller,32,ST,Austrian,right,184.0,75.9,376,20
4917,Lautaro Fernandez,28,AM,Portuguese,left,181.0,77.0,211,12
4918,Kevin Brozovic,25,AM,Colombian,left,185.2,77.5,107,6
4919,Nikola Casemiro,21,W,Czech,left,180.8,80.4,33,2
4920,Remo Allen,19,CB,Portuguese,right,181.7,78.6,373,20
4921,Mohamed Mbappe,24,FB,English,right,180.3,74.1,348,19
4922,Ciro Davies,25,W,Swiss,right,175.4,74.1,360,19
4923,Luka Davies,30,ST,Austrian,right,174.8,77.2,110,6
4924,Paulo Robertson,16,ST,Uruguayan,right,186.4,81.7,74,4
4925,Roberto Mane,17,CM,Swedish,right,187.0,75.4,335,18
4926,Marquinhos Lloris,27,GK,Swedish,right,186.9,83.3,82,5
4927,Antoine Mac Allister,29,FB,Croatian,both,177.5,71.9,133,8
4928,Dani Rashford,31,W,Japanese,right,179.8,77.7,266,15
4929,Federico Johnson,34,FB,Colombian,left,183.4,74.6,355,19
4930,Luis Sane,17,CB,Spanish,right,196.5,83.0,179,11
4931,James Varane,29,AM,Austrian,left,180.6,81.7,72,4
4932,Kai Son,16,W,Senegalese,right,184.1,81.4,28,2
4933,Mason Diaz,35,CB,Czech,right,181.9,80.8,247,14
4934,Mason Smith,35,AM,Italian,left,174.1,78.7,273,15
4935,Haris Asensio,22,AM,Korean,left,177.4,68.4,173,10
4936,Adam Varane,31,CM,Serbian,right,186.6,73.2,202,11
4937,Marquinhos Gakpo,27,CB,Colombian,left,187.4,79.6,351,19
4938,Fernando Perisic,28,W,Turkish,right,188.5,86.0,353,19
4939,Bruno Lopez,23,W,Japanese,right,171.7,72.8,326,18
4940,Federico Lloris,34,W,Ghanaian,right,171.8,72.5,354,19
4941,Xavi Smith,19,CB,Colombian,right,179.1,78.7,155,9
4942,Cesc Kane,28,CM,German,left,179.4,79.3,369,20
4943,Jude Ederson,20,AM,Swedish,right,177.6,75.0,30,2
4944,Dusan Salah,36,ST,Swedish,left,185.2,82.5,29,2
4945,Joao Brozovic,34,FB,Portuguese,right,180.2,77.9,17,1
4946,Vinicius Sane,34,GK,Colombian,right,189.4,82.6,14,1
4947,Diego Baker,37,FB,Moroccan,left,180.1,77.2,346,19
4948,Alisson Son,25,CM,Romanian,right,181.1,77.5,289,16
4949,Sergio Nunez,26,CB,Portuguese,left,190.2,80.0,329,18
4950,Stefan Garcia,26,AM,Spanish,left,187.3,81.9,186,11
4951,Gabriel Modric,29,CM,Swiss,both,185.3,76.1,136,8
4952,Can Mbappe,16,W,Czech,right,169.2,70.0,370,20
4953,Kalidou Gomez,19,CB,Japanese,right,198.0,85.8,318,17
4954,Rodri Camavinga,27,ST,Nigerian,right,178.6,71.0,303,16
4955,Trent Kimmich,19,W,Romanian,right,179.3,78.7,363,20
4956,Ansu Allen,28,CB,Serbian,left,195.5,84.7,118,7
4957,Serge Diaz,31,ST,Romanian,right,179.3,78.4,334,18
4958,David Johnson,17,CM,Polish,left,180.1,72.1,13,1
4959,Ladislav Lloris,24,ST,Austrian,left,175.1,72.8,211,12
4960,Manuel Ederson,25,FB,Dutch,left,171.4,72.8,318,17
4961,Xavi Clarke,33,GK,English,right,187.2,79.6,244,14
4962,Ilkay Brown,27,ST,German,left,176.2,82.9,264,15
4963,Ricardo Lewis,18,CM,Brazilian,right,176.5,77.5,84,5
4964,Timo Williams,36,GK,Portuguese,left,184.2,75.0,108,6
4965,Phil Garcia,38,FB,Swedish,right,183.7,80.7,9,1
4966,Dusan Mane,37,GK,Uruguayan,right,188.4,75.2,221,13
4967,Haris Davies,29,CB,Turkish,left,188.2,83.7,221,13
4968,Serge Henderson,31,CB,Colombian,left,190.3,79.2,111,6
4969,Luis Nunez,16,CB,Italian,right,190.6,86.2,116,7
4970,Mohamed Sane,35,CM,Belgian,right,175.2,76.1,271,15
4971,Mohamed Busquets,24,GK,Portuguese,right,187.9,76.3,7,1
4972,Niklas Bellingham,32,W,Danish,right,181.0,76.8,291,16
4973,Stefan Saka,34,ST,Senegalese,right,180.8,76.2,279,15
4974,Presnel Young,19,AM,Norwegian,right,193.2,84.5,330,18
4975,Milan Camavinga,21,AM,Serbian,left,178.5,78.5,14,1
4976,Aymeric Nunez,27,ST,Argentine,right,175.6,76.0,71,4
4977,Marcelo Scott,31,W,Norwegian,left,193.3,88.5,244,14
4978,Leon Jackson,29,CB,Croatian,right,185.4,78.3,287,16
4979,Ederson Mac Allister,29,CB,Dutch,right,186.6,76.9,53,3
4980,Rafael Sancho,36,CM,Nigerian,left,187.0,78.4,262,14
4981,Haris Alba,26,W,Turkish,right,177.0,78.0,89,5
4982,Dani Asensio,33,CB,German,right,179.8,80.4,250,14
4983,Paulo Green,26,ST,Austrian,right,178.0,73.6,216,12
4984,Ciro Nunez,16,CB,Norwegian,left,176.4,78.7,377,20
4985,Mateo Fernandez,35,W,Brazilian,left,183.9,80.0,28,2
4986,Kingsley Hall,18,AM,Swiss,right,177.9,77.2,363,20
4987,Stefan Walker,20,AM,Uruguayan,right,181.2,77.7,296,16
4988,Pedri Martinez,34,FB,German,right,188.4,77.9,353,19
4989,Luis Camavinga,38,CB,Serbian,right,174.4,73.8,369,20
4990,Luis Mbappe,38,CM,Spanish,right,187.2,80.9,357,19
4991,Luka Anderson,22,W,Portuguese,right,176.7,76.0,112,6
4992,Patrik Taylor,33,W,Turkish,right,171.5,74.8,150,8
4993,Alisson Foden,16,ST,Senegalese,right,180.3,82.5,215,12
4994,Santi Rashford,23,CB,Italian,right,183.3,77.6,205,12
4995,Roberto Ederson,30,W,Portuguese,right,182.3,82.0,86,5
4996,Paulo Dias,22,AM,English,right,169.7,70.3,165,10
4997,Diego Williams,26,CM,Ghanaian,left,179.2,76.4,350,19
4998,Willian Casemiro,35,AM,Turkish,left,176.6,71.9,116,7
4999,Breel Martinelli,36,W,Greek,right,181.7,74.5,171,10
5000,Ricardo Harris,27,W,Argentine,left,177.8,71.6,8,1
5001,Cristiano Sterling,20,AM,Romanian,left,184.2,81.0,217,12
5002,Juan Robertson,23,CB,Turkish,right,185.6,78.4,208,12
5003,Joao Carvajal,27,W,Czech,right,176.1,74.9,380,20
5004,Paulo Garcia,34,W,German,both,178.6,74.0,14,1
5005,Cesc Trossard,20,W,Norwegian,right,178.0,73.4,312,17
5006,Sergio Asensio,28,AM,Polish,right,176.6,76.7,153,9
5007,Lingr Van Dijk,23,ST,Moroccan,right,178.8,75.2,282,15
5008,Ferran Kante,25,AM,Danish,right,182.3,74.7,210,12
5009,Lautaro Moore,38,ST,Swiss,right,181.2,78.7,227,13
5010,Ederson Sane,22,GK,Serbian,right,178.7,79.1,131,7
5011,John Trossard,29,GK,Portuguese,right,178.4,72.9,221,13
5012,James Salah,34,CM,Romanian,both,182.9,85.4,99,6
5013,Kylian Rossi,35,ST,Romanian,right,174.7,74.5,332,18
5014,Paulo Anderson,19,CB,English,left,194.6,78.6,313,17
5015,Thibaut Harris,27,AM,Greek,right,183.8,77.4,379,20
5016,Pedri Taylor,20,CM,French,right,188.3,80.9,348,19
5017,Niklas Carvajal,34,CB,Brazilian,left,182.4,79.7,247,14
5018,Marquinhos Foden,30,FB,Czech,right,183.0,77.6,207,12
5019,Andres Griezmann,19,AM,Uruguayan,right,179.7,83.2,309,17
5020,Rodri Green,32,AM,Spanish,right,192.5,81.7,376,20
5021,Erling Kramaric,19,CM,Moroccan,right,186.0,80.9,28,2
5022,Mason Son,36,ST,Uruguayan,right,183.1,80.1,117,7
5023,Federico Modric,32,CM,Japanese,left,186.3,81.2,251,14
5024,Luis Brown,21,W,Greek,left,181.9,78.1,331,18
5025,Willian Jones,25,ST,Nigerian,left,191.5,83.5,146,8
5026,Kevin Modric,33,ST,English,right,179.4,73.2,246,14
5027,Willian Bajcetic,31,ST,German,right,175.4,81.0,359,19
5028,Jude Stones,22,ST,German,right,179.9,74.7,308,17
5029,Lionel Kovacic,16,GK,Danish,right,183.2,78.2,360,19
5030,Mateo Ederson,20,AM,Japanese,right,187.9,78.2,102,6
5031,Sadio Kimmich,36,CB,English,right,189.7,86.1,197,11
5032,Mason Muller,36,W,Ghanaian,right,186.4,80.4,360,19
5033,Lionel Foden,36,CM,Spanish,right,175.8,71.0,33,2
5034,Remo Son,29,CB,Belgian,right,182.2,82.1,300,16
5035,Presnel Martinez,30,CB,Colombian,right,191.4,79.9,310,17
5036,Raphael Thomas,30,CM,Swiss,left,176.7,75.0,204,12
5037,Robert Benzema,24,ST,Belgian,right,186.4,81.7,360,19
5038,Marquinhos Fernandez,20,W,Croatian,right,187.0,78.9,370,20
5039,Mohamed Henderson,36,W,Belgian,right,188.2,86.7,310,17
5040,Niklas Firmino,34,GK,Swiss,right,190.2,78.2,315,17
5041,Cristiano Van Dijk,36,W,Moroccan,right,183.1,77.3,156,9
5042,Paulo Varane,36,GK,Ghanaian,right,178.3,76.7,363,20
5043,Andres Goretzka,28,FB,Dutch,right,184.5,81.9,376,20
5044,Leroy Ederson,25,CM,Norwegian,right,180.0,74.8,222,13
5045,Jude Moore,18,W,Portuguese,right,177.0,77.7,380,20
5046,Xherdan Pique,36,GK,Austrian,right,187.9,85.5,35,2
5047,Dusan Neuer,32,FB,Polish,right,186.6,77.8,215,12
5048,Erling Bellingham,38,FB,Spanish,right,190.6,80.9,304,16
5049,Trent Van Dijk,29,CB,Swiss,right,188.5,76.1,375,20
5050,Milan Modric,22,W,Dutch,right,189.2,79.0,331,18
5051,Willian Adams,37,GK,Italian,right,191.9,83.3,364,20
5052,Diego Benzema,25,CM,Turkish,right,179.7,79.0,197,11
5053,Trent Clarke,21,FB,Turkish,right,183.0,80.6,245,14
5054,Adam Jones,22,CM,English,left,178.7,75.2,302,16
5055,Pedri Busquets,37,CB,Turkish,right,186.3,84.9,368,20
5056,Robert Alexander-Arnold,21,AM,Argentine,left,174.4,71.5,137,8
5057,Patrik Davies,36,GK,Belgian,right,179.5,79.7,285,16
5058,Santi Salah,20,ST,Swedish,right,180.9,76.0,154,9
5059,Xherdan Upamecano,24,FB,Ghanaian,left,188.7,80.6,6,1
5060,Trent Asensio,17,CB,Colombian,right,188.4,84.8,332,18
5061,Luis Brown,24,CM,Czech,right,181.7,81.8,62,4
5062,Fernando Mitchell,19,CM,Swiss,right,174.8,78.3,238,13
5063,David Dias,27,W,Croatian,right,179.8,80.8,319,17
5064,Dani Son,27,W,Argentine,left,188.2,80.9,217,12
5065,Jordi King,37,ST,Uruguayan,right,177.3,76.5,284,16
5066,Bruno Nunez,34,CM,Dutch,both,181.2,77.6,66,4
5067,Hlozek Trossard,25,ST,Spanish,left,176.7,72.2,328,18
5068,Mason Laporte,37,CM,Ghanaian,right,175.9,75.3,197,11
5069,Ferran Scott,26,GK,Serbian,right,178.1,80.5,275,15
5070,Kylian Martinez,16,FB,Portuguese,right,182.4,74.8,314,17
5071,Lautaro Neuer,29,AM,Greek,right,180.5,77.4,254,14
5072,Juan Pique,29,ST,Japanese,left,177.0,80.2,294,16
5073,Hlozek Camavinga,20,ST,Austrian,right,180.6,76.0,164,10
5074,Serge Alba,23,GK,Czech,right,190.7,82.9,372,20
5075,John Alba,20,CM,Belgian,right,184.7,82.5,98,6
5076,Ivan Foden,16,FB,Norwegian,left,178.2,77.7,352,19
5077,Schick Dias,32,ST,Moroccan,both,185.8,81.7,378,20
5078,Willian Asensio,26,ST,Turkish,left,193.7,78.8,302,16
5079,Haris De Bruyne,19,ST,Spanish,right,182.6,74.6,89,5
5080,Rafael Santos,29,FB,Greek,right,183.6,75.9,81,5
5081,Timo Neuer,25,ST,French,right,174.9,73.6,348,19
5082,Jordi Asensio,19,W,Moroccan,right,179.3,77.9,213,12
5083,Raphael Mbappe,34,AM,French,right,182.4,80.6,160,9
5084,Can Johnson,28,W,French,left,185.6,80.6,17,1
5085,Virgil Bellingham,21,ST,Spanish,right,180.1,79.3,255,14
5086,Ruben Sane,23,FB,German,right,175.4,78.0,305,16
5087,Cristiano Laporte,20,AM,Brazilian,right,169.0,74.4,264,15
5088,Paulo Varane,30,FB,Danish,both,182.0,81.9,219,12
5089,Gavi Wan-Bissaka,20,AM,Czech,right,176.6,75.2,356,19
5090,Raphael Kimmich,32,CM,Argentine,right,189.8,81.0,53,3
5091,Fernando Odegaard,32,FB,Polish,right,175.5,78.9,193,11
5092,Haris Rashford,26,W,Polish,left,180.5,82.3,313,17
5093,Robert Sterling,25,CM,Croatian,right,180.2,76.7,52,3
5094,Can Clarke,19,CB,Swedish,right,178.9,80.5,132,7
5095,Shaqiri Sane,17,CM,Turkish,right,176.1,73.8,132,7
5096,Marco Stones,21,W,Swiss,right,183.1,73.3,4,1
5097,Shaqiri Dias,36,ST,Moroccan,right,179.0,75.0,126,7
5098,Harry Kovacic,32,ST,English,right,165.9,69.4,278,15
5099,Lionel Kramaric,24,ST,Portuguese,right,186.0,81.1,346,19
5100,Kingsley Sancho,20,FB,Dutch,left,176.5,73.2,48,3
5101,Fernando Thomas,27,GK,Swiss,left,181.2,79.6,39,2
5102,Theo Camavinga,16,CM,Brazilian,right,171.4,75.0,121,7
5103,Harry Taylor,31,ST,Danish,left,183.7,82.8,347,19
5104,Phil Camavinga,37,CM,Italian,right,177.4,78.4,117,7
5105,Niklas Baker,36,W,Colombian,right,166.4,74.5,355,19
5106,Jamal Foden,37,AM,Danish,right,182.5,77.5,378,20
5107,Antoine Anderson,22,ST,Colombian,right,179.9,73.9,369,20
5108,Pedri Rashford,29,CB,Colombian,right,187.2,80.0,338,18
5109,Timo Gnabry,22,FB,Colombian,right,189.7,80.4,194,11
5110,Mateo Garcia,25,CB,Polish,right,187.6,83.3,375,20
5111,Achraf Hernandez,38,CM,Japanese,right,185.9,73.9,296,16
5112,Kalidou Martin,16,W,Romanian,left,192.7,81.2,138,8
5113,Pedri Bellingham,18,AM,Italian,right,182.6,76.9,323,17
5114,Patrik White,20,CM,Belgian,left,163.5,67.0,245,14
5115,Pedri White,34,W,Brazilian,both,181.3,81.6,371,20
5116,Kalidou Kimmich,19,W,Portuguese,right,187.2,80.8,94,5
5117,Jan Dias,20,CB,Swiss,right,190.3,80.5,293,16
5118,Juan Jackson,22,CM,Spanish,left,177.1,78.1,206,12
5119,Fernando Modric,19,AM,Ghanaian,left,172.8,73.5,357,19
5120,Harry Stones,36,CB,Senegalese,right,189.2,80.3,380,20
5121,Cesc Nunez,30,FB,Greek,right,187.0,80.6,354,19
5122,Joshua Rudiger,36,AM,Turkish,left,173.4,77.2,114,6
5123,Xavi Young,32,AM,English,both,173.1,72.6,225,13
5124,Lionel Martin,24,FB,Spanish,right,180.4,75.4,336,18
5125,Marcelo Valverde,37,FB,Croatian,right,183.1,77.2,257,14
5126,James Odegaard,27,CB,Czech,right,176.7,74.1,301,16
5127,Kingsley Benzema,34,W,Portuguese,both,176.8,78.7,139,8
5128,Ricardo Goretzka,16,ST,Serbian,right,178.0,77.2,99,6
5129,Achraf Benzema,33,CB,Korean,left,186.8,80.9,212,12
5130,Rafael Rossi,25,CM,Belgian,right,187.4,76.5,72,4
5131,Mateo Mac Allister,34,ST,Danish,left,186.4,83.1,326,18
5132,Sadio Pavard,37,FB,French,right,189.0,83.2,122,7
5133,Luka Ederson,31,AM,German,left,185.7,84.4,363,20
5134,Harry Bellingham,36,W,Portuguese,right,184.7,82.9,377,20
5135,Vinicius De Bruyne,28,CM,Belgian,right,183.5,79.0,373,20
5136,Ruben Fabinho,16,ST,Czech,right,181.1,78.3,116,7
5137,Marcelo Alexander-Arnold,34,CM,Uruguayan,right,180.0,79.5,64,4
5138,Virgil Harris,27,CB,Turkish,right,185.0,81.4,347,19
5139,Shaqiri Griezmann,34,CB,Swedish,right,180.7,79.6,336,18
5140,Xherdan Odegaard,16,CB,Turkish,right,186.2,77.7,311,17
5141,Lionel Wilson,34,CM,Korean,right,178.2,71.9,28,2
5142,Diego Mbappe,24,FB,Brazilian,right,185.1,73.8,340,18
5143,Trent Rashford,36,GK,Korean,right,186.3,76.5,333,18
5144,Jude Neuer,23,CB,German,right,192.3,78.0,333,18
5145,Phil Rudiger,35,W,Brazilian,right,173.7,69.3,102,6
5146,Virgil Kane,22,GK,Ghanaian,left,188.8,88.3,140,8
5147,Mason Pavard,33,W,Brazilian,left,183.5,74.0,379,20
5148,Timo Baker,32,ST,Greek,left,179.6,74.4,60,4
5149,Ondrej White,33,CB,Argentine,right,199.7,80.7,316,17
5150,Thomas Gomez,37,CB,Moroccan,right,184.6,80.2,296,16
5151,Ferran Wilson,24,CM,Korean,both,190.4,83.2,351,19
5152,Presnel Hall,26,FB,Swedish,right,173.1,77.6,288,16
5153,Vinicius Werner,27,ST,Norwegian,left,180.7,75.0,317,17
5154,Presnel Hernandez,31,ST,Romanian,right,183.5,80.2,326,18
5155,Raphael Alexander-Arnold,22,GK,Colombian,left,181.0,83.5,272,15
5156,Harry Werner,38,FB,Turkish,right,182.9,78.1,175,10
5157,Kevin Young,26,W,Portuguese,right,181.1,77.0,31,2
5158,Jamal Baker,26,CM,Serbian,left,181.5,78.7,140,8
5159,Luis Mac Allister,37,AM,Danish,right,179.0,77.3,255,14
5160,Luis Wan-Bissaka,34,AM,Argentine,right,176.7,78.5,304,16
5161,Serge Mitchell,20,CM,Argentine,right,183.1,79.6,146,8
5162,Mason Muller,37,ST,Nigerian,left,183.4,78.1,372,20
5163,Leon Rossi,19,ST,Portuguese,right,178.6,75.6,328,18
5164,Gabriel Firmino,35,ST,French,both,188.2,81.5,171,10
5165,Kevin Casemiro,21,CM,Uruguayan,right,178.8,67.8,313,17
5166,Federico Werner,34,W,Italian,left,179.7,81.2,146,8
5167,Ondrej Stones,29,W,Colombian,right,188.1,77.8,340,18
5168,Ciro Clarke,38,ST,Ghanaian,right,179.9,76.5,371,20
5169,Leroy Rodriguez,29,GK,Austrian,right,187.9,78.3,38,2
5170,Ladislav Pavard,24,CM,Czech,right,194.7,86.3,140,8
5171,Harry Kante,18,GK,Czech,right,188.9,79.4,219,12
5172,Ivan Dias,37,FB,Greek,right,181.8,79.1,249,14
5173,Haris Santos,26,CB,German,right,188.4,84.7,225,13
5174,Florian Scott,29,FB,Korean,left,183.7,75.4,217,12
5175,Xherdan Scott,28,W,Danish,right,184.8,75.9,263,15
5176,Stefan Szoboszlai,21,ST,Uruguayan,right,176.9,73.6,171,10
5177,Serge Rodriguez,38,CM,Uruguayan,left,186.5,79.8,130,7
5178,Diego Sancho,24,GK,Danish,right,180.5,77.1,278,15
5179,Cristiano Green,32,CB,Italian,right,183.7,79.2,358,19
5180,Roberto Pavard,37,AM,Dutch,right,182.4,78.3,322,17
5181,Xavi Young,16,CB,Japanese,right,193.1,79.9,318,17
5182,Vinicius Pavard,22,ST,Croatian,right,181.9,75.4,179,11
5183,Bukayo Henderson,30,FB,Croatian,left,179.4,83.7,113,6
5184,Jordi Kovacic,25,GK,Portuguese,right,179.0,72.4,265,15
5185,Vinicius King,22,GK,Czech,left,183.7,80.5,123,7
5186,Ilkay Williams,16,AM,Greek,right,180.7,80.4,330,18
5187,Jordi Upamecano,24,ST,Ghanaian,right,177.9,74.4,97,6
5188,Zuber Trossard,27,FB,Czech,left,172.0,66.9,160,9
5189,Achraf Foden,34,ST,Moroccan,right,180.4,75.8,352,19
5190,Zuber Johnson,38,CM,Portuguese,right,180.7,82.3,311,17
5191,Jude Szoboszlai,25,ST,Serbian,right,171.0,72.7,247,14
5192,Antoine Silva,16,GK,Norwegian,right,177.6,76.6,345,19
5193,Stefan Adams,21,W,Nigerian,right,187.1,80.6,204,12
5194,Luka Son,17,ST,Dutch,right,187.3,72.7,131,7
5195,Kevin Ederson,18,CM,Colombian,right,186.9,83.0,264,15
5196,Trent Werner,36,ST,Japanese,right,188.3,80.7,212,12
5197,Neymar Martin,35,ST,Brazilian,right,179.1,82.0,41,3
5198,Ferran Bajcetic,35,CM,Turkish,right,179.3,78.8,6,1
5199,Carlos Moore,20,W,Swedish,left,183.7,79.7,350,19
5200,Carlos Foden,22,W,Croatian,left,184.9,77.1,226,13
