team_id,player_id,season,role,jersey_number
151,1,2020,starter,74
367,1,2021,starter,11
367,1,2022,starter,53
283,1,2023,rotation,79
283,1,2024,starter,50
113,2,2015,rotation,6
113,2,2016,starter,11
113,2,2017,bench,25
113,2,2018,starter,6
113,2,2019,bench,78
113,2,2020,rotation,83
113,2,2021,starter,29
113,2,2022,starter,32
113,2,2023,starter,7
113,2,2024,bench,37
191,3,2017,rotation,6
191,3,2018,bench,60
191,3,2019,starter,2
191,3,2020,starter,92
376,3,2021,starter,68
376,3,2022,starter,53
376,3,2023,bench,67
24,3,2024,starter,93
72,4,2019,starter,6
72,4,2020,starter,56
72,4,2021,rotation,37
72,4,2022,starter,68
72,4,2023,starter,55
72,4,2024,starter,40
218,5,2016,rotation,27
218,5,2017,starter,9
218,5,2018,bench,72
218,5,2019,starter,39
218,5,2020,rotation,74
218,5,2021,bench,86
218,5,2022,rotation,96
218,5,2023,rotation,14
218,5,2024,starter,75
46,6,2016,starter,67
291,6,2017,starter,68
291,6,2018,bench,49
291,6,2019,starter,43
291,6,2020,rotation,68
291,6,2021,starter,38
291,6,2022,starter,55
291,6,2023,starter,54
291,6,2024,starter,38
344,7,2015,rotation,6
344,7,2016,starter,97
344,7,2017,starter,16
344,7,2018,bench,50
344,7,2019,rotation,78
317,7,2020,starter,8
317,7,2021,starter,14
306,8,2017,bench,25
306,8,2018,starter,41
306,8,2019,starter,65
306,8,2020,starter,94
306,8,2021,rotation,16
306,8,2022,bench,10
306,8,2023,rotation,85
306,8,2024,rotation,59
98,9,2023,bench,15
98,9,2024,rotation,91
75,10,2015,rotation,48
75,10,2016,starter,55
14,10,2017,starter,47
14,10,2018,starter,11
14,10,2019,starter,95
14,10,2020,starter,61
14,10,2021,starter,22
292,11,2015,starter,33
292,11,2016,starter,44
292,11,2017,starter,68
292,11,2018,starter,82
292,11,2019,rotation,78
292,11,2020,bench,25
292,11,2021,starter,81
292,11,2022,rotation,78
292,11,2023,starter,70
296,12,2015,rotation,28
296,12,2016,starter,43
296,12,2017,bench,54
296,12,2018,starter,91
296,12,2019,starter,44
296,12,2020,rotation,29
25,12,2021,starter,23
25,12,2022,rotation,55
25,12,2023,starter,3
169,12,2024,bench,6
163,13,2015,starter,48
9,13,2016,bench,24
9,13,2017,rotation,79
9,13,2018,starter,57
9,13,2019,starter,20
9,13,2020,starter,78
261,14,2015,starter,69
261,14,2016,starter,16
261,14,2017,rotation,62
261,14,2018,rotation,4
261,14,2019,rotation,22
261,14,2020,starter,20
261,14,2021,rotation,92
372,15,2020,starter,85
372,15,2021,rotation,14
372,15,2022,rotation,18
208,15,2023,starter,69
208,15,2024,starter,64
100,16,2023,bench,24
100,16,2024,starter,71
198,17,2015,starter,91
198,17,2016,rotation,95
233,17,2017,starter,16
233,17,2018,starter,22
233,17,2019,starter,32
233,17,2020,starter,51
233,17,2021,starter,4
233,17,2022,starter,52
233,17,2023,starter,60
336,17,2024,rotation,28
51,18,2015,starter,96
51,18,2016,rotation,7
51,18,2017,starter,15
51,18,2018,starter,80
51,18,2019,bench,16
51,18,2020,starter,70
51,18,2021,rotation,84
199,18,2022,starter,2
199,18,2023,starter,88
199,18,2024,starter,12
110,19,2015,starter,44
110,19,2016,starter,6
110,19,2017,starter,24
110,19,2018,bench,11
370,19,2019,starter,33
370,19,2020,starter,82
370,19,2021,starter,27
370,19,2022,starter,58
370,19,2023,starter,71
371,19,2024,starter,27
144,20,2015,starter,57
144,20,2016,rotation,76
144,20,2017,rotation,91
144,20,2018,starter,54
144,20,2019,rotation,6
144,20,2020,rotation,79
144,20,2021,starter,86
144,20,2022,starter,28
144,20,2023,starter,34
144,20,2024,starter,44
364,22,2015,starter,48
364,22,2016,starter,70
364,22,2017,bench,86
364,22,2018,starter,5
364,22,2019,starter,53
364,22,2020,rotation,33
364,22,2021,rotation,20
364,22,2022,starter,29
364,22,2023,starter,60
364,22,2024,bench,78
312,24,2020,rotation,25
312,24,2021,rotation,68
312,24,2022,starter,1
312,24,2023,bench,22
312,24,2024,starter,47
251,25,2021,bench,83
251,25,2022,bench,19
251,25,2023,starter,12
251,25,2024,starter,50
368,26,2015,starter,36
368,26,2016,starter,82
368,26,2017,starter,5
368,26,2018,starter,32
368,26,2019,starter,45
163,26,2020,starter,1
163,26,2021,starter,67
163,26,2022,starter,8
250,26,2023,starter,1
250,26,2024,starter,26
177,27,2015,starter,86
177,27,2016,bench,38
177,27,2017,starter,10
177,27,2018,starter,90
177,27,2019,starter,16
177,27,2020,rotation,20
177,27,2021,bench,94
177,27,2022,rotation,77
177,27,2023,starter,68
177,27,2024,starter,72
216,28,2019,starter,93
216,28,2020,starter,92
216,28,2021,starter,62
216,28,2022,bench,15
216,28,2023,starter,62
216,28,2024,starter,56
193,29,2015,starter,96
193,29,2016,starter,10
193,29,2017,rotation,84
193,29,2018,starter,56
193,29,2019,rotation,5
320,29,2020,rotation,6
320,29,2021,starter,62
320,29,2022,rotation,42
320,29,2023,bench,17
320,29,2024,starter,53
375,30,2015,rotation,98
375,30,2016,rotation,88
375,30,2017,bench,95
375,30,2018,starter,61
375,30,2019,starter,85
375,30,2020,rotation,39
375,30,2021,starter,78
375,30,2022,rotation,30
375,30,2023,bench,22
339,30,2024,rotation,33
363,32,2021,rotation,52
363,32,2022,starter,26
363,32,2023,starter,98
363,32,2024,starter,66
289,33,2015,starter,5
289,33,2016,starter,38
224,33,2017,starter,49
224,33,2018,bench,88
224,33,2019,starter,22
81,33,2020,starter,80
111,33,2021,starter,62
13,33,2022,rotation,96
13,33,2023,rotation,9
137,33,2024,starter,53
162,34,2023,rotation,36
162,34,2024,starter,34
158,35,2015,starter,20
363,35,2016,rotation,38
363,35,2017,starter,45
287,35,2018,starter,92
287,35,2019,starter,6
287,35,2020,rotation,74
287,35,2021,bench,13
287,35,2022,rotation,94
287,35,2023,starter,40
287,35,2024,starter,28
161,37,2015,rotation,86
161,37,2016,rotation,16
161,37,2017,starter,93
161,37,2018,starter,14
161,37,2019,starter,16
161,37,2020,starter,73
161,37,2021,starter,75
161,37,2022,starter,44
161,37,2023,starter,18
204,37,2024,starter,98
349,38,2015,starter,38
349,38,2016,rotation,53
378,38,2017,starter,25
378,38,2018,starter,11
241,38,2019,bench,63
366,38,2020,starter,62
367,39,2018,starter,19
367,39,2019,rotation,22
367,39,2020,starter,23
367,39,2021,rotation,73
367,39,2022,starter,84
367,39,2023,starter,45
367,39,2024,rotation,32
52,40,2015,rotation,75
52,40,2016,bench,76
52,40,2017,rotation,92
52,40,2018,starter,63
52,40,2019,starter,14
52,40,2020,starter,67
52,40,2021,bench,42
52,40,2022,starter,69
52,40,2023,starter,74
52,40,2024,rotation,89
89,42,2015,starter,56
89,42,2016,starter,62
89,42,2017,rotation,89
89,42,2018,starter,3
89,42,2019,starter,62
89,42,2020,starter,37
89,42,2021,bench,42
89,42,2022,rotation,75
167,42,2023,starter,7
167,42,2024,starter,64
320,44,2015,rotation,98
320,44,2016,starter,53
320,44,2017,starter,7
320,44,2018,rotation,37
320,44,2019,starter,68
320,44,2020,starter,20
320,44,2021,starter,78
320,44,2022,starter,56
320,44,2023,rotation,71
320,44,2024,bench,68
176,45,2015,starter,5
176,45,2016,bench,63
150,45,2017,starter,48
150,45,2018,bench,30
316,45,2019,starter,4
316,45,2020,starter,95
102,45,2021,starter,74
102,45,2022,bench,87
102,45,2023,rotation,12
102,45,2024,starter,38
376,46,2015,rotation,3
376,46,2016,rotation,51
376,46,2017,starter,9
376,46,2018,starter,6
376,46,2019,starter,44
85,46,2020,starter,83
85,46,2021,starter,69
85,46,2022,rotation,41
85,46,2023,starter,83
85,46,2024,rotation,25
257,47,2022,starter,98
371,47,2023,rotation,37
371,47,2024,starter,50
370,48,2015,rotation,15
370,48,2016,rotation,58
370,48,2017,starter,93
370,48,2018,starter,86
370,48,2019,starter,41
370,48,2020,bench,3
370,48,2021,bench,21
370,48,2022,bench,27
370,48,2023,starter,24
265,48,2024,rotation,77
180,49,2017,starter,62
180,49,2018,bench,5
180,49,2019,starter,17
180,49,2020,rotation,61
180,49,2021,starter,84
180,49,2022,bench,96
180,49,2023,starter,88
180,49,2024,rotation,70
190,50,2019,starter,41
190,50,2020,starter,30
190,50,2021,starter,45
190,50,2022,starter,11
190,50,2023,rotation,3
190,50,2024,starter,57
119,51,2015,rotation,58
119,51,2016,starter,55
119,51,2017,rotation,57
379,51,2018,starter,62
379,51,2019,bench,66
379,51,2020,starter,94
379,51,2021,starter,93
379,51,2022,starter,82
228,52,2024,starter,40
360,54,2015,starter,54
360,54,2016,rotation,11
360,54,2017,rotation,20
360,54,2018,starter,42
360,54,2019,starter,96
360,54,2020,starter,58
360,54,2021,bench,33
360,54,2022,rotation,75
343,54,2023,starter,15
343,54,2024,starter,52
36,55,2017,bench,40
36,55,2018,starter,93
36,55,2019,starter,14
36,55,2020,starter,1
36,55,2021,rotation,73
36,55,2022,starter,94
36,55,2023,rotation,52
36,55,2024,starter,22
84,56,2015,bench,50
84,56,2016,starter,68
84,56,2017,starter,98
84,56,2018,rotation,77
16,56,2019,starter,15
16,56,2020,starter,78
16,56,2021,starter,13
16,56,2022,rotation,56
332,57,2015,bench,56
332,57,2016,starter,72
332,57,2017,starter,18
332,57,2018,starter,85
222,57,2019,starter,39
222,57,2020,bench,39
204,57,2021,starter,40
204,57,2022,starter,5
204,57,2023,bench,77
204,57,2024,starter,86
48,58,2015,starter,7
48,58,2016,rotation,1
48,58,2017,starter,30
200,58,2018,starter,14
276,58,2019,starter,44
27,59,2023,bench,46
27,59,2024,starter,9
153,60,2015,rotation,73
153,60,2016,starter,65
153,60,2017,rotation,20
153,60,2018,bench,86
153,60,2019,rotation,31
153,60,2020,bench,47
153,60,2021,starter,67
153,60,2022,rotation,60
153,60,2023,starter,35
153,60,2024,rotation,16
324,61,2024,starter,25
303,62,2015,starter,84
303,62,2016,starter,18
303,62,2017,rotation,10
303,62,2018,starter,93
303,62,2019,rotation,5
303,62,2020,starter,82
303,62,2021,rotation,51
303,62,2022,starter,17
303,62,2023,rotation,66
303,62,2024,starter,35
250,63,2015,starter,74
250,63,2016,rotation,66
250,63,2017,starter,23
250,63,2018,rotation,25
250,63,2019,rotation,63
250,63,2020,bench,36
250,63,2021,bench,49
250,63,2022,starter,15
250,63,2023,rotation,55
284,63,2024,starter,81
266,64,2020,starter,97
266,64,2021,rotation,69
266,64,2022,bench,10
266,64,2023,starter,75
266,64,2024,rotation,40
182,65,2015,starter,96
182,65,2016,starter,83
182,65,2017,starter,8
182,65,2018,starter,94
182,65,2019,starter,64
182,65,2020,rotation,22
182,65,2021,starter,40
348,65,2022,starter,1
348,65,2023,rotation,1
145,65,2024,starter,16
288,66,2015,rotation,85
288,66,2016,starter,81
288,66,2017,starter,63
288,66,2018,rotation,4
288,66,2019,rotation,57
288,66,2020,starter,33
288,66,2021,rotation,11
288,66,2022,starter,34
288,66,2023,starter,96
288,66,2024,starter,98
156,67,2020,bench,70
261,67,2021,starter,95
261,67,2022,starter,94
261,67,2023,starter,23
261,67,2024,starter,43
206,68,2015,starter,5
206,68,2016,starter,34
206,68,2017,starter,32
269,68,2018,starter,22
269,68,2019,rotation,56
269,68,2020,rotation,71
269,68,2021,rotation,18
269,68,2022,bench,31
269,68,2023,rotation,22
269,68,2024,starter,19
295,69,2022,starter,3
295,69,2023,starter,24
295,69,2024,bench,2
308,70,2024,starter,49
327,71,2023,bench,57
327,71,2024,starter,50
370,73,2015,bench,61
370,73,2016,starter,62
370,73,2017,starter,7
370,73,2018,starter,45
370,73,2019,starter,9
370,73,2020,starter,48
370,73,2021,starter,94
323,73,2022,starter,8
323,73,2023,starter,40
323,73,2024,starter,57
166,74,2018,starter,38
166,74,2019,starter,30
166,74,2020,starter,80
166,74,2021,bench,77
166,74,2022,starter,42
193,74,2023,bench,84
193,74,2024,rotation,29
141,75,2015,rotation,38
141,75,2016,rotation,46
141,75,2017,starter,30
141,75,2018,starter,18
141,75,2019,starter,29
140,75,2020,starter,64
140,75,2021,rotation,63
140,75,2022,rotation,68
140,75,2023,rotation,26
344,76,2021,starter,11
344,76,2022,bench,95
344,76,2023,starter,78
344,76,2024,starter,21
314,77,2015,bench,40
314,77,2016,starter,88
314,77,2017,rotation,12
314,77,2018,starter,92
314,77,2019,starter,45
314,77,2020,bench,42
314,77,2021,starter,38
314,77,2022,starter,98
314,77,2023,starter,66
314,77,2024,starter,66
183,78,2015,rotation,3
183,78,2016,starter,27
183,78,2017,starter,50
183,78,2018,starter,65
183,78,2019,rotation,80
181,78,2020,starter,29
181,78,2021,starter,50
181,78,2022,starter,48
181,78,2023,starter,7
181,78,2024,starter,82
169,79,2015,starter,11
169,79,2016,bench,60
169,79,2017,starter,73
169,79,2018,starter,87
169,79,2019,starter,59
169,79,2020,starter,86
169,79,2021,starter,16
169,79,2022,rotation,16
169,79,2023,starter,5
169,79,2024,starter,49
309,80,2023,starter,94
309,80,2024,starter,47
363,81,2016,starter,71
363,81,2017,starter,69
363,81,2018,rotation,54
166,81,2019,rotation,55
166,81,2020,starter,27
31,81,2021,starter,77
31,81,2022,starter,66
31,81,2023,starter,18
31,81,2024,rotation,41
199,82,2015,rotation,20
199,82,2016,rotation,21
199,82,2017,rotation,57
199,82,2018,starter,82
199,82,2019,rotation,85
199,82,2020,starter,58
274,82,2021,rotation,63
274,82,2022,starter,75
274,82,2023,rotation,64
274,82,2024,starter,44
260,83,2015,starter,54
228,83,2016,rotation,4
228,83,2017,starter,79
228,83,2018,rotation,88
228,83,2019,starter,39
228,83,2020,starter,19
228,83,2021,starter,74
246,83,2022,bench,51
246,83,2023,rotation,6
246,83,2024,starter,88
320,84,2021,bench,50
320,84,2022,starter,9
320,84,2023,bench,9
320,84,2024,rotation,87
297,85,2015,starter,30
297,85,2016,bench,81
297,85,2017,starter,63
357,85,2018,starter,97
357,85,2019,bench,33
286,85,2020,starter,38
286,85,2021,starter,15
286,85,2022,starter,22
286,85,2023,rotation,22
286,85,2024,rotation,1
374,86,2018,starter,94
374,86,2019,bench,4
374,86,2020,starter,48
374,86,2021,starter,55
374,86,2022,starter,91
374,86,2023,rotation,97
374,86,2024,starter,77
302,87,2015,bench,72
302,87,2016,starter,30
302,87,2017,starter,2
302,87,2018,rotation,70
302,87,2019,starter,72
302,87,2020,rotation,18
302,87,2021,starter,24
302,87,2022,starter,11
302,87,2023,starter,31
212,87,2024,starter,62
374,88,2015,starter,42
374,88,2016,bench,77
374,88,2017,bench,31
374,88,2018,starter,93
374,88,2019,starter,56
374,88,2020,starter,20
374,88,2021,bench,14
374,88,2022,starter,15
374,88,2023,starter,82
81,89,2016,starter,64
81,89,2017,rotation,8
81,89,2018,rotation,56
81,89,2019,starter,46
81,89,2020,starter,19
81,89,2021,rotation,65
81,89,2022,starter,73
81,89,2023,starter,18
81,89,2024,bench,24
321,91,2015,rotation,58
208,91,2016,starter,91
70,91,2017,starter,57
70,91,2018,starter,51
70,91,2019,rotation,76
70,91,2020,starter,74
275,93,2023,starter,18
275,93,2024,starter,35
37,94,2015,starter,24
37,94,2016,rotation,15
37,94,2017,starter,13
37,94,2018,starter,71
37,94,2019,starter,62
37,94,2020,starter,92
37,94,2021,rotation,77
37,94,2022,starter,30
37,94,2023,starter,18
37,94,2024,rotation,1
276,95,2015,starter,35
27,95,2016,bench,16
27,95,2017,starter,88
27,95,2018,rotation,93
27,95,2019,starter,2
27,95,2020,starter,57
27,95,2021,starter,89
62,95,2022,rotation,82
62,95,2023,starter,30
62,95,2024,rotation,78
193,96,2015,starter,36
193,96,2016,starter,24
193,96,2017,rotation,82
233,96,2018,starter,53
233,96,2019,rotation,72
233,96,2020,starter,15
233,96,2021,starter,23
274,96,2022,rotation,82
274,96,2023,rotation,89
274,96,2024,starter,95
357,97,2015,starter,97
357,97,2016,rotation,13
357,97,2017,starter,30
339,97,2018,starter,88
339,97,2019,starter,23
339,97,2020,starter,60
339,97,2021,bench,49
285,97,2022,starter,19
285,97,2023,starter,20
285,97,2024,rotation,2
244,98,2018,starter,88
244,98,2019,starter,33
244,98,2020,starter,83
244,98,2021,rotation,32
244,98,2022,bench,50
244,98,2023,starter,42
244,98,2024,bench,25
95,99,2023,bench,88
95,99,2024,rotation,16
249,100,2016,bench,11
249,100,2017,rotation,58
249,100,2018,starter,78
249,100,2019,bench,21
249,100,2020,starter,93
249,100,2021,starter,38
249,100,2022,rotation,88
249,100,2023,rotation,72
249,100,2024,bench,80
229,101,2015,rotation,64
229,101,2016,starter,1
229,101,2017,bench,85
229,101,2018,starter,47
229,101,2019,starter,59
229,101,2020,starter,90
229,101,2021,starter,77
229,101,2022,bench,16
229,101,2023,bench,72
229,101,2024,rotation,2
325,102,2017,rotation,24
325,102,2018,starter,60
325,102,2019,rotation,18
325,102,2020,bench,42
325,102,2021,starter,4
325,102,2022,rotation,31
325,102,2023,starter,43
325,102,2024,bench,13
144,105,2021,rotation,13
259,105,2022,rotation,41
327,105,2023,rotation,37
235,105,2024,starter,26
315,106,2015,starter,78
315,106,2016,rotation,98
315,106,2017,bench,64
315,106,2018,starter,16
315,106,2019,starter,55
315,106,2020,starter,92
315,106,2021,rotation,8
315,106,2022,rotation,90
315,106,2023,rotation,96
315,106,2024,bench,19
39,107,2015,bench,64
39,107,2016,starter,48
39,107,2017,bench,78
39,107,2018,starter,82
39,107,2019,bench,19
353,107,2020,rotation,22
353,107,2021,starter,46
353,107,2022,starter,23
353,107,2023,rotation,57
373,107,2024,starter,67
51,108,2015,starter,76
48,108,2016,starter,61
48,108,2017,starter,47
48,108,2018,starter,69
48,108,2019,bench,36
48,108,2020,starter,42
48,108,2021,starter,11
48,108,2022,starter,56
48,108,2023,starter,17
48,108,2024,rotation,43
139,109,2015,starter,12
139,109,2016,rotation,78
139,109,2017,rotation,58
139,109,2018,starter,88
150,109,2019,starter,18
231,109,2020,starter,75
231,109,2021,rotation,22
231,109,2022,starter,52
231,109,2023,rotation,6
231,109,2024,starter,93
255,110,2015,starter,88
255,110,2016,starter,33
255,110,2017,starter,74
255,110,2018,starter,31
255,110,2019,rotation,9
255,110,2020,starter,30
255,110,2021,bench,19
255,110,2022,starter,72
255,110,2023,rotation,29
255,110,2024,starter,27
352,111,2015,starter,16
352,111,2016,bench,80
352,111,2017,rotation,11
352,111,2018,starter,29
352,111,2019,starter,43
352,111,2020,rotation,92
352,111,2021,starter,91
346,111,2022,bench,5
13,112,2015,rotation,6
13,112,2016,bench,68
13,112,2017,starter,63
13,112,2018,bench,37
13,112,2019,starter,85
13,112,2020,bench,27
135,112,2021,rotation,53
135,112,2022,starter,24
135,112,2023,starter,30
135,112,2024,starter,4
168,114,2015,rotation,53
168,114,2016,starter,96
168,114,2017,rotation,10
168,114,2018,bench,2
168,114,2019,starter,95
168,114,2020,starter,46
168,114,2021,rotation,94
168,114,2022,starter,98
168,114,2023,starter,43
168,114,2024,starter,3
100,116,2022,starter,26
221,116,2023,starter,90
221,116,2024,rotation,61
345,117,2015,starter,42
345,117,2016,rotation,85
345,117,2017,starter,64
345,117,2018,rotation,64
345,117,2019,starter,62
345,117,2020,starter,95
345,117,2021,rotation,35
345,117,2022,bench,79
345,117,2023,starter,27
345,117,2024,rotation,42
60,118,2015,rotation,85
60,118,2016,bench,69
183,118,2017,bench,92
183,118,2018,starter,41
183,118,2019,starter,23
33,118,2020,rotation,26
33,118,2021,starter,3
33,118,2022,starter,25
33,118,2023,rotation,66
33,118,2024,bench,18
334,119,2015,starter,61
334,119,2016,bench,8
334,119,2017,starter,5
334,119,2018,bench,75
334,119,2019,rotation,20
354,119,2020,starter,53
354,119,2021,starter,75
354,119,2022,rotation,88
354,119,2023,starter,64
354,119,2024,starter,30
309,120,2020,starter,3
309,120,2021,starter,64
309,120,2022,starter,88
309,120,2023,rotation,47
255,120,2024,starter,26
33,121,2017,starter,66
33,121,2018,starter,17
33,121,2019,rotation,75
33,121,2020,starter,89
362,121,2021,starter,72
362,121,2022,starter,13
362,121,2023,bench,62
89,121,2024,starter,97
285,123,2015,starter,52
285,123,2016,starter,78
285,123,2017,starter,8
285,123,2018,starter,27
285,123,2019,rotation,49
285,123,2020,rotation,55
285,123,2021,bench,13
285,123,2022,bench,1
285,123,2023,starter,43
285,123,2024,bench,64
188,124,2015,starter,40
188,124,2016,starter,75
188,124,2017,starter,95
188,124,2018,starter,78
188,124,2019,starter,20
145,124,2020,rotation,73
145,124,2021,bench,9
145,124,2022,rotation,14
145,124,2023,rotation,95
145,124,2024,starter,71
312,125,2015,bench,62
312,125,2016,rotation,74
312,125,2017,bench,10
312,125,2018,starter,80
341,125,2019,starter,79
341,125,2020,rotation,31
114,127,2020,starter,9
114,127,2021,bench,82
114,127,2022,rotation,42
114,127,2023,rotation,85
114,127,2024,starter,16
366,128,2015,rotation,9
366,128,2016,rotation,51
366,128,2017,rotation,63
366,128,2018,starter,1
366,128,2019,starter,67
366,128,2020,starter,87
366,128,2021,bench,2
361,128,2022,rotation,62
361,128,2023,starter,61
361,128,2024,starter,47
346,130,2023,starter,25
346,130,2024,starter,54
209,132,2023,bench,6
209,132,2024,rotation,21
257,133,2015,rotation,8
257,133,2016,rotation,9
257,133,2017,bench,42
257,133,2018,starter,62
326,133,2019,rotation,87
326,133,2020,starter,19
326,133,2021,starter,5
207,133,2022,rotation,35
207,133,2023,rotation,55
207,133,2024,starter,79
214,134,2020,starter,27
214,134,2021,rotation,28
214,134,2022,starter,22
312,134,2023,starter,68
312,134,2024,rotation,17
219,135,2016,starter,39
219,135,2017,bench,27
219,135,2018,starter,4
219,135,2019,starter,61
219,135,2020,starter,51
251,135,2021,rotation,23
251,135,2022,starter,68
251,135,2023,starter,38
251,135,2024,starter,49
101,136,2015,starter,95
101,136,2016,starter,13
101,136,2017,rotation,92
101,136,2018,starter,86
101,136,2019,bench,1
101,136,2020,rotation,90
101,136,2021,rotation,20
101,136,2022,rotation,86
116,136,2023,starter,85
116,136,2024,starter,45
188,137,2016,starter,77
188,137,2017,starter,23
188,137,2018,starter,56
188,137,2019,starter,80
188,137,2020,rotation,97
259,137,2021,rotation,40
259,137,2022,starter,4
259,137,2023,rotation,21
326,137,2024,starter,77
106,138,2015,starter,49
347,138,2016,starter,24
353,138,2017,starter,89
353,138,2018,starter,41
353,138,2019,starter,35
353,138,2020,starter,36
164,138,2021,starter,60
234,138,2022,starter,91
234,138,2023,starter,82
234,138,2024,rotation,97
212,139,2023,rotation,20
212,139,2024,bench,63
303,140,2023,starter,92
303,140,2024,bench,2
242,142,2024,starter,40
356,143,2015,starter,70
337,143,2016,rotation,27
337,143,2017,starter,98
337,143,2018,starter,36
337,143,2019,starter,32
337,143,2020,starter,73
337,143,2021,starter,88
194,143,2022,starter,50
194,143,2023,bench,66
195,144,2018,starter,43
195,144,2019,bench,78
195,144,2020,starter,6
13,144,2021,starter,30
13,144,2022,starter,54
378,144,2023,starter,91
378,144,2024,rotation,2
271,145,2015,bench,78
271,145,2016,bench,89
271,145,2017,bench,84
251,145,2018,starter,61
251,145,2019,rotation,89
251,145,2020,bench,78
251,145,2021,rotation,36
251,145,2022,starter,82
251,145,2023,starter,16
251,145,2024,starter,85
251,146,2015,starter,97
251,146,2016,rotation,30
251,146,2017,rotation,81
251,146,2018,starter,16
251,146,2019,starter,75
251,146,2020,rotation,23
251,146,2021,starter,27
251,146,2022,starter,7
251,146,2023,starter,83
251,146,2024,rotation,84
353,147,2015,rotation,71
353,147,2016,bench,77
353,147,2017,starter,62
353,147,2018,starter,23
353,147,2019,starter,67
353,147,2020,starter,56
353,147,2021,starter,57
353,147,2022,starter,24
353,147,2023,bench,71
353,147,2024,starter,50
147,148,2015,rotation,64
147,148,2016,starter,23
147,148,2017,bench,75
147,148,2018,starter,30
147,148,2019,starter,54
147,148,2020,rotation,90
147,148,2021,rotation,22
147,148,2022,starter,56
147,148,2023,starter,38
147,148,2024,bench,67
276,149,2021,rotation,33
276,149,2022,rotation,19
300,149,2023,starter,17
300,149,2024,starter,6
266,150,2015,starter,14
266,150,2016,bench,98
266,150,2017,starter,24
266,150,2018,starter,75
266,150,2019,starter,57
266,150,2020,starter,72
266,150,2021,starter,41
328,150,2022,rotation,63
328,150,2023,starter,45
328,150,2024,starter,63
285,151,2015,starter,76
167,151,2016,starter,10
167,151,2017,starter,84
167,151,2018,starter,38
167,151,2019,starter,96
167,151,2020,starter,94
167,151,2021,starter,6
344,151,2022,rotation,14
344,151,2023,starter,70
344,151,2024,starter,5
380,152,2015,starter,71
380,152,2016,bench,82
380,152,2017,rotation,66
380,152,2018,starter,68
380,152,2019,rotation,66
380,152,2020,starter,22
380,152,2021,starter,50
380,152,2022,rotation,15
333,153,2015,bench,34
333,153,2016,starter,40
333,153,2017,bench,67
333,153,2018,bench,33
333,153,2019,starter,6
333,153,2020,bench,83
333,153,2021,starter,38
333,153,2022,starter,47
333,153,2023,bench,85
199,154,2022,rotation,78
199,154,2023,starter,62
199,154,2024,starter,92
17,155,2015,rotation,6
17,155,2016,bench,15
17,155,2017,bench,42
17,155,2018,starter,23
17,155,2019,rotation,97
17,155,2020,bench,19
17,155,2021,starter,46
17,155,2022,bench,98
201,155,2023,starter,69
177,155,2024,rotation,88
66,156,2015,bench,75
66,156,2016,starter,90
66,156,2017,starter,57
66,156,2018,starter,48
66,156,2019,starter,21
66,156,2020,starter,3
66,156,2021,starter,63
66,156,2022,starter,8
66,156,2023,starter,59
66,156,2024,starter,89
319,157,2015,starter,96
319,157,2016,starter,78
331,157,2017,starter,45
331,157,2018,rotation,59
331,157,2019,starter,39
331,157,2020,starter,47
331,157,2021,starter,97
331,157,2022,starter,14
57,157,2023,starter,89
371,158,2016,starter,33
371,158,2017,bench,74
371,158,2018,starter,13
371,158,2019,rotation,54
371,158,2020,rotation,64
371,158,2021,bench,33
371,158,2022,starter,36
311,158,2023,starter,79
311,158,2024,starter,57
361,160,2015,starter,89
352,160,2016,starter,37
352,160,2017,starter,12
352,160,2018,rotation,23
352,160,2019,rotation,98
352,160,2020,starter,43
352,160,2021,starter,36
352,160,2022,bench,7
352,160,2023,starter,26
352,160,2024,starter,17
358,161,2015,starter,81
358,161,2016,starter,9
358,161,2017,starter,44
358,161,2018,rotation,2
358,161,2019,starter,23
358,161,2020,starter,68
358,161,2021,starter,51
183,161,2022,starter,54
183,161,2023,starter,50
183,161,2024,rotation,9
292,162,2015,starter,8
292,162,2016,rotation,33
292,162,2017,starter,96
292,162,2018,bench,41
292,162,2019,rotation,63
292,162,2020,bench,72
292,162,2021,starter,31
292,162,2022,rotation,50
292,162,2023,bench,10
292,162,2024,rotation,85
4,163,2018,bench,10
4,163,2019,rotation,57
4,163,2020,rotation,77
4,163,2021,starter,87
4,163,2022,starter,34
4,163,2023,starter,69
4,163,2024,rotation,64
38,164,2015,starter,3
38,164,2016,bench,47
379,164,2017,starter,42
379,164,2018,starter,58
379,164,2019,starter,62
379,164,2020,starter,32
379,164,2021,starter,15
379,164,2022,starter,68
379,164,2023,starter,28
59,164,2024,bench,42
351,165,2015,starter,76
351,165,2016,starter,51
351,165,2017,starter,82
351,165,2018,starter,77
73,165,2019,starter,5
73,165,2020,starter,13
73,165,2021,starter,21
73,165,2022,rotation,71
377,166,2018,rotation,90
377,166,2019,starter,95
377,166,2020,starter,79
377,166,2021,starter,32
377,166,2022,rotation,23
377,166,2023,bench,78
377,166,2024,starter,42
315,167,2016,bench,94
315,167,2017,starter,92
315,167,2018,bench,12
315,167,2019,starter,12
315,167,2020,starter,20
315,167,2021,rotation,17
315,167,2022,starter,57
315,167,2023,starter,96
315,167,2024,rotation,30
304,168,2015,starter,79
304,168,2016,starter,1
304,168,2017,rotation,3
6,168,2018,starter,18
6,168,2019,rotation,16
6,168,2020,starter,5
6,168,2021,bench,34
6,168,2022,starter,29
6,168,2023,bench,64
6,168,2024,starter,67
328,169,2015,bench,86
328,169,2016,bench,12
328,169,2017,starter,53
328,169,2018,rotation,40
71,169,2019,starter,20
71,169,2020,starter,5
265,169,2021,bench,10
265,169,2022,starter,16
265,169,2023,rotation,76
265,169,2024,starter,75
37,171,2020,starter,76
37,171,2021,rotation,4
37,171,2022,starter,48
237,171,2023,starter,36
237,171,2024,starter,56
163,172,2015,starter,20
163,172,2016,starter,98
163,172,2017,rotation,54
163,172,2018,starter,43
163,172,2019,rotation,3
163,172,2020,rotation,96
163,172,2021,starter,92
209,174,2016,starter,74
209,174,2017,starter,67
209,174,2018,bench,11
209,174,2019,bench,29
209,174,2020,bench,35
209,174,2021,starter,87
209,174,2022,starter,82
209,174,2023,bench,80
350,174,2024,starter,11
209,175,2015,rotation,7
209,175,2016,starter,77
209,175,2017,starter,57
224,175,2018,starter,54
375,175,2019,rotation,61
375,175,2020,rotation,87
375,175,2021,starter,16
375,175,2022,rotation,13
375,175,2023,starter,79
375,175,2024,rotation,20
80,176,2015,rotation,75
80,176,2016,rotation,15
80,176,2017,bench,35
80,176,2018,rotation,12
80,176,2019,rotation,85
80,176,2020,starter,57
80,176,2021,starter,77
80,176,2022,starter,53
80,176,2023,bench,31
80,176,2024,rotation,4
91,177,2020,bench,37
91,177,2021,starter,19
234,177,2022,rotation,34
234,177,2023,bench,50
234,177,2024,starter,39
76,178,2017,starter,24
76,178,2018,rotation,82
76,178,2019,rotation,82
76,178,2020,starter,61
76,178,2021,rotation,39
76,178,2022,starter,77
76,178,2023,starter,30
76,178,2024,bench,28
156,179,2017,rotation,57
261,179,2018,rotation,73
261,179,2019,starter,23
376,179,2020,bench,29
376,179,2021,rotation,30
376,179,2022,rotation,66
376,179,2023,starter,40
376,179,2024,starter,13
238,180,2015,starter,17
249,180,2016,starter,96
249,180,2017,starter,53
249,180,2018,bench,2
249,180,2019,starter,73
177,181,2015,starter,95
177,181,2016,bench,30
177,181,2017,bench,45
177,181,2018,starter,91
177,181,2019,starter,65
177,181,2020,rotation,3
311,181,2021,starter,78
190,181,2022,starter,77
190,181,2023,starter,2
190,181,2024,starter,52
60,183,2022,bench,91
60,183,2023,starter,11
60,183,2024,starter,68
169,184,2023,starter,20
169,184,2024,starter,87
312,185,2015,starter,19
312,185,2016,starter,26
312,185,2017,starter,50
312,185,2018,starter,26
312,185,2019,rotation,55
312,185,2020,bench,54
312,185,2021,starter,74
312,185,2022,starter,8
312,185,2023,starter,88
312,185,2024,rotation,31
117,187,2023,bench,64
117,187,2024,starter,66
66,188,2018,rotation,5
66,188,2019,starter,58
66,188,2020,rotation,50
66,188,2021,starter,43
66,188,2022,starter,20
66,188,2023,rotation,66
66,188,2024,rotation,7
70,189,2015,bench,5
70,189,2016,starter,89
70,189,2017,rotation,20
152,189,2018,starter,97
360,189,2019,rotation,38
360,189,2020,starter,42
360,189,2021,starter,53
360,189,2022,rotation,70
360,189,2023,rotation,53
308,189,2024,starter,38
358,190,2016,bench,65
358,190,2017,starter,92
358,190,2018,rotation,89
358,190,2019,rotation,5
358,190,2020,rotation,14
358,190,2021,starter,40
358,190,2022,bench,47
341,190,2023,starter,83
341,190,2024,starter,96
182,191,2018,rotation,94
182,191,2019,bench,71
182,191,2020,bench,4
182,191,2021,rotation,16
182,191,2022,rotation,1
182,191,2023,rotation,9
182,191,2024,starter,93
321,192,2015,rotation,95
321,192,2016,starter,89
321,192,2017,starter,19
321,192,2018,starter,53
321,192,2019,starter,58
321,192,2020,starter,97
321,192,2021,starter,18
321,192,2022,rotation,26
89,192,2023,starter,86
89,192,2024,starter,82
62,193,2015,starter,71
62,193,2016,rotation,34
62,193,2017,starter,39
62,193,2018,starter,8
62,193,2019,starter,80
364,193,2020,starter,86
174,193,2021,starter,40
174,193,2022,starter,59
174,193,2023,starter,31
174,193,2024,rotation,24
333,195,2024,bench,29
137,196,2019,starter,97
137,196,2020,bench,17
137,196,2021,rotation,15
137,196,2022,starter,43
137,196,2023,rotation,10
137,196,2024,bench,43
314,197,2015,rotation,85
314,197,2016,starter,61
314,197,2017,rotation,95
374,197,2018,starter,62
374,197,2019,starter,21
374,197,2020,rotation,9
374,197,2021,starter,48
374,197,2022,rotation,67
374,197,2023,rotation,91
374,197,2024,starter,35
209,198,2015,rotation,39
209,198,2016,starter,92
209,198,2017,starter,52
209,198,2018,starter,4
209,198,2019,bench,46
373,198,2020,starter,21
373,198,2021,starter,68
246,198,2022,starter,34
246,198,2023,bench,87
246,198,2024,starter,12
362,199,2015,rotation,24
362,199,2016,rotation,87
362,199,2017,rotation,79
362,199,2018,rotation,70
250,199,2019,starter,38
250,199,2020,starter,74
250,199,2021,starter,4
250,199,2022,starter,25
172,199,2023,starter,68
172,199,2024,starter,68
377,200,2023,bench,75
302,200,2024,starter,19
338,201,2015,starter,35
338,201,2016,starter,2
338,201,2017,bench,13
338,201,2018,starter,51
338,201,2019,rotation,47
338,201,2020,bench,24
338,201,2021,bench,28
338,201,2022,starter,87
338,201,2023,bench,45
338,201,2024,bench,55
74,202,2015,bench,20
74,202,2016,starter,44
74,202,2017,starter,94
203,202,2018,rotation,21
203,202,2019,starter,55
203,202,2020,starter,52
203,202,2021,bench,38
203,202,2022,starter,92
203,202,2023,starter,55
203,202,2024,starter,56
288,203,2015,rotation,67
288,203,2016,rotation,35
288,203,2017,rotation,13
288,203,2018,bench,20
288,203,2019,rotation,67
354,203,2020,starter,64
354,203,2021,rotation,37
354,203,2022,starter,26
354,203,2023,starter,70
293,203,2024,starter,47
245,204,2021,starter,30
245,204,2022,starter,49
245,204,2023,starter,91
245,204,2024,rotation,42
325,205,2015,starter,27
159,205,2016,rotation,9
159,205,2017,starter,76
159,205,2018,starter,65
224,205,2019,rotation,94
224,205,2020,rotation,75
166,205,2021,rotation,67
166,205,2022,starter,38
166,205,2023,rotation,96
166,205,2024,rotation,43
195,206,2024,rotation,63
94,208,2017,bench,94
94,208,2018,rotation,26
94,208,2019,starter,43
94,208,2020,bench,28
94,208,2021,starter,53
94,208,2022,starter,78
94,208,2023,starter,42
94,208,2024,starter,40
318,209,2019,bench,50
318,209,2020,rotation,4
318,209,2021,starter,1
318,209,2022,starter,23
26,209,2023,starter,36
26,209,2024,starter,33
231,210,2018,starter,35
231,210,2019,rotation,76
231,210,2020,bench,87
231,210,2021,starter,93
231,210,2022,starter,75
231,210,2023,rotation,61
231,210,2024,rotation,82
356,211,2023,bench,52
356,211,2024,starter,91
271,213,2023,starter,58
271,213,2024,starter,76
363,214,2021,rotation,60
363,214,2022,starter,14
363,214,2023,rotation,33
279,214,2024,starter,77
42,215,2024,starter,36
357,216,2023,starter,20
357,216,2024,starter,16
4,217,2016,starter,7
4,217,2017,rotation,23
4,217,2018,starter,50
4,217,2019,starter,30
4,217,2020,starter,56
4,217,2021,starter,56
4,217,2022,starter,16
4,217,2023,rotation,48
4,217,2024,rotation,20
357,218,2015,rotation,88
357,218,2016,starter,97
357,218,2017,bench,87
357,218,2018,starter,45
357,218,2019,starter,12
357,218,2020,rotation,96
161,218,2021,rotation,3
161,218,2022,rotation,44
161,218,2023,starter,14
161,218,2024,rotation,2
65,219,2015,starter,40
65,219,2016,starter,53
65,219,2017,starter,22
65,219,2018,rotation,3
65,219,2019,starter,54
65,219,2020,starter,12
65,219,2021,rotation,55
65,219,2022,starter,39
65,219,2023,rotation,78
215,220,2018,rotation,96
215,220,2019,starter,94
215,220,2020,starter,10
215,220,2021,bench,57
215,220,2022,starter,34
215,220,2023,bench,48
215,220,2024,rotation,45
120,221,2022,bench,60
120,221,2023,bench,82
120,221,2024,starter,87
242,222,2015,starter,37
369,222,2016,starter,30
369,222,2017,starter,9
369,222,2018,rotation,33
134,222,2019,starter,23
134,222,2020,rotation,58
134,222,2021,rotation,4
331,223,2015,starter,6
331,223,2016,starter,92
201,223,2017,starter,4
201,223,2018,starter,86
201,223,2019,rotation,55
201,223,2020,rotation,91
201,223,2021,starter,12
201,223,2022,rotation,33
201,223,2023,starter,53
201,223,2024,starter,12
225,224,2021,rotation,78
169,224,2022,bench,95
169,224,2023,starter,11
169,224,2024,rotation,15
100,225,2020,rotation,5
100,225,2021,bench,48
100,225,2022,bench,16
100,225,2023,rotation,26
100,225,2024,bench,95
139,226,2015,starter,49
139,226,2016,bench,58
139,226,2017,rotation,29
139,226,2018,starter,67
139,226,2019,starter,68
139,226,2020,starter,67
157,226,2021,rotation,36
157,226,2022,starter,40
157,226,2023,rotation,57
157,226,2024,rotation,7
114,227,2021,starter,25
114,227,2022,starter,11
114,227,2023,starter,68
114,227,2024,starter,38
319,228,2023,rotation,41
291,228,2024,starter,93
320,229,2024,starter,13
219,230,2020,rotation,57
219,230,2021,starter,59
375,230,2022,starter,82
375,230,2023,rotation,29
375,230,2024,starter,45
159,231,2017,rotation,64
159,231,2018,starter,90
159,231,2019,starter,50
159,231,2020,starter,87
159,231,2021,starter,37
159,231,2022,rotation,12
159,231,2023,starter,84
159,231,2024,starter,5
65,233,2015,starter,53
147,233,2016,starter,7
147,233,2017,starter,8
147,233,2018,starter,44
147,233,2019,rotation,88
147,233,2020,starter,60
147,233,2021,rotation,34
147,233,2022,bench,16
147,233,2023,starter,60
147,233,2024,rotation,23
149,234,2015,starter,82
149,234,2016,bench,91
149,234,2017,rotation,12
149,234,2018,bench,87
149,234,2019,bench,32
157,234,2020,starter,1
157,234,2021,starter,89
157,234,2022,rotation,28
157,234,2023,starter,92
363,234,2024,rotation,55
37,235,2015,starter,77
37,235,2016,rotation,30
37,235,2017,starter,35
37,235,2018,rotation,3
37,235,2019,starter,81
37,235,2020,rotation,54
37,235,2021,starter,36
37,235,2022,starter,59
37,235,2023,bench,71
52,236,2015,bench,82
52,236,2016,starter,79
52,236,2017,starter,28
52,236,2018,starter,94
52,236,2019,starter,82
52,236,2020,starter,10
52,236,2021,starter,63
52,236,2022,starter,76
52,236,2023,rotation,7
51,236,2024,rotation,31
380,237,2020,starter,51
380,237,2021,starter,61
380,237,2022,starter,24
380,237,2023,starter,46
380,237,2024,starter,62
174,238,2020,rotation,67
174,238,2021,starter,42
174,238,2022,starter,83
174,238,2023,starter,13
174,238,2024,starter,37
259,239,2020,starter,13
172,239,2021,starter,48
172,239,2022,starter,24
172,239,2023,starter,36
172,239,2024,rotation,62
370,240,2015,starter,3
370,240,2016,starter,89
370,240,2017,starter,65
370,240,2018,rotation,76
370,240,2019,rotation,39
370,240,2020,starter,1
370,240,2021,starter,1
370,240,2022,starter,39
358,242,2015,bench,15
358,242,2016,rotation,25
358,242,2017,starter,8
373,242,2018,rotation,63
373,242,2019,rotation,15
373,242,2020,rotation,30
373,242,2021,rotation,61
373,242,2022,starter,19
373,242,2023,starter,28
373,242,2024,rotation,53
113,243,2016,starter,29
113,243,2017,rotation,12
113,243,2018,starter,43
113,243,2019,bench,59
113,243,2020,starter,2
113,243,2021,bench,10
113,243,2022,starter,53
113,243,2023,starter,2
113,243,2024,starter,3
159,244,2015,rotation,32
159,244,2016,starter,78
159,244,2017,starter,42
159,244,2018,bench,6
159,244,2019,bench,23
159,244,2020,starter,67
130,244,2021,starter,80
369,245,2018,starter,61
369,245,2019,rotation,27
369,245,2020,rotation,29
369,245,2021,starter,51
369,245,2022,rotation,79
369,245,2023,bench,61
369,245,2024,rotation,46
153,247,2015,starter,26
153,247,2016,starter,66
153,247,2017,starter,26
153,247,2018,rotation,78
380,247,2019,rotation,78
380,247,2020,rotation,40
380,247,2021,starter,6
380,247,2022,starter,96
127,247,2023,starter,8
127,247,2024,starter,48
225,248,2022,starter,2
136,248,2023,bench,8
136,248,2024,bench,89
380,249,2023,starter,62
380,249,2024,bench,2
320,250,2015,starter,14
320,250,2016,rotation,33
320,250,2017,starter,90
320,250,2018,rotation,88
320,250,2019,starter,95
320,250,2020,rotation,96
320,250,2021,starter,77
320,250,2022,starter,7
320,250,2023,starter,70
320,250,2024,rotation,84
172,251,2015,rotation,25
236,251,2016,starter,79
236,251,2017,starter,83
236,251,2018,starter,31
236,251,2019,rotation,67
236,251,2020,starter,18
158,251,2021,starter,24
82,251,2022,starter,53
82,251,2023,starter,49
82,251,2024,starter,92
333,252,2022,rotation,12
333,252,2023,starter,69
333,252,2024,starter,92
173,253,2017,rotation,70
173,253,2018,bench,32
173,253,2019,rotation,90
173,253,2020,bench,64
173,253,2021,rotation,41
173,253,2022,rotation,56
173,253,2023,rotation,26
173,253,2024,starter,85
328,254,2015,rotation,39
263,254,2016,bench,41
263,254,2017,bench,4
263,254,2018,starter,68
263,254,2019,starter,81
263,254,2020,rotation,29
263,254,2021,starter,79
263,254,2022,starter,29
263,254,2023,starter,96
263,254,2024,starter,20
344,255,2015,starter,94
344,255,2016,starter,19
344,255,2017,starter,6
344,255,2018,starter,57
10,255,2019,starter,59
10,255,2020,starter,82
10,255,2021,starter,88
10,255,2022,starter,21
10,255,2023,starter,19
319,256,2015,bench,27
319,256,2016,starter,98
319,256,2017,starter,42
316,256,2018,starter,88
316,256,2019,rotation,37
316,256,2020,rotation,50
316,256,2021,starter,53
316,256,2022,starter,82
2,256,2023,starter,67
2,256,2024,starter,15
184,257,2015,starter,77
184,257,2016,rotation,84
184,257,2017,bench,14
184,257,2018,starter,50
184,257,2019,rotation,40
184,257,2020,starter,23
184,257,2021,bench,93
184,257,2022,starter,17
184,257,2023,starter,6
184,257,2024,starter,7
16,258,2015,rotation,43
16,258,2016,starter,66
16,258,2017,rotation,57
16,258,2018,starter,34
16,258,2019,rotation,55
16,258,2020,starter,69
167,260,2015,rotation,12
167,260,2016,starter,47
167,260,2017,starter,2
85,260,2018,starter,1
85,260,2019,starter,79
85,260,2020,rotation,86
85,260,2021,starter,11
85,260,2022,bench,13
109,260,2023,starter,18
109,260,2024,starter,56
345,261,2015,starter,35
345,261,2016,starter,70
345,261,2017,starter,95
345,261,2018,starter,34
345,261,2019,starter,97
196,262,2015,rotation,83
196,262,2016,starter,33
286,262,2017,starter,59
286,262,2018,rotation,97
286,262,2019,starter,24
108,262,2020,rotation,82
108,262,2021,starter,5
108,262,2022,starter,4
108,262,2023,rotation,75
108,262,2024,rotation,66
373,263,2015,starter,37
373,263,2016,rotation,49
373,263,2017,rotation,46
373,263,2018,starter,71
373,263,2019,rotation,30
373,263,2020,rotation,48
373,263,2021,rotation,51
373,263,2022,starter,56
373,263,2023,starter,8
373,263,2024,bench,92
335,264,2019,starter,63
166,264,2020,starter,28
166,264,2021,starter,45
166,264,2022,rotation,11
196,264,2023,rotation,48
196,264,2024,starter,47
108,265,2019,starter,56
108,265,2020,starter,18
108,265,2021,starter,42
108,265,2022,starter,98
108,265,2023,starter,44
108,265,2024,starter,19
370,266,2015,starter,83
370,266,2016,starter,43
370,266,2017,starter,78
370,266,2018,starter,56
370,266,2019,starter,23
370,266,2020,starter,29
360,266,2021,rotation,44
248,266,2022,bench,21
248,266,2023,starter,29
248,266,2024,starter,19
264,267,2021,starter,25
264,267,2022,starter,16
264,267,2023,bench,93
264,267,2024,starter,59
170,268,2021,starter,5
170,268,2022,starter,34
170,268,2023,starter,23
170,268,2024,rotation,33
41,270,2015,starter,49
41,270,2016,starter,4
41,270,2017,starter,15
41,270,2018,starter,5
41,270,2019,bench,53
41,270,2020,bench,18
41,270,2021,rotation,78
378,270,2022,starter,7
378,270,2023,starter,41
378,270,2024,starter,7
195,271,2015,rotation,27
195,271,2016,bench,4
354,271,2017,rotation,70
354,271,2018,rotation,58
354,271,2019,rotation,48
354,271,2020,rotation,52
354,271,2021,starter,72
354,271,2022,starter,79
354,271,2023,starter,68
346,271,2024,starter,91
311,272,2016,bench,43
311,272,2017,bench,87
311,272,2018,starter,27
311,272,2019,bench,61
311,272,2020,rotation,16
311,272,2021,starter,78
311,272,2022,starter,87
375,272,2023,bench,53
375,272,2024,starter,21
179,274,2015,starter,19
179,274,2016,rotation,57
346,274,2017,bench,14
346,274,2018,rotation,50
346,274,2019,starter,69
346,274,2020,starter,21
346,274,2021,bench,4
238,274,2022,bench,70
238,274,2023,starter,56
238,274,2024,starter,96
355,275,2015,starter,2
352,275,2016,starter,66
352,275,2017,rotation,90
352,275,2018,starter,72
352,275,2019,rotation,1
352,275,2020,starter,14
242,275,2021,starter,19
242,275,2022,bench,58
242,275,2023,starter,7
242,275,2024,rotation,66
249,276,2023,rotation,47
196,276,2024,starter,64
77,279,2015,bench,86
77,279,2016,rotation,85
77,279,2017,rotation,73
77,279,2018,starter,78
77,279,2019,bench,10
77,279,2020,starter,46
77,279,2021,rotation,78
77,279,2022,starter,88
77,279,2023,starter,27
77,279,2024,starter,23
29,280,2020,rotation,91
204,280,2021,starter,66
204,280,2022,starter,47
204,280,2023,starter,42
204,280,2024,starter,47
379,281,2022,starter,31
379,281,2023,rotation,93
129,281,2024,bench,35
328,282,2017,starter,90
328,282,2018,starter,20
328,282,2019,starter,47
358,282,2020,starter,83
358,282,2021,starter,89
358,282,2022,starter,62
358,282,2023,rotation,74
358,282,2024,starter,1
66,283,2015,starter,19
66,283,2016,starter,45
66,283,2017,rotation,3
66,283,2018,rotation,40
66,283,2019,rotation,26
66,283,2020,starter,2
66,283,2021,starter,10
66,283,2022,starter,74
66,283,2023,starter,10
66,283,2024,starter,45
317,284,2015,starter,45
181,284,2016,starter,58
290,284,2017,rotation,97
290,284,2018,rotation,44
290,284,2019,rotation,20
290,284,2020,starter,88
290,284,2021,starter,14
290,284,2022,rotation,57
356,284,2023,rotation,89
356,284,2024,starter,8
279,285,2015,starter,71
279,285,2016,rotation,16
279,285,2017,starter,62
279,285,2018,bench,78
279,285,2019,starter,84
279,285,2020,starter,31
66,285,2021,starter,92
66,285,2022,starter,30
3,285,2023,starter,71
3,285,2024,starter,5
106,286,2018,bench,13
106,286,2019,starter,67
106,286,2020,starter,11
367,286,2021,bench,86
367,286,2022,starter,20
367,286,2023,starter,86
367,286,2024,bench,74
256,287,2015,starter,49
256,287,2016,starter,31
256,287,2017,rotation,35
256,287,2018,bench,93
256,287,2019,starter,62
256,287,2020,rotation,77
256,287,2021,rotation,32
256,287,2022,starter,67
256,287,2023,starter,50
256,287,2024,rotation,48
264,288,2015,rotation,64
264,288,2016,bench,28
264,288,2017,bench,67
324,288,2018,rotation,82
324,288,2019,bench,37
324,288,2020,bench,79
324,288,2021,starter,9
324,288,2022,rotation,88
324,288,2023,starter,10
324,288,2024,starter,90
8,289,2017,starter,28
8,289,2018,rotation,72
8,289,2019,starter,33
8,289,2020,starter,84
8,289,2021,bench,51
8,289,2022,starter,62
8,289,2023,starter,19
8,289,2024,rotation,40
152,290,2015,rotation,88
152,290,2016,bench,44
152,290,2017,bench,65
152,290,2018,starter,71
152,290,2019,starter,77
152,290,2020,bench,13
152,290,2021,starter,28
255,290,2022,starter,36
255,290,2023,starter,44
124,292,2019,starter,42
124,292,2020,rotation,18
124,292,2021,starter,45
350,292,2022,starter,51
350,292,2023,starter,33
350,292,2024,starter,42
369,293,2019,rotation,45
369,293,2020,starter,44
369,293,2021,bench,98
369,293,2022,starter,72
369,293,2023,starter,69
369,293,2024,starter,80
183,294,2015,bench,55
183,294,2016,bench,79
183,294,2017,starter,11
183,294,2018,starter,72
183,294,2019,starter,47
183,294,2020,rotation,15
183,294,2021,starter,74
183,294,2022,starter,3
183,294,2023,bench,82
183,294,2024,bench,36
29,295,2018,starter,49
29,295,2019,bench,20
29,295,2020,starter,19
29,295,2021,starter,43
29,295,2022,bench,18
29,295,2023,bench,24
29,295,2024,starter,11
279,296,2015,starter,95
279,296,2016,rotation,98
279,296,2017,starter,84
188,296,2018,starter,9
188,296,2019,rotation,72
188,296,2020,starter,53
12,296,2021,rotation,93
12,296,2022,rotation,43
12,296,2023,starter,85
12,296,2024,starter,23
189,297,2020,bench,33
189,297,2021,bench,28
189,297,2022,starter,67
189,297,2023,starter,60
189,297,2024,rotation,37
322,298,2016,rotation,82
322,298,2017,starter,39
322,298,2018,starter,13
53,298,2019,starter,54
53,298,2020,starter,74
53,298,2021,starter,42
53,298,2022,rotation,12
53,298,2023,rotation,15
53,298,2024,starter,89
120,299,2015,starter,8
120,299,2016,rotation,79
138,299,2017,starter,66
138,299,2018,bench,54
138,299,2019,starter,70
138,299,2020,bench,2
138,299,2021,starter,69
138,299,2022,bench,85
138,299,2023,starter,83
138,299,2024,starter,16
111,300,2015,starter,8
111,300,2016,rotation,5
111,300,2017,rotation,93
143,300,2018,rotation,31
143,300,2019,starter,25
143,300,2020,bench,21
143,300,2021,starter,82
143,300,2022,rotation,94
341,301,2018,starter,87
367,301,2019,starter,80
367,301,2020,rotation,57
367,301,2021,rotation,62
367,301,2022,starter,14
367,301,2023,bench,98
367,301,2024,starter,12
112,302,2024,rotation,31
312,303,2015,starter,12
312,303,2016,rotation,29
312,303,2017,starter,39
312,303,2018,starter,68
153,303,2019,starter,78
153,303,2020,bench,88
153,303,2021,starter,98
197,303,2022,starter,77
197,303,2023,starter,89
197,303,2024,starter,64
319,304,2016,starter,90
319,304,2017,rotation,35
319,304,2018,starter,47
319,304,2019,starter,96
319,304,2020,starter,62
331,304,2021,rotation,18
331,304,2022,starter,19
331,304,2023,starter,46
331,304,2024,starter,5
317,305,2015,rotation,98
317,305,2016,rotation,26
317,305,2017,rotation,4
317,305,2018,rotation,76
317,305,2019,starter,61
317,305,2020,starter,51
317,305,2021,starter,4
317,305,2022,rotation,55
317,305,2023,starter,75
317,305,2024,rotation,15
236,306,2016,starter,45
236,306,2017,rotation,17
371,306,2018,starter,50
371,306,2019,rotation,89
371,306,2020,starter,12
371,306,2021,rotation,90
371,306,2022,bench,5
371,306,2023,starter,71
371,306,2024,rotation,87
218,307,2015,starter,67
218,307,2016,rotation,49
218,307,2017,starter,31
218,307,2018,starter,41
218,307,2019,starter,8
218,307,2020,rotation,1
218,307,2021,starter,78
218,307,2022,starter,72
297,308,2024,bench,63
305,309,2017,starter,47
305,309,2018,rotation,32
305,309,2019,starter,41
305,309,2020,bench,32
305,309,2021,starter,32
305,309,2022,starter,13
305,309,2023,starter,28
305,309,2024,starter,33
298,310,2015,bench,84
298,310,2016,rotation,29
298,310,2017,bench,25
298,310,2018,starter,54
298,310,2019,starter,96
298,310,2020,starter,96
298,310,2021,bench,98
298,310,2022,bench,98
212,310,2023,rotation,30
212,310,2024,rotation,15
276,312,2015,starter,22
276,312,2016,starter,62
276,312,2017,bench,1
275,312,2018,starter,72
275,312,2019,bench,26
275,312,2020,starter,5
275,312,2021,starter,94
275,312,2022,starter,41
275,312,2023,rotation,25
8,312,2024,starter,74
55,313,2024,starter,16
30,315,2022,starter,62
30,315,2023,starter,94
30,315,2024,rotation,12
323,316,2015,starter,97
323,316,2016,starter,90
323,316,2017,rotation,61
323,316,2018,starter,54
77,316,2019,bench,46
77,316,2020,starter,35
77,316,2021,starter,48
77,316,2022,starter,11
77,316,2023,starter,54
77,316,2024,rotation,40
201,317,2023,starter,42
201,317,2024,starter,78
334,318,2021,bench,32
334,318,2022,starter,79
334,318,2023,starter,50
334,318,2024,starter,9
362,319,2021,bench,15
362,319,2022,starter,84
362,319,2023,starter,27
362,319,2024,starter,93
88,320,2015,starter,60
88,320,2016,rotation,9
88,320,2017,rotation,87
88,320,2018,starter,69
88,320,2019,rotation,34
88,320,2020,starter,95
188,320,2021,starter,50
188,320,2022,starter,70
188,320,2023,rotation,11
188,320,2024,rotation,71
335,321,2015,starter,14
335,321,2016,starter,12
335,321,2017,starter,26
335,321,2018,bench,2
335,321,2019,rotation,4
247,321,2020,starter,51
247,321,2021,rotation,78
247,321,2022,starter,19
247,321,2023,rotation,79
328,322,2024,rotation,13
258,323,2015,rotation,53
346,323,2016,starter,54
346,323,2017,starter,19
346,323,2018,bench,4
346,323,2019,bench,51
346,323,2020,starter,74
346,323,2021,rotation,29
374,323,2022,bench,72
285,323,2023,starter,66
285,323,2024,rotation,34
165,324,2015,starter,67
165,324,2016,bench,75
165,324,2017,starter,9
165,324,2018,rotation,39
362,324,2019,starter,62
362,324,2020,bench,89
362,324,2021,starter,67
362,324,2022,rotation,31
362,324,2023,bench,90
362,324,2024,starter,96
376,325,2015,rotation,68
376,325,2016,starter,69
376,325,2017,starter,37
376,325,2018,starter,20
376,325,2019,starter,45
376,325,2020,starter,8
376,325,2021,rotation,40
376,325,2022,bench,79
376,325,2023,rotation,13
342,326,2015,starter,35
342,326,2016,starter,79
342,326,2017,starter,3
342,326,2018,starter,14
342,326,2019,starter,5
316,326,2020,starter,43
316,326,2021,starter,37
332,326,2022,rotation,22
332,326,2023,starter,31
76,326,2024,starter,44
207,327,2015,rotation,20
207,327,2016,rotation,47
207,327,2017,rotation,79
207,327,2018,starter,78
207,327,2019,starter,63
207,327,2020,starter,89
207,327,2021,starter,12
207,327,2022,starter,74
267,327,2023,starter,60
267,327,2024,starter,54
206,329,2015,starter,14
206,329,2016,starter,18
206,329,2017,starter,77
345,329,2018,bench,17
345,329,2019,starter,66
345,329,2020,starter,48
345,329,2021,starter,1
345,329,2022,starter,3
345,329,2023,bench,8
300,330,2015,rotation,54
300,330,2016,starter,23
300,330,2017,rotation,49
300,330,2018,starter,51
300,330,2019,starter,81
300,330,2020,bench,91
300,330,2021,starter,25
300,330,2022,starter,87
300,330,2023,starter,95
314,331,2015,bench,9
314,331,2016,starter,47
314,331,2017,bench,55
314,331,2018,rotation,31
314,331,2019,starter,28
314,331,2020,starter,87
314,331,2021,starter,91
314,331,2022,rotation,54
314,331,2023,starter,9
314,331,2024,rotation,55
332,332,2024,rotation,53
251,334,2024,bench,40
86,335,2022,starter,83
86,335,2023,starter,95
86,335,2024,rotation,67
376,336,2015,rotation,77
376,336,2016,rotation,2
207,336,2017,rotation,64
81,336,2018,starter,85
81,336,2019,starter,35
81,336,2020,rotation,75
81,336,2021,starter,77
81,336,2022,starter,65
81,336,2023,starter,15
194,336,2024,rotation,66
22,337,2015,bench,9
79,337,2016,starter,80
79,337,2017,rotation,19
295,337,2018,rotation,30
295,337,2019,bench,58
295,337,2020,rotation,52
357,337,2021,rotation,59
357,337,2022,starter,82
357,337,2023,rotation,88
84,338,2015,bench,48
84,338,2016,bench,1
84,338,2017,rotation,78
84,338,2018,bench,43
84,338,2019,starter,47
84,338,2020,starter,91
84,338,2021,starter,89
84,338,2022,starter,84
84,338,2023,starter,89
84,338,2024,rotation,8
155,339,2016,rotation,94
155,339,2017,starter,53
155,339,2018,starter,9
155,339,2019,bench,11
155,339,2020,bench,88
155,339,2021,starter,50
155,339,2022,starter,65
155,339,2023,starter,97
246,339,2024,starter,22
341,340,2015,starter,72
341,340,2016,starter,91
261,340,2017,rotation,12
261,340,2018,rotation,65
261,340,2019,starter,91
261,340,2020,starter,96
261,340,2021,starter,27
261,340,2022,rotation,24
261,340,2023,starter,40
261,340,2024,starter,61
269,341,2015,bench,35
339,341,2016,rotation,19
339,341,2017,bench,69
339,341,2018,starter,40
339,341,2019,bench,36
339,341,2020,rotation,59
339,341,2021,rotation,86
339,341,2022,starter,65
339,341,2023,rotation,46
339,341,2024,bench,19
334,342,2015,rotation,18
334,342,2016,starter,47
334,342,2017,starter,61
334,342,2018,starter,35
334,342,2019,bench,45
334,342,2020,bench,18
334,342,2021,starter,95
249,342,2022,bench,75
249,342,2023,bench,91
368,342,2024,starter,89
77,343,2017,starter,71
77,343,2018,starter,19
75,343,2019,starter,46
75,343,2020,starter,97
75,343,2021,starter,62
75,343,2022,rotation,54
75,343,2023,starter,73
318,343,2024,starter,90
375,344,2019,starter,84
375,344,2020,bench,57
375,344,2021,starter,78
375,344,2022,starter,7
375,344,2023,rotation,67
375,344,2024,bench,48
218,345,2015,rotation,40
218,345,2016,starter,33
218,345,2017,bench,94
218,345,2018,rotation,1
218,345,2019,starter,17
218,345,2020,starter,34
218,345,2021,starter,4
218,345,2022,bench,73
218,345,2023,starter,90
218,345,2024,starter,26
252,346,2015,starter,69
115,346,2016,bench,39
115,346,2017,starter,84
115,346,2018,starter,22
115,346,2019,rotation,13
115,346,2020,starter,44
115,346,2021,rotation,12
115,346,2022,rotation,43
115,346,2023,starter,69
115,346,2024,starter,81
353,347,2015,starter,88
353,347,2016,bench,20
353,347,2017,rotation,62
355,347,2018,bench,28
355,347,2019,starter,66
355,347,2020,rotation,60
65,347,2021,starter,3
65,347,2022,bench,78
65,347,2023,bench,28
65,347,2024,bench,13
51,348,2017,starter,45
375,348,2018,starter,54
375,348,2019,starter,73
375,348,2020,starter,43
375,348,2021,starter,3
375,348,2022,starter,8
375,348,2023,starter,93
375,348,2024,rotation,25
301,349,2021,starter,28
301,349,2022,bench,23
301,349,2023,starter,10
301,349,2024,rotation,33
375,350,2015,rotation,2
375,350,2016,starter,43
375,350,2017,starter,91
375,350,2018,starter,62
211,350,2019,bench,70
211,350,2020,starter,1
211,350,2021,starter,26
54,351,2022,rotation,64
54,351,2023,rotation,94
54,351,2024,starter,1
134,352,2017,starter,74
134,352,2018,starter,98
134,352,2019,rotation,40
298,352,2020,rotation,21
298,352,2021,rotation,1
298,352,2022,bench,36
298,352,2023,starter,48
205,352,2024,starter,66
344,353,2015,starter,55
344,353,2016,starter,95
344,353,2017,rotation,36
347,353,2018,starter,94
175,353,2019,rotation,72
175,353,2020,rotation,80
175,353,2021,bench,34
175,353,2022,rotation,93
175,353,2023,starter,7
175,353,2024,starter,86
161,354,2015,starter,98
161,354,2016,starter,3
161,354,2017,rotation,49
161,354,2018,bench,34
161,354,2019,starter,5
161,354,2020,starter,82
161,354,2021,starter,5
161,354,2022,starter,20
228,355,2015,rotation,61
228,355,2016,starter,26
228,355,2017,starter,42
228,355,2018,starter,40
205,355,2019,rotation,94
205,355,2020,starter,55
205,355,2021,starter,18
205,355,2022,starter,39
205,355,2023,starter,44
205,355,2024,rotation,97
315,356,2015,bench,72
315,356,2016,bench,48
315,356,2017,starter,61
315,356,2018,starter,41
315,356,2019,bench,48
315,356,2020,bench,57
315,356,2021,starter,76
315,356,2022,starter,8
315,356,2023,rotation,60
315,356,2024,starter,18
258,357,2023,rotation,30
258,357,2024,starter,21
358,358,2017,starter,78
358,358,2018,starter,32
358,358,2019,starter,78
358,358,2020,starter,63
358,358,2021,starter,69
358,358,2022,bench,8
358,358,2023,starter,78
68,358,2024,rotation,10
219,359,2018,bench,30
219,359,2019,bench,68
219,359,2020,bench,79
219,359,2021,bench,93
219,359,2022,starter,93
219,359,2023,bench,16
369,359,2024,rotation,63
348,360,2016,starter,23
348,360,2017,starter,76
348,360,2018,rotation,63
348,360,2019,starter,35
348,360,2020,starter,88
348,360,2021,rotation,84
348,360,2022,starter,42
348,360,2023,starter,20
348,360,2024,bench,66
120,361,2015,starter,44
210,361,2016,bench,19
210,361,2017,rotation,41
210,361,2018,starter,70
210,361,2019,bench,41
210,361,2020,starter,47
210,361,2021,rotation,28
210,361,2022,bench,69
372,361,2023,bench,87
372,361,2024,starter,72
104,362,2015,starter,14
104,362,2016,starter,92
104,362,2017,rotation,18
104,362,2018,bench,67
104,362,2019,starter,68
104,362,2020,rotation,80
104,362,2021,rotation,59
376,362,2022,rotation,83
376,362,2023,starter,88
376,362,2024,rotation,17
359,363,2015,starter,60
359,363,2016,starter,14
359,363,2017,starter,57
359,363,2018,starter,96
359,363,2019,starter,39
359,363,2020,starter,20
75,363,2021,starter,44
168,363,2022,starter,21
168,363,2023,bench,30
168,363,2024,bench,19
141,364,2015,bench,46
141,364,2016,rotation,15
141,364,2017,starter,64
127,364,2018,starter,42
127,364,2019,bench,59
127,364,2020,rotation,21
46,364,2021,bench,67
48,366,2015,starter,15
362,366,2016,starter,20
362,366,2017,starter,38
362,366,2018,rotation,60
362,366,2019,starter,13
241,366,2020,rotation,43
241,366,2021,rotation,27
241,366,2022,starter,19
241,366,2023,starter,53
241,366,2024,starter,48
97,367,2015,bench,82
97,367,2016,rotation,12
97,367,2017,starter,84
97,367,2018,rotation,52
97,367,2019,rotation,66
193,367,2020,rotation,52
193,367,2021,bench,25
193,367,2022,rotation,59
193,367,2023,starter,81
228,367,2024,starter,48
107,369,2024,bench,57
336,370,2015,bench,65
336,370,2016,rotation,69
336,370,2017,starter,69
336,370,2018,starter,41
319,370,2019,bench,80
319,370,2020,starter,23
319,370,2021,starter,33
319,370,2022,starter,82
319,370,2023,starter,3
319,370,2024,starter,49
262,372,2015,starter,30
130,372,2016,bench,91
130,372,2017,rotation,91
130,372,2018,starter,68
130,372,2019,starter,61
130,372,2020,rotation,88
130,372,2021,starter,80
130,372,2022,starter,63
130,372,2023,starter,70
130,372,2024,starter,41
361,373,2015,rotation,26
217,373,2016,starter,18
217,373,2017,starter,50
217,373,2018,starter,52
217,373,2019,bench,89
217,373,2020,starter,1
217,373,2021,starter,83
376,374,2015,rotation,68
376,374,2016,rotation,7
376,374,2017,rotation,98
376,374,2018,rotation,82
376,374,2019,rotation,30
376,374,2020,bench,1
376,374,2021,starter,32
376,374,2022,starter,23
376,374,2023,starter,85
202,375,2015,starter,70
202,375,2016,starter,68
202,375,2017,starter,90
202,375,2018,starter,14
202,375,2019,rotation,27
322,375,2020,starter,51
322,375,2021,starter,18
322,375,2022,starter,72
322,375,2023,rotation,62
322,375,2024,rotation,32
362,376,2015,starter,53
362,376,2016,rotation,80
362,376,2017,bench,77
362,376,2018,starter,68
362,376,2019,starter,8
362,376,2020,starter,76
362,376,2021,starter,75
271,376,2022,rotation,85
241,376,2023,starter,22
241,376,2024,rotation,2
378,378,2017,rotation,2
15,378,2018,bench,28
15,378,2019,rotation,50
276,378,2020,rotation,72
276,378,2021,starter,9
276,378,2022,starter,6
338,378,2023,rotation,22
338,378,2024,starter,19
97,379,2015,starter,66
97,379,2016,bench,85
97,379,2017,starter,42
97,379,2018,starter,85
97,379,2019,starter,63
97,379,2020,starter,64
97,379,2021,starter,40
97,379,2022,bench,79
97,379,2023,starter,51
97,379,2024,starter,32
313,380,2015,bench,38
313,380,2016,bench,27
313,380,2017,starter,21
313,380,2018,rotation,23
313,380,2019,starter,33
313,380,2020,starter,10
313,380,2021,starter,4
313,380,2022,starter,5
313,380,2023,starter,1
313,380,2024,rotation,14
175,381,2015,starter,98
175,381,2016,starter,58
175,381,2017,starter,14
175,381,2018,starter,41
175,381,2019,bench,89
175,381,2020,starter,1
175,381,2021,bench,27
175,381,2022,starter,62
175,381,2023,bench,25
175,381,2024,starter,5
78,382,2017,starter,50
78,382,2018,rotation,85
78,382,2019,bench,39
78,382,2020,rotation,81
106,382,2021,bench,18
55,382,2022,starter,39
358,382,2023,bench,84
358,382,2024,rotation,3
350,383,2015,starter,28
350,383,2016,starter,6
350,383,2017,starter,69
350,383,2018,starter,81
251,383,2019,starter,27
251,383,2020,rotation,88
251,383,2021,rotation,76
251,383,2022,starter,46
251,383,2023,starter,31
251,383,2024,bench,7
316,384,2020,starter,81
316,384,2021,starter,3
113,384,2022,starter,7
113,384,2023,starter,67
113,384,2024,bench,88
242,385,2020,starter,4
242,385,2021,starter,58
242,385,2022,starter,9
242,385,2023,starter,25
242,385,2024,bench,54
229,386,2015,starter,6
229,386,2016,starter,88
78,386,2017,starter,92
78,386,2018,starter,18
332,386,2019,starter,1
332,386,2020,bench,24
332,386,2021,starter,34
330,386,2022,starter,71
330,386,2023,starter,34
330,386,2024,starter,8
104,387,2021,bench,90
104,387,2022,bench,70
104,387,2023,starter,53
104,387,2024,starter,79
189,389,2023,rotation,67
189,389,2024,starter,59
276,390,2024,rotation,78
348,391,2017,rotation,91
348,391,2018,starter,92
348,391,2019,rotation,43
348,391,2020,starter,27
106,391,2021,starter,16
106,391,2022,rotation,35
106,391,2023,starter,20
106,391,2024,bench,69
186,392,2015,starter,25
186,392,2016,starter,9
186,392,2017,rotation,50
186,392,2018,rotation,19
186,392,2019,starter,5
186,392,2020,rotation,80
186,392,2021,starter,15
167,392,2022,starter,94
57,392,2023,starter,47
57,392,2024,starter,32
370,393,2015,starter,34
208,393,2016,rotation,29
208,393,2017,starter,35
208,393,2018,starter,31
208,393,2019,bench,71
208,393,2020,rotation,66
208,393,2021,starter,73
69,394,2015,starter,15
69,394,2016,rotation,77
69,394,2017,starter,42
69,394,2018,bench,36
69,394,2019,rotation,56
69,394,2020,bench,77
69,394,2021,starter,55
69,394,2022,rotation,73
69,394,2023,starter,73
69,394,2024,starter,34
170,395,2015,starter,78
170,395,2016,starter,30
170,395,2017,starter,95
170,395,2018,rotation,1
170,395,2019,starter,21
278,395,2020,starter,81
278,395,2021,starter,97
278,395,2022,starter,65
278,395,2023,starter,98
278,395,2024,rotation,11
230,396,2015,bench,17
230,396,2016,bench,8
230,396,2017,starter,86
212,396,2018,starter,46
212,396,2019,starter,65
251,396,2020,rotation,12
251,396,2021,rotation,14
251,396,2022,starter,90
8,396,2023,rotation,48
8,396,2024,rotation,28
36,397,2015,starter,19
36,397,2016,starter,89
36,397,2017,starter,35
36,397,2018,bench,55
36,397,2019,starter,38
36,397,2020,starter,42
36,397,2021,starter,1
36,397,2022,starter,94
36,397,2023,starter,22
283,399,2015,bench,9
283,399,2016,starter,19
283,399,2017,starter,32
283,399,2018,starter,97
283,399,2019,starter,14
283,399,2020,bench,15
283,399,2021,bench,4
283,399,2022,bench,8
283,399,2023,starter,21
283,399,2024,starter,90
161,400,2018,bench,69
161,400,2019,starter,26
161,400,2020,starter,86
161,400,2021,bench,62
161,400,2022,bench,93
161,400,2023,starter,34
161,400,2024,starter,55
123,401,2015,starter,52
123,401,2016,starter,43
123,401,2017,starter,17
123,401,2018,starter,74
360,401,2019,starter,51
360,401,2020,starter,49
360,401,2021,starter,36
360,401,2022,starter,79
360,401,2023,starter,80
360,401,2024,rotation,83
198,403,2022,starter,61
198,403,2023,starter,56
198,403,2024,starter,53
290,404,2015,starter,32
290,404,2016,starter,62
290,404,2017,rotation,47
290,404,2018,starter,39
290,404,2019,starter,43
290,404,2020,starter,71
290,404,2021,rotation,38
290,404,2022,starter,90
312,405,2018,rotation,29
312,405,2019,starter,82
312,405,2020,starter,33
312,405,2021,starter,5
312,405,2022,starter,88
312,405,2023,starter,82
312,405,2024,starter,92
368,406,2016,rotation,19
368,406,2017,starter,33
368,406,2018,rotation,40
69,406,2019,starter,35
69,406,2020,bench,21
69,406,2021,starter,50
69,406,2022,starter,38
69,406,2023,starter,65
69,406,2024,rotation,17
205,407,2020,starter,12
205,407,2021,starter,61
205,407,2022,bench,4
205,407,2023,rotation,61
205,407,2024,starter,67
375,409,2017,starter,13
375,409,2018,starter,85
375,409,2019,bench,12
375,409,2020,starter,66
375,409,2021,rotation,40
320,409,2022,starter,52
320,409,2023,starter,73
320,409,2024,starter,39
307,410,2020,rotation,32
307,410,2021,rotation,58
307,410,2022,starter,22
307,410,2023,rotation,77
307,410,2024,starter,85
197,411,2017,bench,23
197,411,2018,bench,5
197,411,2019,starter,57
197,411,2020,starter,71
197,411,2021,starter,51
80,411,2022,starter,70
80,411,2023,rotation,20
80,411,2024,starter,10
275,412,2015,bench,33
275,412,2016,bench,18
275,412,2017,rotation,50
275,412,2018,rotation,16
275,412,2019,rotation,92
275,412,2020,starter,67
275,412,2021,starter,40
275,412,2022,rotation,52
275,412,2023,starter,35
275,412,2024,starter,49
87,413,2015,rotation,67
87,413,2016,starter,62
87,413,2017,starter,17
87,413,2018,rotation,81
87,413,2019,starter,75
87,413,2020,starter,66
87,413,2021,starter,95
87,413,2022,starter,84
133,414,2015,rotation,35
133,414,2016,rotation,21
154,414,2017,bench,64
95,414,2018,rotation,32
95,414,2019,rotation,46
95,414,2020,starter,71
95,414,2021,starter,24
95,414,2022,rotation,65
95,414,2023,starter,84
95,414,2024,starter,43
344,415,2019,bench,45
344,415,2020,rotation,59
344,415,2021,rotation,15
344,415,2022,bench,74
107,415,2023,rotation,89
107,415,2024,starter,84
296,416,2019,rotation,58
296,416,2020,starter,66
296,416,2021,rotation,90
296,416,2022,starter,72
296,416,2023,starter,52
304,416,2024,rotation,65
203,419,2023,starter,65
35,419,2024,starter,16
360,420,2015,rotation,21
360,420,2016,starter,40
360,420,2017,starter,20
360,420,2018,bench,79
360,420,2019,starter,3
112,420,2020,rotation,19
112,420,2021,bench,85
112,420,2022,starter,97
112,420,2023,starter,29
112,420,2024,starter,84
155,422,2015,starter,58
155,422,2016,starter,86
155,422,2017,starter,64
155,422,2018,starter,4
155,422,2019,starter,56
155,422,2020,starter,57
155,422,2021,rotation,50
115,422,2022,bench,17
115,422,2023,starter,97
115,422,2024,starter,36
160,424,2015,starter,75
160,424,2016,starter,81
160,424,2017,starter,24
160,424,2018,rotation,52
160,424,2019,rotation,45
293,424,2020,starter,67
293,424,2021,rotation,31
293,424,2022,rotation,88
157,424,2023,starter,44
157,424,2024,rotation,83
236,425,2015,bench,76
236,425,2016,starter,61
236,425,2017,starter,35
236,425,2018,starter,24
236,425,2019,rotation,41
236,425,2020,starter,59
236,425,2021,starter,49
236,425,2022,starter,97
236,425,2023,starter,81
236,425,2024,starter,45
147,426,2017,starter,72
97,426,2018,rotation,39
97,426,2019,starter,43
97,426,2020,starter,55
97,426,2021,starter,36
97,426,2022,rotation,91
97,426,2023,starter,25
97,426,2024,starter,70
255,427,2015,rotation,72
255,427,2016,starter,66
173,427,2017,starter,4
105,427,2018,starter,4
105,427,2019,starter,35
105,427,2020,starter,79
105,427,2021,starter,23
105,427,2022,bench,56
105,427,2023,starter,72
105,427,2024,starter,79
240,428,2015,bench,21
240,428,2016,rotation,49
240,428,2017,bench,67
240,428,2018,starter,9
240,428,2019,starter,50
240,428,2020,starter,67
240,428,2021,rotation,76
240,428,2022,rotation,72
302,429,2015,starter,28
208,429,2016,bench,91
113,429,2017,bench,35
113,429,2018,starter,72
113,429,2019,bench,22
113,429,2020,starter,93
113,429,2021,bench,88
113,429,2022,starter,25
113,429,2023,starter,94
113,429,2024,starter,16
186,431,2015,starter,34
186,431,2016,starter,65
111,431,2017,bench,92
111,431,2018,starter,92
111,431,2019,starter,26
111,431,2020,starter,20
111,431,2021,rotation,41
111,431,2022,starter,54
111,431,2023,starter,56
111,431,2024,bench,89
368,432,2015,rotation,31
368,432,2016,rotation,62
203,432,2017,starter,6
170,432,2018,starter,89
170,432,2019,rotation,98
350,432,2020,starter,75
350,432,2021,rotation,22
350,432,2022,bench,24
24,433,2015,starter,28
24,433,2016,starter,58
24,433,2017,starter,49
24,433,2018,starter,52
24,433,2019,starter,40
24,433,2020,bench,74
24,433,2021,rotation,26
24,433,2022,starter,77
24,433,2023,bench,10
24,433,2024,starter,45
328,434,2021,rotation,41
328,434,2022,starter,84
328,434,2023,starter,15
328,434,2024,starter,62
374,435,2015,rotation,79
374,435,2016,bench,30
374,435,2017,starter,31
374,435,2018,starter,31
374,435,2019,starter,4
374,435,2020,starter,24
374,435,2021,starter,78
100,435,2022,starter,62
100,435,2023,bench,21
100,435,2024,starter,97
113,436,2021,starter,54
113,436,2022,bench,57
113,436,2023,starter,27
113,436,2024,starter,45
20,437,2023,starter,66
20,437,2024,rotation,55
279,439,2015,rotation,15
279,439,2016,rotation,54
329,439,2017,rotation,94
329,439,2018,starter,82
329,439,2019,starter,54
329,439,2020,starter,31
329,439,2021,rotation,31
329,439,2022,starter,44
363,439,2023,starter,5
363,439,2024,bench,48
299,442,2015,bench,21
367,442,2016,starter,92
367,442,2017,bench,51
367,442,2018,starter,3
367,442,2019,starter,10
367,442,2020,rotation,95
367,442,2021,starter,98
367,442,2022,starter,96
367,442,2023,starter,65
367,442,2024,starter,81
339,443,2016,rotation,28
339,443,2017,starter,46
339,443,2018,starter,58
339,443,2019,starter,43
339,443,2020,starter,82
339,443,2021,starter,1
339,443,2022,starter,66
339,443,2023,rotation,89
339,443,2024,bench,27
233,444,2015,starter,40
233,444,2016,starter,83
233,444,2017,rotation,11
80,444,2018,starter,64
219,444,2019,rotation,33
219,444,2020,bench,26
219,444,2021,starter,52
172,444,2022,rotation,66
172,444,2023,starter,46
172,444,2024,rotation,85
72,447,2019,rotation,79
72,447,2020,starter,72
72,447,2021,starter,10
72,447,2022,starter,53
72,447,2023,bench,58
72,447,2024,starter,16
99,449,2015,starter,96
99,449,2016,bench,81
99,449,2017,starter,61
99,449,2018,starter,89
99,449,2019,starter,91
99,449,2020,starter,86
99,449,2021,starter,49
99,449,2022,bench,24
99,449,2023,starter,42
99,449,2024,bench,35
125,450,2023,starter,48
125,450,2024,rotation,69
43,452,2015,starter,40
43,452,2016,rotation,19
43,452,2017,starter,37
43,452,2018,starter,95
43,452,2019,rotation,1
43,452,2020,starter,50
43,452,2021,starter,86
43,452,2022,rotation,35
43,452,2023,rotation,47
43,452,2024,starter,43
297,453,2023,starter,80
297,453,2024,starter,38
192,454,2023,starter,28
192,454,2024,starter,86
239,455,2015,rotation,51
239,455,2016,rotation,37
239,455,2017,rotation,92
239,455,2018,rotation,22
70,455,2019,starter,49
70,455,2020,starter,95
70,455,2021,starter,94
70,455,2022,starter,41
70,455,2023,rotation,28
70,455,2024,bench,24
47,456,2015,rotation,13
47,456,2016,starter,18
34,456,2017,starter,94
373,456,2018,starter,96
373,456,2019,rotation,3
350,456,2020,bench,36
350,456,2021,starter,1
350,456,2022,rotation,28
230,458,2015,starter,85
230,458,2016,rotation,42
230,458,2017,starter,37
230,458,2018,starter,23
230,458,2019,bench,23
230,458,2020,rotation,70
230,458,2021,starter,93
230,458,2022,starter,72
230,458,2023,rotation,47
230,458,2024,starter,8
257,460,2018,rotation,62
184,460,2019,rotation,28
184,460,2020,starter,5
184,460,2021,starter,64
363,460,2022,rotation,86
363,460,2023,starter,10
272,460,2024,rotation,75
356,461,2015,rotation,97
356,461,2016,starter,8
356,461,2017,starter,98
356,461,2018,rotation,86
356,461,2019,starter,1
356,461,2020,rotation,69
356,461,2021,rotation,35
356,461,2022,starter,11
356,461,2023,starter,86
356,461,2024,starter,32
186,462,2023,rotation,85
186,462,2024,rotation,28
354,463,2016,starter,84
343,463,2017,bench,1
117,463,2018,bench,5
117,463,2019,starter,87
297,463,2020,starter,64
297,463,2021,rotation,85
297,463,2022,bench,86
297,463,2023,starter,18
297,463,2024,starter,98
141,464,2015,starter,76
141,464,2016,starter,17
141,464,2017,bench,37
6,464,2018,rotation,20
6,464,2019,starter,31
6,464,2020,starter,35
6,464,2021,starter,83
191,465,2024,rotation,93
259,466,2021,starter,70
259,466,2022,starter,11
259,466,2023,starter,13
259,466,2024,bench,48
348,467,2023,bench,36
348,467,2024,starter,25
212,468,2018,starter,51
212,468,2019,rotation,2
162,468,2020,starter,31
162,468,2021,bench,18
162,468,2022,starter,4
162,468,2023,starter,11
162,468,2024,starter,17
346,469,2015,starter,89
346,469,2016,starter,58
346,469,2017,starter,19
346,469,2018,rotation,48
346,469,2019,starter,54
346,469,2020,rotation,10
285,469,2021,starter,69
285,469,2022,starter,17
285,469,2023,starter,84
285,469,2024,rotation,32
209,470,2015,starter,41
209,470,2016,starter,15
209,470,2017,starter,82
209,470,2018,starter,8
209,470,2019,starter,89
313,470,2020,starter,17
313,470,2021,starter,47
313,470,2022,rotation,66
313,470,2023,starter,79
134,470,2024,rotation,66
256,472,2015,starter,91
256,472,2016,starter,12
298,472,2017,starter,83
298,472,2018,starter,31
298,472,2019,rotation,14
298,472,2020,bench,10
298,472,2021,rotation,66
298,472,2022,rotation,94
298,472,2023,bench,62
298,472,2024,rotation,58
62,473,2015,rotation,42
62,473,2016,starter,6
62,473,2017,rotation,93
62,473,2018,starter,88
62,473,2019,rotation,95
62,473,2020,starter,27
62,473,2021,starter,38
62,473,2022,starter,42
62,473,2023,starter,83
62,473,2024,rotation,22
97,474,2015,rotation,21
97,474,2016,starter,97
97,474,2017,starter,79
97,474,2018,bench,39
97,474,2019,rotation,23
97,474,2020,bench,7
97,474,2021,starter,55
97,474,2022,bench,79
97,474,2023,starter,46
166,475,2020,rotation,98
166,475,2021,rotation,50
166,475,2022,starter,47
166,475,2023,rotation,46
166,475,2024,starter,27
374,476,2015,rotation,83
374,476,2016,starter,47
374,476,2017,starter,28
374,476,2018,starter,15
78,476,2019,starter,66
78,476,2020,starter,55
78,476,2021,starter,40
78,476,2022,rotation,4
329,477,2019,starter,3
329,477,2020,starter,4
329,477,2021,rotation,28
329,477,2022,starter,30
329,477,2023,starter,53
329,477,2024,starter,67
120,478,2015,rotation,10
120,478,2016,bench,97
120,478,2017,starter,71
350,478,2018,starter,92
350,478,2019,starter,63
350,478,2020,rotation,11
350,478,2021,starter,21
350,478,2022,rotation,37
350,478,2023,rotation,53
350,478,2024,starter,8
320,479,2021,starter,36
320,479,2022,rotation,23
320,479,2023,rotation,90
320,479,2024,starter,21
352,480,2015,rotation,17
352,480,2016,starter,70
352,480,2017,starter,60
352,480,2018,bench,83
352,480,2019,starter,54
352,480,2020,rotation,28
352,480,2021,rotation,66
352,480,2022,rotation,32
352,480,2023,bench,46
352,480,2024,starter,88
323,481,2015,rotation,70
202,481,2016,starter,72
202,481,2017,starter,96
202,481,2018,rotation,44
202,481,2019,rotation,49
202,481,2020,starter,13
202,481,2021,starter,59
184,481,2022,starter,49
184,481,2023,bench,15
184,481,2024,rotation,49
315,482,2015,starter,21
330,482,2016,rotation,32
330,482,2017,starter,27
330,482,2018,starter,42
8,482,2019,starter,1
8,482,2020,starter,1
8,482,2021,starter,74
8,482,2022,bench,30
8,482,2023,starter,50
8,482,2024,starter,2
128,483,2015,rotation,76
128,483,2016,bench,86
128,483,2017,bench,86
128,483,2018,starter,6
128,483,2019,bench,80
128,483,2020,bench,75
328,483,2021,starter,30
328,483,2022,starter,52
328,483,2023,starter,3
328,483,2024,starter,50
324,484,2015,starter,50
324,484,2016,bench,44
324,484,2017,starter,14
324,484,2018,rotation,53
324,484,2019,starter,97
324,484,2020,starter,10
324,484,2021,bench,83
324,484,2022,starter,52
324,484,2023,rotation,91
324,484,2024,starter,82
297,486,2016,starter,75
297,486,2017,starter,22
297,486,2018,bench,25
297,486,2019,rotation,89
297,486,2020,rotation,1
297,486,2021,rotation,14
336,486,2022,starter,88
336,486,2023,starter,27
336,486,2024,rotation,12
357,487,2015,starter,8
357,487,2016,starter,29
357,487,2017,starter,64
357,487,2018,starter,20
357,487,2019,starter,62
357,487,2020,rotation,85
357,487,2021,rotation,1
357,487,2022,starter,40
357,487,2023,starter,10
357,487,2024,starter,65
164,488,2022,bench,88
164,488,2023,starter,11
164,488,2024,starter,67
156,489,2019,starter,20
156,489,2020,starter,78
156,489,2021,starter,37
156,489,2022,starter,19
156,489,2023,starter,23
242,489,2024,bench,42
185,490,2023,starter,9
185,490,2024,starter,91
113,491,2018,bench,79
113,491,2019,rotation,48
113,491,2020,starter,88
113,491,2021,bench,21
113,491,2022,rotation,91
113,491,2023,starter,35
15,491,2024,starter,50
310,492,2015,starter,59
310,492,2016,starter,15
310,492,2017,starter,41
310,492,2018,bench,64
310,492,2019,starter,13
310,492,2020,bench,12
310,492,2021,starter,10
310,492,2022,starter,40
310,492,2023,starter,29
310,492,2024,starter,44
102,493,2021,bench,85
102,493,2022,starter,53
102,493,2023,starter,93
102,493,2024,rotation,66
104,494,2015,starter,37
104,494,2016,bench,93
104,494,2017,bench,20
104,494,2018,starter,92
104,494,2019,starter,86
104,494,2020,starter,27
104,494,2021,starter,35
104,494,2022,starter,47
104,494,2023,starter,97
236,495,2015,starter,9
236,495,2016,starter,75
236,495,2017,starter,14
236,495,2018,bench,49
236,495,2019,rotation,8
236,495,2020,starter,44
236,495,2021,rotation,74
236,495,2022,starter,65
236,495,2023,rotation,33
236,495,2024,starter,33
247,496,2021,bench,7
247,496,2022,starter,91
247,496,2023,starter,69
247,496,2024,rotation,12
354,498,2015,starter,98
354,498,2016,starter,40
354,498,2017,starter,35
245,498,2018,starter,6
245,498,2019,starter,19
245,498,2020,starter,73
245,498,2021,starter,74
205,499,2015,rotation,40
205,499,2016,starter,47
205,499,2017,starter,83
205,499,2018,starter,85
205,499,2019,rotation,57
205,499,2020,starter,50
205,499,2021,bench,31
205,499,2022,starter,6
205,499,2023,starter,31
205,499,2024,rotation,44
230,500,2015,rotation,57
230,500,2016,rotation,11
230,500,2017,starter,62
230,500,2018,starter,75
245,500,2019,starter,78
245,500,2020,starter,61
245,500,2021,starter,12
245,500,2022,rotation,75
245,500,2023,rotation,88
245,500,2024,starter,76
228,501,2019,rotation,74
228,501,2020,rotation,35
228,501,2021,bench,59
228,501,2022,rotation,25
228,501,2023,starter,26
228,501,2024,starter,12
316,502,2024,starter,3
37,503,2016,starter,60
37,503,2017,rotation,42
37,503,2018,starter,66
37,503,2019,starter,11
37,503,2020,rotation,29
37,503,2021,starter,76
353,503,2022,starter,7
234,503,2023,starter,40
234,503,2024,starter,93
260,504,2021,rotation,1
260,504,2022,starter,41
260,504,2023,bench,98
260,504,2024,rotation,76
221,505,2019,starter,15
221,505,2020,rotation,63
221,505,2021,bench,48
221,505,2022,starter,75
221,505,2023,starter,81
221,505,2024,bench,17
346,507,2015,starter,48
346,507,2016,rotation,19
346,507,2017,starter,90
346,507,2018,starter,35
346,507,2019,starter,33
346,507,2020,starter,8
346,507,2021,starter,65
346,507,2022,starter,52
346,507,2023,starter,10
346,507,2024,starter,74
108,508,2019,starter,9
108,508,2020,starter,12
108,508,2021,starter,5
108,508,2022,starter,74
108,508,2023,starter,27
108,508,2024,starter,87
178,509,2019,starter,55
291,509,2020,rotation,64
291,509,2021,starter,54
291,509,2022,starter,22
291,509,2023,starter,43
291,509,2024,starter,34
167,511,2015,starter,39
167,511,2016,starter,79
167,511,2017,starter,32
167,511,2018,bench,82
167,511,2019,bench,3
167,511,2020,starter,34
167,511,2021,rotation,75
167,511,2022,starter,18
167,511,2023,starter,5
167,511,2024,starter,53
125,512,2015,rotation,65
125,512,2016,rotation,81
125,512,2017,starter,8
125,512,2018,starter,21
125,512,2019,starter,11
290,512,2020,starter,25
290,512,2021,starter,75
290,512,2022,starter,23
290,512,2023,bench,69
290,512,2024,starter,92
230,514,2015,starter,94
230,514,2016,starter,31
230,514,2017,bench,69
230,514,2018,starter,10
230,514,2019,starter,63
230,514,2020,rotation,72
230,514,2021,starter,61
230,514,2022,starter,5
230,514,2023,starter,15
230,514,2024,starter,17
351,515,2015,starter,75
351,515,2016,starter,64
351,515,2017,rotation,38
351,515,2018,starter,24
351,515,2019,starter,40
348,515,2020,starter,50
348,515,2021,starter,62
348,515,2022,starter,37
348,515,2023,starter,65
348,515,2024,rotation,98
356,517,2015,starter,13
356,517,2016,starter,78
350,517,2017,starter,69
350,517,2018,starter,73
350,517,2019,rotation,69
314,518,2015,starter,87
314,518,2016,starter,21
314,518,2017,rotation,90
314,518,2018,starter,95
314,518,2019,bench,45
314,518,2020,bench,8
314,518,2021,starter,26
314,518,2022,rotation,78
314,518,2023,rotation,42
314,518,2024,bench,97
300,519,2021,starter,52
300,519,2022,rotation,30
300,519,2023,bench,90
300,519,2024,starter,87
300,520,2017,rotation,35
300,520,2018,bench,85
300,520,2019,starter,54
300,520,2020,starter,98
300,520,2021,rotation,8
300,520,2022,bench,71
300,520,2023,rotation,5
300,520,2024,rotation,57
271,521,2015,starter,12
126,521,2016,rotation,61
126,521,2017,bench,71
126,521,2018,rotation,91
126,521,2019,bench,15
126,521,2020,bench,47
126,521,2021,starter,84
126,521,2022,starter,78
126,521,2023,bench,22
126,521,2024,starter,50
282,522,2020,starter,53
282,522,2021,starter,21
95,522,2022,starter,31
95,522,2023,starter,1
95,522,2024,rotation,25
134,524,2017,starter,19
134,524,2018,bench,26
134,524,2019,starter,38
134,524,2020,bench,94
134,524,2021,starter,68
134,524,2022,rotation,56
134,524,2023,starter,19
134,524,2024,starter,14
352,525,2015,starter,16
352,525,2016,starter,42
352,525,2017,bench,29
352,525,2018,rotation,91
352,525,2019,rotation,34
352,525,2020,rotation,50
69,526,2015,starter,12
69,526,2016,rotation,10
69,526,2017,rotation,58
69,526,2018,starter,4
69,526,2019,rotation,95
69,526,2020,starter,47
69,526,2021,starter,95
69,526,2022,starter,32
69,526,2023,starter,51
69,526,2024,rotation,67
346,527,2015,starter,43
321,527,2016,rotation,33
321,527,2017,starter,62
321,527,2018,rotation,96
321,527,2019,starter,11
321,527,2020,starter,95
321,527,2021,starter,82
321,527,2022,rotation,62
321,527,2023,starter,30
321,527,2024,starter,12
298,528,2015,bench,96
298,528,2016,bench,15
332,528,2017,bench,96
332,528,2018,rotation,46
332,528,2019,starter,51
332,528,2020,starter,5
332,528,2021,starter,58
303,531,2015,starter,86
303,531,2016,rotation,71
240,531,2017,rotation,19
240,531,2018,starter,31
240,531,2019,rotation,86
240,531,2020,rotation,79
346,531,2021,starter,47
133,531,2022,starter,17
133,531,2023,bench,42
313,532,2021,starter,10
313,532,2022,rotation,3
313,532,2023,starter,53
313,532,2024,starter,69
173,533,2023,rotation,29
173,533,2024,starter,70
364,534,2016,rotation,63
364,534,2017,starter,26
364,534,2018,starter,3
364,534,2019,starter,55
364,534,2020,starter,21
364,534,2021,starter,13
311,534,2022,starter,13
311,534,2023,starter,41
311,534,2024,starter,77
216,535,2016,starter,65
216,535,2017,bench,33
216,535,2018,rotation,23
216,535,2019,starter,35
19,535,2020,starter,78
19,535,2021,bench,79
19,535,2022,starter,96
19,535,2023,starter,16
19,535,2024,starter,23
370,536,2017,starter,7
370,536,2018,rotation,32
332,536,2019,rotation,24
301,536,2020,starter,32
301,536,2021,bench,47
301,536,2022,rotation,93
301,536,2023,starter,98
301,536,2024,starter,39
286,537,2022,starter,51
286,537,2023,starter,6
286,537,2024,starter,21
162,539,2020,starter,85
162,539,2021,rotation,51
162,539,2022,starter,63
162,539,2023,starter,14
162,539,2024,starter,25
297,540,2020,rotation,68
297,540,2021,starter,12
297,540,2022,starter,51
327,540,2023,starter,72
327,540,2024,rotation,94
64,541,2022,starter,36
64,541,2023,starter,61
64,541,2024,starter,94
298,542,2015,starter,20
298,542,2016,rotation,9
298,542,2017,rotation,18
298,542,2018,starter,90
298,542,2019,starter,40
298,542,2020,rotation,55
298,542,2021,bench,51
298,542,2022,starter,78
298,542,2023,rotation,30
298,542,2024,bench,21
180,543,2015,bench,36
180,543,2016,starter,11
180,543,2017,starter,51
180,543,2018,starter,41
180,543,2019,starter,64
180,543,2020,bench,36
180,543,2021,rotation,14
248,544,2018,rotation,31
248,544,2019,bench,94
248,544,2020,starter,45
248,544,2021,rotation,94
149,544,2022,rotation,91
149,544,2023,bench,7
149,544,2024,starter,3
114,545,2015,bench,44
233,545,2016,starter,18
233,545,2017,bench,75
233,545,2018,starter,66
233,545,2019,rotation,29
201,545,2020,starter,97
201,545,2021,starter,49
201,545,2022,rotation,94
201,545,2023,rotation,48
159,545,2024,starter,43
356,546,2015,rotation,59
264,546,2016,bench,20
264,546,2017,starter,56
264,546,2018,rotation,43
106,546,2019,starter,86
106,546,2020,starter,45
106,546,2021,bench,53
106,546,2022,bench,81
106,546,2023,starter,28
106,546,2024,starter,62
356,548,2022,starter,78
356,548,2023,rotation,71
356,548,2024,rotation,84
359,549,2015,starter,49
359,549,2016,bench,89
359,549,2017,starter,3
359,549,2018,rotation,61
359,549,2019,starter,73
359,549,2020,starter,64
320,549,2021,starter,60
320,549,2022,rotation,49
320,549,2023,starter,2
320,549,2024,bench,67
132,550,2015,starter,40
132,550,2016,starter,8
132,550,2017,starter,4
132,550,2018,rotation,42
132,550,2019,bench,40
132,550,2020,starter,44
132,550,2021,rotation,63
206,551,2019,starter,24
206,551,2020,starter,90
12,551,2021,starter,46
12,551,2022,rotation,65
12,551,2023,rotation,21
12,551,2024,starter,60
250,552,2015,rotation,51
250,552,2016,rotation,41
250,552,2017,starter,39
250,552,2018,rotation,30
250,552,2019,starter,40
250,552,2020,starter,86
250,552,2021,starter,44
250,552,2022,rotation,64
250,552,2023,starter,78
250,552,2024,starter,1
156,553,2018,starter,43
156,553,2019,starter,68
156,553,2020,rotation,50
156,553,2021,starter,17
156,553,2022,starter,71
156,553,2023,starter,19
156,553,2024,starter,89
234,554,2024,starter,42
217,555,2015,rotation,53
217,555,2016,starter,60
217,555,2017,bench,87
217,555,2018,starter,85
217,555,2019,starter,68
217,555,2020,bench,58
217,555,2021,starter,6
217,555,2022,starter,6
283,556,2022,starter,39
259,556,2023,starter,91
259,556,2024,bench,98
241,557,2015,starter,68
241,557,2016,bench,81
241,557,2017,rotation,81
241,557,2018,rotation,92
241,557,2019,bench,83
241,557,2020,starter,39
241,557,2021,rotation,28
241,557,2022,starter,45
241,557,2023,starter,26
241,557,2024,starter,16
29,559,2015,rotation,21
29,559,2016,starter,2
29,559,2017,rotation,56
29,559,2018,rotation,54
29,559,2019,starter,68
206,559,2020,starter,42
206,559,2021,starter,30
206,559,2022,starter,69
206,559,2023,starter,64
206,559,2024,starter,89
343,560,2015,starter,19
343,560,2016,rotation,92
343,560,2017,rotation,77
220,560,2018,starter,91
220,560,2019,rotation,76
220,560,2020,starter,68
220,560,2021,starter,49
220,560,2022,starter,83
220,560,2023,starter,21
220,560,2024,bench,56
375,561,2015,starter,3
375,561,2016,bench,53
375,561,2017,starter,92
375,561,2018,starter,2
375,561,2019,starter,67
362,561,2020,starter,13
362,561,2021,starter,55
362,561,2022,bench,83
362,561,2023,starter,90
362,561,2024,starter,13
321,563,2015,starter,97
321,563,2016,starter,10
321,563,2017,starter,46
321,563,2018,starter,88
321,563,2019,rotation,14
321,563,2020,rotation,39
290,564,2015,rotation,47
290,564,2016,starter,40
290,564,2017,rotation,11
5,564,2018,bench,18
5,564,2019,starter,26
5,564,2020,bench,48
5,564,2021,bench,39
5,564,2022,starter,58
5,564,2023,bench,92
5,564,2024,rotation,15
238,565,2015,rotation,33
238,565,2016,starter,52
238,565,2017,starter,86
238,565,2018,rotation,89
2,565,2019,starter,14
2,565,2020,starter,77
2,565,2021,rotation,95
2,565,2022,bench,46
2,565,2023,starter,79
2,565,2024,starter,5
175,567,2015,starter,48
337,567,2016,starter,2
266,567,2017,rotation,82
266,567,2018,starter,77
266,567,2019,rotation,62
266,567,2020,bench,55
266,567,2021,bench,70
266,567,2022,rotation,20
266,567,2023,starter,43
266,567,2024,starter,3
376,568,2020,rotation,70
376,568,2021,bench,16
376,568,2022,rotation,67
376,568,2023,starter,85
376,568,2024,starter,85
304,571,2015,rotation,13
304,571,2016,starter,49
304,571,2017,starter,1
304,571,2018,starter,48
82,571,2019,starter,55
258,571,2020,rotation,5
258,571,2021,rotation,24
258,571,2022,starter,95
258,571,2023,starter,6
258,571,2024,starter,17
297,573,2023,bench,30
297,573,2024,starter,23
343,574,2022,starter,44
343,574,2023,starter,65
343,574,2024,starter,92
122,575,2020,starter,25
122,575,2021,bench,96
122,575,2022,starter,9
122,575,2023,rotation,52
122,575,2024,rotation,32
147,577,2015,starter,17
147,577,2016,starter,83
147,577,2017,rotation,44
206,577,2018,starter,82
206,577,2019,rotation,75
206,577,2020,starter,86
206,577,2021,bench,86
206,577,2022,rotation,1
206,577,2023,starter,61
206,577,2024,bench,28
308,579,2015,starter,76
308,579,2016,starter,16
308,579,2017,rotation,84
128,579,2018,rotation,73
128,579,2019,starter,27
128,579,2020,starter,66
128,579,2021,rotation,88
128,579,2022,rotation,45
128,579,2023,rotation,16
128,579,2024,starter,15
74,580,2018,starter,85
74,580,2019,rotation,50
74,580,2020,starter,8
74,580,2021,starter,6
74,580,2022,starter,63
74,580,2023,bench,2
74,580,2024,rotation,17
203,581,2017,starter,68
41,581,2018,starter,12
41,581,2019,starter,67
41,581,2020,rotation,41
41,581,2021,starter,86
245,581,2022,rotation,64
245,581,2023,starter,13
245,581,2024,starter,67
102,582,2015,starter,48
102,582,2016,bench,9
102,582,2017,starter,94
102,582,2018,bench,25
102,582,2019,starter,30
65,584,2018,starter,2
65,584,2019,bench,79
65,584,2020,rotation,76
65,584,2021,bench,26
65,584,2022,rotation,38
151,584,2023,starter,38
151,584,2024,rotation,7
36,585,2021,starter,70
36,585,2022,bench,56
36,585,2023,starter,6
70,585,2024,starter,16
285,586,2020,rotation,39
285,586,2021,starter,36
285,586,2022,starter,63
285,586,2023,bench,17
285,586,2024,rotation,7
103,587,2023,rotation,43
103,587,2024,starter,80
254,588,2015,starter,83
254,588,2016,bench,72
254,588,2017,starter,98
254,588,2018,rotation,85
254,588,2019,rotation,41
254,588,2020,starter,8
254,588,2021,rotation,75
254,588,2022,starter,56
254,588,2023,starter,93
254,588,2024,bench,35
293,589,2015,starter,26
293,589,2016,starter,51
347,589,2017,bench,47
347,589,2018,starter,47
347,589,2019,rotation,28
293,590,2015,starter,8
293,590,2016,starter,57
293,590,2017,starter,97
293,590,2018,starter,8
293,590,2019,starter,44
293,590,2020,bench,95
293,590,2021,bench,47
293,590,2022,starter,16
293,590,2023,starter,84
380,591,2015,bench,52
380,591,2016,rotation,56
380,591,2017,starter,58
380,591,2018,starter,72
380,591,2019,starter,56
380,591,2020,starter,14
380,591,2021,rotation,37
380,591,2022,starter,25
380,591,2023,starter,39
380,591,2024,starter,43
259,592,2015,starter,53
259,592,2016,starter,50
259,592,2017,starter,14
259,592,2018,starter,16
259,592,2019,bench,62
259,592,2020,starter,64
259,592,2021,starter,59
259,592,2022,starter,65
344,593,2022,starter,23
344,593,2023,starter,9
344,593,2024,starter,51
325,594,2015,rotation,81
325,594,2016,starter,90
325,594,2017,bench,86
325,594,2018,starter,74
325,594,2019,rotation,36
325,594,2020,rotation,51
325,594,2021,starter,34
325,594,2022,bench,35
325,594,2023,starter,81
325,594,2024,starter,89
236,595,2015,starter,35
236,595,2016,starter,50
236,595,2017,rotation,10
236,595,2018,bench,81
236,595,2019,rotation,60
236,595,2020,bench,2
236,595,2021,starter,63
156,595,2022,starter,38
156,595,2023,bench,17
156,595,2024,starter,69
231,596,2015,starter,32
231,596,2016,starter,51
231,596,2017,starter,72
231,596,2018,rotation,90
231,596,2019,starter,84
231,596,2020,starter,75
231,596,2021,bench,70
231,596,2022,starter,42
231,596,2023,rotation,47
231,596,2024,starter,26
288,597,2018,starter,27
288,597,2019,bench,66
176,597,2020,starter,82
176,597,2021,starter,54
225,597,2022,rotation,34
225,597,2023,bench,11
225,597,2024,starter,80
366,598,2018,starter,7
366,598,2019,starter,53
366,598,2020,rotation,79
366,598,2021,starter,56
366,598,2022,starter,81
366,598,2023,starter,32
366,598,2024,bench,43
152,599,2015,starter,49
152,599,2016,bench,71
152,599,2017,rotation,9
152,599,2018,starter,22
152,599,2019,starter,60
152,599,2020,starter,64
152,599,2021,rotation,23
152,599,2022,rotation,44
152,599,2023,starter,6
152,599,2024,starter,17
233,600,2021,rotation,13
233,600,2022,starter,90
233,600,2023,starter,65
314,600,2024,starter,45
320,601,2015,bench,90
320,601,2016,starter,10
320,601,2017,starter,13
320,601,2018,rotation,95
320,601,2019,rotation,9
281,601,2020,starter,76
281,601,2021,bench,89
281,601,2022,starter,61
281,601,2023,bench,10
281,601,2024,rotation,66
91,602,2015,bench,65
91,602,2016,bench,21
91,602,2017,starter,6
91,602,2018,rotation,43
91,602,2019,starter,45
91,602,2020,starter,67
286,602,2021,starter,88
286,602,2022,starter,78
286,602,2023,starter,62
286,602,2024,starter,69
80,605,2020,rotation,21
80,605,2021,starter,54
80,605,2022,starter,68
80,605,2023,starter,43
80,605,2024,bench,3
116,606,2016,bench,4
116,606,2017,rotation,97
116,606,2018,bench,47
116,606,2019,rotation,43
116,606,2020,starter,10
116,606,2021,starter,28
116,606,2022,starter,39
116,606,2023,starter,97
116,606,2024,rotation,2
371,607,2022,rotation,66
371,607,2023,starter,80
371,607,2024,rotation,38
193,608,2015,starter,79
193,608,2016,rotation,15
193,608,2017,rotation,20
193,608,2018,bench,73
193,608,2019,starter,20
193,608,2020,starter,42
193,608,2021,starter,13
193,608,2022,bench,88
193,608,2023,rotation,21
193,608,2024,starter,40
158,609,2015,rotation,58
158,609,2016,bench,5
158,609,2017,bench,19
158,609,2018,bench,18
158,609,2019,starter,38
158,609,2020,starter,52
158,609,2021,bench,71
276,610,2017,starter,20
276,610,2018,rotation,93
276,610,2019,starter,70
276,610,2020,starter,65
276,610,2021,starter,1
276,610,2022,starter,79
276,610,2023,starter,73
276,610,2024,starter,45
44,611,2015,rotation,35
44,611,2016,rotation,36
44,611,2017,rotation,12
44,611,2018,starter,66
44,611,2019,starter,86
44,611,2020,starter,3
44,611,2021,starter,18
44,611,2022,rotation,27
305,611,2023,rotation,27
305,611,2024,starter,82
3,612,2015,starter,67
3,612,2016,starter,43
3,612,2017,starter,87
3,612,2018,starter,89
3,612,2019,starter,94
3,612,2020,bench,48
3,612,2021,starter,38
3,612,2022,bench,56
3,612,2023,starter,91
3,612,2024,starter,70
155,614,2015,bench,90
155,614,2016,starter,40
155,614,2017,bench,61
284,614,2018,starter,24
284,614,2019,rotation,72
284,614,2020,rotation,79
284,614,2021,rotation,27
284,614,2022,starter,14
284,614,2023,starter,33
261,615,2018,starter,73
261,615,2019,rotation,65
261,615,2020,starter,60
261,615,2021,starter,13
261,615,2022,starter,13
261,615,2023,bench,56
261,615,2024,rotation,1
153,617,2019,rotation,24
153,617,2020,starter,23
153,617,2021,starter,32
153,617,2022,starter,64
153,617,2023,rotation,14
153,617,2024,bench,14
31,618,2015,starter,43
31,618,2016,bench,60
31,618,2017,starter,74
31,618,2018,starter,7
31,618,2019,rotation,36
31,618,2020,starter,6
31,618,2021,starter,51
31,618,2022,starter,91
31,618,2023,starter,59
31,618,2024,rotation,10
283,619,2022,bench,16
283,619,2023,rotation,17
283,619,2024,rotation,76
332,620,2015,rotation,40
332,620,2016,starter,83
332,620,2017,starter,44
332,620,2018,rotation,72
332,620,2019,rotation,2
332,620,2020,rotation,92
332,620,2021,rotation,66
332,620,2022,rotation,7
332,620,2023,starter,4
348,621,2016,starter,84
348,621,2017,starter,35
348,621,2018,starter,69
348,621,2019,starter,46
348,621,2020,starter,96
348,621,2021,bench,62
348,621,2022,starter,82
348,621,2023,starter,44
348,621,2024,bench,25
377,622,2015,starter,72
377,622,2016,starter,75
377,622,2017,starter,40
377,622,2018,starter,78
377,622,2019,starter,77
377,622,2020,bench,70
377,622,2021,starter,41
377,622,2022,starter,81
377,622,2023,rotation,61
377,622,2024,starter,35
15,623,2018,starter,64
15,623,2019,starter,19
15,623,2020,rotation,2
15,623,2021,rotation,37
15,623,2022,starter,26
15,623,2023,starter,97
15,623,2024,starter,31
187,624,2023,bench,42
187,624,2024,starter,83
116,625,2018,bench,52
116,625,2019,starter,80
116,625,2020,rotation,14
116,625,2021,starter,30
116,625,2022,starter,17
116,625,2023,starter,8
116,625,2024,bench,7
158,626,2015,starter,6
158,626,2016,rotation,57
158,626,2017,starter,92
218,626,2018,rotation,90
218,626,2019,bench,13
218,626,2020,starter,27
103,626,2021,starter,49
103,626,2022,starter,62
103,626,2023,starter,77
103,626,2024,rotation,44
179,627,2019,starter,23
179,627,2020,starter,35
179,627,2021,bench,9
179,627,2022,bench,79
152,627,2023,rotation,50
152,627,2024,starter,3
378,630,2018,starter,49
378,630,2019,bench,49
378,630,2020,bench,80
346,630,2021,starter,64
346,630,2022,rotation,81
346,630,2023,starter,25
346,630,2024,starter,88
205,632,2018,starter,81
205,632,2019,starter,71
330,632,2020,rotation,26
330,632,2021,starter,74
330,632,2022,rotation,47
379,632,2023,starter,90
379,632,2024,starter,89
107,633,2015,rotation,51
107,633,2016,bench,74
107,633,2017,starter,79
107,633,2018,starter,65
107,633,2019,starter,73
107,633,2020,starter,53
107,633,2021,rotation,24
107,633,2022,starter,53
107,633,2023,starter,74
107,633,2024,starter,24
310,634,2015,rotation,71
310,634,2016,starter,27
310,634,2017,starter,95
310,634,2018,starter,71
310,634,2019,starter,70
310,634,2020,bench,67
310,634,2021,rotation,49
310,634,2022,starter,44
169,635,2015,starter,70
169,635,2016,bench,43
169,635,2017,rotation,97
169,635,2018,bench,90
169,635,2019,starter,20
169,635,2020,bench,86
169,635,2021,rotation,30
169,635,2022,rotation,48
169,635,2023,bench,18
169,635,2024,rotation,81
105,636,2015,starter,21
105,636,2016,bench,27
105,636,2017,rotation,84
150,636,2018,rotation,21
150,636,2019,rotation,20
150,636,2020,rotation,48
150,636,2021,rotation,84
150,636,2022,starter,87
150,636,2023,bench,30
150,636,2024,starter,53
373,637,2015,rotation,42
373,637,2016,starter,40
373,637,2017,rotation,20
373,637,2018,starter,46
373,637,2019,starter,30
373,637,2020,starter,67
373,637,2021,bench,34
373,637,2022,rotation,38
373,637,2023,rotation,83
373,637,2024,starter,38
311,638,2015,rotation,74
311,638,2016,starter,19
311,638,2017,rotation,57
311,638,2018,rotation,90
311,638,2019,bench,38
311,638,2020,rotation,20
311,638,2021,starter,64
311,638,2022,rotation,56
311,638,2023,starter,87
311,638,2024,starter,45
29,639,2015,bench,54
29,639,2016,starter,29
29,639,2017,bench,98
29,639,2018,starter,96
29,639,2019,starter,30
29,639,2020,bench,5
29,639,2021,rotation,52
29,639,2022,bench,58
29,639,2023,rotation,20
29,639,2024,starter,62
202,640,2024,starter,89
111,641,2015,bench,11
111,641,2016,starter,85
111,641,2017,bench,26
335,641,2018,rotation,52
335,641,2019,rotation,54
99,643,2017,starter,57
99,643,2018,bench,9
99,643,2019,starter,14
99,643,2020,bench,98
99,643,2021,starter,9
99,643,2022,starter,94
99,643,2023,rotation,43
99,643,2024,starter,95
269,645,2015,rotation,91
269,645,2016,starter,87
269,645,2017,starter,66
269,645,2018,rotation,19
269,645,2019,starter,5
269,645,2020,rotation,53
362,645,2021,starter,53
362,645,2022,starter,81
362,645,2023,starter,4
362,645,2024,starter,68
282,646,2015,starter,45
282,646,2016,starter,61
282,646,2017,bench,79
282,646,2018,starter,14
202,646,2019,bench,86
202,646,2020,rotation,25
202,646,2021,bench,48
202,646,2022,bench,94
202,646,2023,starter,34
202,646,2024,starter,48
314,647,2016,starter,26
314,647,2017,rotation,38
314,647,2018,starter,66
314,647,2019,starter,82
314,647,2020,bench,83
314,647,2021,starter,48
314,647,2022,starter,45
168,647,2023,rotation,20
168,647,2024,starter,58
378,648,2015,starter,28
378,648,2016,rotation,47
378,648,2017,starter,50
378,648,2018,rotation,63
378,648,2019,starter,51
378,648,2020,starter,6
378,648,2021,starter,62
378,648,2022,starter,32
274,650,2015,starter,76
148,650,2016,starter,38
148,650,2017,starter,91
148,650,2018,bench,10
148,650,2019,starter,54
319,650,2020,starter,87
319,650,2021,starter,84
359,651,2021,starter,27
374,651,2022,bench,74
374,651,2023,rotation,68
374,651,2024,starter,32
225,652,2015,bench,23
225,652,2016,starter,32
225,652,2017,starter,64
225,652,2018,bench,96
225,652,2019,rotation,56
225,652,2020,bench,9
204,652,2021,bench,82
204,652,2022,rotation,77
204,652,2023,starter,53
380,652,2024,bench,61
312,653,2015,bench,4
312,653,2016,starter,6
312,653,2017,rotation,66
312,653,2018,starter,19
312,653,2019,bench,44
312,653,2020,rotation,91
312,653,2021,starter,64
312,653,2022,rotation,55
312,653,2023,starter,31
312,653,2024,starter,49
379,654,2015,starter,64
379,654,2016,starter,39
379,654,2017,starter,90
379,654,2018,bench,42
206,654,2019,rotation,23
206,654,2020,starter,34
206,654,2021,starter,66
206,654,2022,starter,3
206,654,2023,starter,38
206,654,2024,bench,76
273,655,2016,starter,97
273,655,2017,starter,12
273,655,2018,bench,75
273,655,2019,rotation,85
273,655,2020,bench,20
273,655,2021,starter,59
273,655,2022,starter,63
273,655,2023,rotation,9
273,655,2024,starter,54
374,656,2024,starter,39
147,657,2015,starter,12
147,657,2016,rotation,32
147,657,2017,rotation,16
147,657,2018,starter,71
147,657,2019,starter,54
147,657,2020,starter,38
147,657,2021,rotation,64
147,657,2022,starter,43
147,657,2023,rotation,78
25,658,2021,starter,72
246,658,2022,rotation,44
246,658,2023,rotation,13
364,658,2024,starter,41
109,659,2016,starter,71
109,659,2017,rotation,2
109,659,2018,starter,54
109,659,2019,starter,89
166,659,2020,starter,86
166,659,2021,starter,78
166,659,2022,starter,53
166,659,2023,rotation,5
166,659,2024,starter,74
104,660,2015,starter,5
104,660,2016,starter,9
104,660,2017,bench,34
104,660,2018,bench,84
309,660,2019,rotation,27
111,660,2020,bench,70
111,660,2021,bench,22
60,660,2022,starter,74
60,660,2023,starter,86
319,660,2024,bench,23
266,661,2024,rotation,94
292,662,2015,rotation,28
292,662,2016,rotation,68
292,662,2017,starter,69
292,662,2018,starter,60
292,662,2019,rotation,60
292,662,2020,starter,27
292,662,2021,starter,71
292,662,2022,starter,53
292,662,2023,starter,94
197,662,2024,rotation,80
363,663,2016,starter,20
363,663,2017,starter,80
179,663,2018,rotation,88
179,663,2019,starter,95
179,663,2020,rotation,61
362,663,2021,starter,54
362,663,2022,starter,43
362,663,2023,starter,11
362,663,2024,bench,31
115,664,2015,starter,18
115,664,2016,starter,78
115,664,2017,starter,36
115,664,2018,bench,6
115,664,2019,starter,73
115,664,2020,starter,1
226,664,2021,bench,45
226,664,2022,rotation,66
226,664,2023,rotation,6
226,664,2024,rotation,66
283,665,2021,rotation,84
283,665,2022,rotation,93
283,665,2023,rotation,67
283,665,2024,starter,6
111,666,2022,starter,42
111,666,2023,bench,93
230,666,2024,rotation,93
346,667,2015,starter,14
346,667,2016,starter,79
252,667,2017,rotation,26
252,667,2018,starter,62
340,667,2019,starter,25
340,667,2020,starter,77
340,667,2021,rotation,29
340,667,2022,starter,85
340,667,2023,starter,28
340,667,2024,rotation,85
224,668,2015,starter,82
224,668,2016,bench,45
224,668,2017,starter,43
224,668,2018,bench,97
70,668,2019,rotation,13
66,669,2015,starter,49
231,669,2016,starter,55
231,669,2017,starter,98
231,669,2018,starter,30
231,669,2019,starter,18
231,669,2020,starter,19
231,669,2021,rotation,81
231,669,2022,starter,44
231,669,2023,starter,21
231,669,2024,starter,47
85,670,2015,starter,13
85,670,2016,starter,50
221,670,2017,starter,4
221,670,2018,starter,78
221,670,2019,starter,35
221,670,2020,bench,42
221,670,2021,rotation,90
221,670,2022,rotation,48
221,670,2023,starter,71
221,670,2024,starter,59
129,671,2015,bench,69
129,671,2016,starter,21
129,671,2017,bench,88
129,671,2018,rotation,89
129,671,2019,starter,10
129,671,2020,starter,88
129,671,2021,starter,80
317,671,2022,rotation,20
317,671,2023,rotation,5
317,671,2024,starter,98
266,672,2015,rotation,31
266,672,2016,starter,26
266,672,2017,rotation,56
266,672,2018,bench,10
266,672,2019,starter,72
266,672,2020,starter,23
337,672,2021,rotation,20
337,672,2022,bench,33
337,672,2023,starter,52
337,672,2024,starter,42
378,673,2015,bench,85
348,673,2016,starter,8
348,673,2017,starter,63
348,673,2018,starter,41
348,673,2019,starter,35
348,673,2020,starter,73
348,673,2021,rotation,29
348,673,2022,starter,31
348,673,2023,bench,32
348,673,2024,starter,84
361,674,2019,rotation,98
361,674,2020,starter,46
361,674,2021,rotation,22
138,674,2022,starter,54
138,674,2023,bench,44
138,674,2024,starter,55
210,675,2015,starter,22
210,675,2016,starter,42
210,675,2017,rotation,39
210,675,2018,starter,64
210,675,2019,starter,58
289,675,2020,starter,25
289,675,2021,rotation,23
361,675,2022,starter,66
361,675,2023,starter,53
361,675,2024,rotation,21
366,676,2015,bench,59
106,676,2016,rotation,69
106,676,2017,rotation,6
106,676,2018,starter,94
106,676,2019,starter,68
106,676,2020,starter,92
336,676,2021,starter,22
336,676,2022,bench,27
336,676,2023,starter,19
336,676,2024,starter,46
270,677,2015,starter,55
270,677,2016,bench,67
270,677,2017,rotation,72
270,677,2018,starter,46
270,677,2019,starter,54
233,678,2015,starter,81
233,678,2016,starter,47
233,678,2017,rotation,50
233,678,2018,rotation,2
233,678,2019,starter,58
233,678,2020,starter,98
233,678,2021,starter,6
233,678,2022,rotation,7
233,678,2023,starter,18
233,678,2024,rotation,79
200,679,2015,starter,6
200,679,2016,starter,98
200,679,2017,rotation,36
200,679,2018,starter,74
250,679,2019,starter,95
189,679,2020,bench,54
189,679,2021,starter,46
189,679,2022,starter,30
189,679,2023,rotation,65
88,679,2024,rotation,60
302,681,2015,starter,76
302,681,2016,bench,46
302,681,2017,starter,53
302,681,2018,starter,60
380,681,2019,rotation,34
380,681,2020,starter,73
380,681,2021,rotation,64
380,681,2022,starter,41
380,681,2023,starter,77
380,681,2024,bench,32
283,682,2022,starter,12
283,682,2023,starter,3
283,682,2024,rotation,21
243,683,2016,starter,13
243,683,2017,starter,72
243,683,2018,starter,25
243,683,2019,starter,59
243,683,2020,rotation,54
243,683,2021,starter,71
243,683,2022,starter,98
243,683,2023,starter,38
243,683,2024,rotation,20
281,684,2015,starter,3
281,684,2016,starter,56
281,684,2017,rotation,69
281,684,2018,starter,33
281,684,2019,starter,25
281,684,2020,starter,53
86,684,2021,starter,42
153,685,2022,rotation,35
153,685,2023,starter,78
153,685,2024,starter,5
145,686,2015,starter,4
145,686,2016,starter,83
145,686,2017,rotation,81
145,686,2018,rotation,82
145,686,2019,starter,93
145,686,2020,starter,10
145,686,2021,rotation,23
145,686,2022,bench,45
145,686,2023,starter,25
145,686,2024,starter,86
204,687,2015,rotation,91
204,687,2016,starter,21
204,687,2017,starter,66
204,687,2018,bench,50
348,687,2019,starter,33
348,687,2020,starter,50
348,687,2021,starter,35
348,687,2022,rotation,31
348,687,2023,starter,1
311,688,2023,bench,36
311,688,2024,starter,95
242,689,2024,rotation,43
342,690,2017,rotation,80
342,690,2018,starter,70
342,690,2019,bench,63
342,690,2020,starter,4
342,690,2021,bench,74
342,690,2022,starter,84
342,690,2023,starter,33
342,690,2024,rotation,36
179,691,2015,rotation,83
179,691,2016,starter,47
275,691,2017,bench,21
246,691,2018,starter,74
360,691,2019,bench,44
188,691,2020,bench,83
188,691,2021,starter,82
188,691,2022,starter,62
188,691,2023,rotation,46
188,691,2024,starter,76
369,692,2015,starter,54
369,692,2016,starter,56
369,692,2017,starter,7
369,692,2018,starter,14
369,692,2019,starter,38
369,692,2020,rotation,77
369,692,2021,starter,80
358,693,2015,starter,25
358,693,2016,starter,90
358,693,2017,starter,97
358,693,2018,rotation,41
358,693,2019,rotation,10
358,693,2020,starter,65
358,693,2021,bench,12
358,693,2022,starter,90
358,693,2023,rotation,43
193,694,2015,starter,47
193,694,2016,starter,71
193,694,2017,bench,72
193,694,2018,starter,48
193,694,2019,starter,7
193,694,2020,starter,2
165,694,2021,starter,9
165,694,2022,starter,53
165,694,2023,starter,15
165,694,2024,bench,55
91,695,2018,starter,92
138,695,2019,starter,85
85,695,2020,rotation,96
85,695,2021,starter,45
85,695,2022,starter,87
85,695,2023,starter,86
85,695,2024,bench,75
25,696,2015,starter,13
25,696,2016,bench,2
25,696,2017,starter,12
25,696,2018,starter,38
25,696,2019,starter,60
25,696,2020,starter,56
290,696,2021,rotation,43
290,696,2022,starter,63
290,696,2023,rotation,19
290,696,2024,rotation,73
352,697,2018,bench,8
55,697,2019,bench,70
55,697,2020,starter,87
55,697,2021,starter,74
55,697,2022,starter,12
55,697,2023,rotation,60
55,697,2024,rotation,21
68,698,2023,starter,57
68,698,2024,starter,20
139,699,2015,starter,71
139,699,2016,starter,28
139,699,2017,bench,98
139,699,2018,starter,4
139,699,2019,starter,32
139,699,2020,rotation,29
139,699,2021,rotation,19
139,699,2022,starter,61
282,700,2015,starter,37
282,700,2016,starter,62
282,700,2017,bench,29
282,700,2018,starter,52
282,700,2019,starter,32
282,700,2020,starter,22
282,700,2021,bench,23
125,701,2015,starter,49
125,701,2016,rotation,56
125,701,2017,starter,89
125,701,2018,starter,81
125,701,2019,rotation,25
371,701,2020,starter,60
371,701,2021,starter,56
371,701,2022,starter,29
298,703,2015,starter,86
298,703,2016,starter,14
298,703,2017,rotation,44
298,703,2018,starter,17
298,703,2019,rotation,70
298,703,2020,starter,10
298,703,2021,starter,18
298,703,2022,starter,83
298,703,2023,starter,96
298,703,2024,starter,69
296,704,2024,starter,60
319,705,2022,bench,65
319,705,2023,starter,24
363,705,2024,starter,70
137,706,2018,starter,95
254,706,2019,starter,65
254,706,2020,bench,64
254,706,2021,starter,93
254,706,2022,rotation,83
254,706,2023,starter,2
254,706,2024,starter,28
41,707,2023,starter,82
41,707,2024,starter,40
231,708,2018,starter,50
231,708,2019,bench,15
231,708,2020,rotation,73
231,708,2021,starter,30
349,708,2022,starter,44
349,708,2023,starter,27
349,708,2024,starter,96
260,709,2015,starter,77
260,709,2016,rotation,28
260,709,2017,starter,15
260,709,2018,starter,74
260,709,2019,rotation,89
260,709,2020,starter,17
260,709,2021,starter,10
161,709,2022,bench,25
161,709,2023,starter,93
161,709,2024,rotation,43
380,710,2023,starter,45
380,710,2024,starter,84
28,711,2015,rotation,42
64,711,2016,rotation,8
64,711,2017,starter,89
64,711,2018,starter,18
64,711,2019,starter,80
64,711,2020,starter,68
64,711,2021,starter,77
64,711,2022,rotation,48
35,712,2015,rotation,35
35,712,2016,starter,24
35,712,2017,starter,6
35,712,2018,starter,20
35,712,2019,rotation,69
35,712,2020,rotation,86
35,712,2021,starter,47
35,712,2022,starter,45
320,713,2015,starter,60
320,713,2016,starter,82
320,713,2017,rotation,1
156,713,2018,starter,61
156,713,2019,starter,13
156,713,2020,starter,68
156,713,2021,starter,13
156,713,2022,starter,13
156,713,2023,rotation,50
156,713,2024,rotation,90
310,714,2015,starter,34
310,714,2016,bench,19
317,714,2017,bench,21
317,714,2018,starter,19
317,714,2019,rotation,26
317,714,2020,starter,27
317,714,2021,rotation,86
317,714,2022,rotation,82
184,714,2023,starter,22
184,714,2024,starter,37
308,715,2015,starter,33
308,715,2016,rotation,38
308,715,2017,bench,50
134,715,2018,starter,25
134,715,2019,starter,94
134,715,2020,starter,86
134,715,2021,starter,66
134,715,2022,bench,88
134,715,2023,rotation,87
134,715,2024,starter,72
326,716,2017,starter,95
326,716,2018,starter,38
78,716,2019,rotation,26
78,716,2020,rotation,54
78,716,2021,starter,19
78,716,2022,bench,98
78,716,2023,starter,11
78,716,2024,starter,54
230,717,2015,starter,52
230,717,2016,starter,33
230,717,2017,bench,80
230,717,2018,starter,67
230,717,2019,starter,36
230,717,2020,starter,45
230,717,2021,starter,1
230,717,2022,rotation,25
230,717,2023,starter,74
230,717,2024,rotation,28
64,719,2022,rotation,53
64,719,2023,starter,68
49,719,2024,rotation,66
363,720,2015,starter,51
254,720,2016,bench,59
254,720,2017,bench,85
254,720,2018,bench,17
254,720,2019,bench,57
254,720,2020,starter,41
254,720,2021,starter,84
254,720,2022,starter,48
254,720,2023,rotation,78
157,720,2024,starter,86
114,721,2015,rotation,2
114,721,2016,starter,48
114,721,2017,rotation,77
114,721,2018,starter,84
114,721,2019,rotation,83
114,721,2020,starter,55
114,721,2021,starter,70
181,722,2024,rotation,27
100,723,2015,starter,63
100,723,2016,rotation,8
100,723,2017,starter,49
100,723,2018,starter,9
100,723,2019,starter,14
100,723,2020,starter,21
100,723,2021,rotation,83
100,723,2022,rotation,97
100,723,2023,bench,22
100,723,2024,starter,47
264,724,2015,starter,71
264,724,2016,starter,63
264,724,2017,starter,42
264,724,2018,starter,33
264,724,2019,starter,48
264,724,2020,starter,25
264,724,2021,rotation,21
264,724,2022,starter,50
264,724,2023,starter,7
264,724,2024,starter,80
272,726,2015,starter,12
272,726,2016,starter,64
272,726,2017,starter,70
272,726,2018,rotation,23
272,726,2019,starter,95
272,726,2020,starter,62
272,726,2021,bench,62
272,726,2022,starter,19
272,726,2023,starter,11
135,727,2016,bench,41
135,727,2017,starter,63
135,727,2018,rotation,5
135,727,2019,rotation,69
135,727,2020,bench,14
337,727,2021,starter,44
337,727,2022,rotation,85
337,727,2023,starter,59
337,727,2024,rotation,79
34,728,2021,starter,60
34,728,2022,starter,11
34,728,2023,starter,81
34,728,2024,rotation,17
26,729,2015,starter,74
26,729,2016,starter,29
26,729,2017,rotation,87
26,729,2018,starter,19
26,729,2019,starter,84
145,730,2015,starter,36
145,730,2016,rotation,77
145,730,2017,bench,21
145,730,2018,starter,62
145,730,2019,starter,84
145,730,2020,bench,3
145,730,2021,bench,55
270,730,2022,rotation,47
270,730,2023,starter,55
270,730,2024,starter,74
65,731,2015,bench,10
65,731,2016,starter,67
65,731,2017,rotation,63
125,731,2018,starter,31
125,731,2019,bench,96
244,731,2020,rotation,89
244,731,2021,starter,80
244,731,2022,rotation,57
244,731,2023,bench,68
244,731,2024,bench,68
157,733,2023,starter,65
157,733,2024,rotation,78
210,734,2015,starter,62
210,734,2016,starter,86
210,734,2017,starter,88
210,734,2018,starter,77
210,734,2019,starter,14
210,734,2020,rotation,65
210,734,2021,starter,90
210,734,2022,starter,89
210,734,2023,starter,61
210,734,2024,starter,1
96,736,2018,rotation,30
96,736,2019,bench,64
96,736,2020,bench,27
96,736,2021,bench,38
96,736,2022,rotation,72
136,736,2023,starter,13
136,736,2024,rotation,5
220,738,2020,rotation,98
220,738,2021,starter,40
220,738,2022,starter,56
220,738,2023,starter,22
220,738,2024,bench,53
312,739,2015,starter,47
312,739,2016,starter,32
312,739,2017,starter,78
312,739,2018,starter,10
312,739,2019,bench,72
154,739,2020,starter,3
154,739,2021,starter,59
154,739,2022,starter,38
154,739,2023,rotation,74
154,739,2024,rotation,19
294,740,2015,starter,27
294,740,2016,starter,29
294,740,2017,starter,67
294,740,2018,starter,6
294,740,2019,starter,6
294,740,2020,rotation,89
294,740,2021,starter,38
294,740,2022,bench,50
110,741,2017,starter,94
110,741,2018,bench,5
110,741,2019,starter,50
110,741,2020,starter,10
110,741,2021,starter,85
110,741,2022,starter,14
110,741,2023,bench,27
110,741,2024,starter,24
303,742,2015,rotation,87
303,742,2016,starter,53
303,742,2017,bench,57
303,742,2018,bench,95
303,742,2019,starter,96
303,742,2020,rotation,96
303,742,2021,starter,33
303,742,2022,starter,94
303,742,2023,starter,48
303,742,2024,starter,66
363,743,2024,starter,87
255,744,2024,bench,74
25,745,2015,starter,80
25,745,2016,starter,77
25,745,2017,bench,92
25,745,2018,starter,23
25,745,2019,starter,50
25,745,2020,starter,71
25,745,2021,starter,20
25,745,2022,starter,41
245,746,2016,starter,65
222,746,2017,rotation,7
157,746,2018,starter,79
79,746,2019,starter,23
79,746,2020,rotation,77
79,746,2021,rotation,34
79,746,2022,rotation,81
79,746,2023,rotation,56
79,746,2024,rotation,64
364,747,2015,bench,59
364,747,2016,starter,4
326,747,2017,starter,76
326,747,2018,starter,89
326,747,2019,starter,28
326,747,2020,starter,44
326,747,2021,starter,59
326,747,2022,starter,25
326,747,2023,starter,81
244,747,2024,starter,95
189,748,2019,bench,69
189,748,2020,starter,14
189,748,2021,bench,28
189,748,2022,bench,6
189,748,2023,starter,23
189,748,2024,starter,78
212,750,2015,rotation,47
212,750,2016,rotation,21
212,750,2017,starter,55
212,750,2018,starter,1
212,750,2019,rotation,62
212,750,2020,starter,65
142,750,2021,bench,18
142,750,2022,starter,60
142,750,2023,starter,42
142,750,2024,starter,9
202,751,2015,starter,31
202,751,2016,starter,83
202,751,2017,starter,15
202,751,2018,rotation,77
202,751,2019,starter,91
202,751,2020,starter,9
202,751,2021,bench,57
202,751,2022,starter,82
202,751,2023,starter,50
202,751,2024,bench,4
266,752,2019,rotation,19
372,752,2020,starter,23
372,752,2021,starter,66
372,752,2022,starter,73
372,752,2023,starter,88
372,752,2024,starter,31
219,753,2015,starter,40
219,753,2016,bench,55
219,753,2017,rotation,86
219,753,2018,starter,75
219,753,2019,rotation,87
71,753,2020,starter,27
71,753,2021,starter,61
71,753,2022,rotation,83
71,753,2023,bench,35
71,753,2024,starter,20
126,754,2015,starter,29
126,754,2016,starter,59
139,754,2017,rotation,54
139,754,2018,starter,14
139,754,2019,starter,56
161,755,2024,rotation,95
159,756,2015,starter,97
159,756,2016,rotation,38
159,756,2017,starter,69
159,756,2018,bench,41
159,756,2019,rotation,69
159,756,2020,bench,21
159,756,2021,rotation,6
159,756,2022,starter,54
159,756,2023,starter,70
159,756,2024,bench,12
298,757,2015,starter,47
280,757,2016,starter,23
280,757,2017,rotation,28
280,757,2018,starter,8
280,757,2019,starter,3
280,757,2020,bench,34
280,757,2021,starter,58
280,757,2022,starter,19
280,757,2023,rotation,73
280,757,2024,starter,47
125,758,2021,starter,55
125,758,2022,starter,87
125,758,2023,rotation,5
125,758,2024,starter,64
363,759,2023,starter,25
363,759,2024,rotation,39
42,760,2015,starter,61
42,760,2016,starter,96
42,760,2017,bench,70
42,760,2018,rotation,56
42,760,2019,starter,11
42,760,2020,starter,75
42,760,2021,bench,77
42,760,2022,starter,85
42,760,2023,rotation,43
72,761,2015,rotation,53
72,761,2016,starter,84
72,761,2017,starter,90
72,761,2018,rotation,40
375,761,2019,bench,44
344,761,2020,bench,65
352,761,2021,starter,35
352,761,2022,rotation,32
352,761,2023,rotation,49
352,761,2024,rotation,27
356,762,2015,starter,70
356,762,2016,starter,60
356,762,2017,starter,76
356,762,2018,starter,72
356,762,2019,rotation,34
89,762,2020,starter,31
358,762,2021,starter,84
358,762,2022,starter,44
358,762,2023,starter,53
358,762,2024,rotation,85
163,763,2024,bench,20
273,765,2020,starter,1
273,765,2021,rotation,6
273,765,2022,bench,75
273,765,2023,starter,56
362,765,2024,starter,66
126,766,2015,starter,18
126,766,2016,rotation,91
126,766,2017,starter,52
126,766,2018,rotation,71
126,766,2019,starter,90
126,766,2020,rotation,20
126,766,2021,bench,67
126,766,2022,rotation,89
126,766,2023,starter,73
139,767,2015,rotation,55
139,767,2016,bench,63
139,767,2017,rotation,82
139,767,2018,starter,44
139,767,2019,starter,40
139,767,2020,starter,72
139,767,2021,bench,1
139,767,2022,starter,63
139,767,2023,starter,32
139,767,2024,bench,59
49,768,2018,starter,23
49,768,2019,starter,61
49,768,2020,starter,92
49,768,2021,starter,83
49,768,2022,starter,25
49,768,2023,rotation,55
49,768,2024,bench,67
78,770,2015,starter,59
78,770,2016,starter,73
78,770,2017,bench,98
225,770,2018,rotation,46
225,770,2019,starter,79
225,770,2020,starter,81
225,770,2021,starter,41
225,770,2022,starter,15
225,770,2023,rotation,68
225,770,2024,starter,21
189,771,2015,starter,88
189,771,2016,rotation,46
189,771,2017,starter,89
189,771,2018,starter,21
189,771,2019,starter,43
189,771,2020,starter,35
189,771,2021,bench,24
189,771,2022,starter,15
189,771,2023,bench,17
189,771,2024,starter,57
90,772,2017,starter,52
90,772,2018,starter,96
90,772,2019,starter,39
90,772,2020,starter,13
90,772,2021,rotation,44
90,772,2022,rotation,44
364,772,2023,starter,52
369,772,2024,starter,79
294,773,2020,starter,23
294,773,2021,bench,92
294,773,2022,rotation,31
294,773,2023,starter,86
294,773,2024,starter,59
41,774,2015,starter,97
41,774,2016,rotation,73
41,774,2017,starter,78
41,774,2018,rotation,36
41,774,2019,bench,45
41,774,2020,starter,89
41,774,2021,starter,45
41,774,2022,rotation,15
41,774,2023,bench,1
41,774,2024,starter,56
238,775,2022,bench,40
238,775,2023,starter,36
341,775,2024,starter,70
307,776,2015,rotation,26
365,776,2016,starter,38
365,776,2017,starter,53
365,776,2018,rotation,53
372,776,2019,bench,4
372,776,2020,starter,91
372,776,2021,rotation,39
372,776,2022,rotation,15
372,776,2023,rotation,70
372,776,2024,rotation,74
166,777,2024,starter,79
225,778,2015,starter,68
225,778,2016,rotation,36
225,778,2017,bench,56
225,778,2018,starter,12
225,778,2019,rotation,28
225,778,2020,starter,68
225,778,2021,starter,69
225,778,2022,starter,2
89,778,2023,starter,17
89,778,2024,rotation,18
327,779,2017,starter,95
327,779,2018,starter,67
327,779,2019,starter,43
327,779,2020,rotation,6
315,779,2021,starter,54
300,779,2022,rotation,80
300,779,2023,rotation,48
300,779,2024,bench,21
249,781,2015,rotation,95
267,781,2016,starter,49
267,781,2017,starter,83
267,781,2018,rotation,25
267,781,2019,starter,89
377,781,2020,rotation,15
377,781,2021,starter,77
377,781,2022,starter,84
377,781,2023,starter,12
377,781,2024,bench,14
368,782,2015,starter,23
368,782,2016,bench,11
368,782,2017,rotation,95
346,782,2018,starter,86
40,782,2019,starter,56
40,782,2020,starter,85
40,782,2021,rotation,37
40,782,2022,starter,9
379,782,2023,starter,35
379,782,2024,rotation,62
180,783,2015,rotation,52
180,783,2016,starter,89
180,783,2017,starter,87
351,783,2018,rotation,59
351,783,2019,rotation,91
351,783,2020,bench,73
351,783,2021,starter,12
351,783,2022,starter,50
268,783,2023,bench,14
268,783,2024,rotation,72
149,784,2015,rotation,14
149,784,2016,rotation,74
149,784,2017,starter,80
146,784,2018,bench,27
342,784,2019,starter,74
342,784,2020,bench,12
342,784,2021,bench,56
342,784,2022,rotation,90
342,784,2023,starter,35
342,784,2024,bench,10
363,785,2017,rotation,44
363,785,2018,rotation,31
363,785,2019,bench,48
363,785,2020,starter,78
363,785,2021,starter,62
363,785,2022,rotation,59
373,785,2023,starter,59
373,785,2024,starter,98
138,786,2017,starter,41
138,786,2018,rotation,89
138,786,2019,starter,26
138,786,2020,bench,21
138,786,2021,starter,56
138,786,2022,starter,88
138,786,2023,starter,13
138,786,2024,starter,25
368,787,2019,starter,64
368,787,2020,starter,70
368,787,2021,starter,72
155,787,2022,bench,74
155,787,2023,starter,14
150,787,2024,rotation,41
349,788,2021,bench,84
349,788,2022,starter,6
349,788,2023,bench,65
349,788,2024,starter,58
256,789,2015,starter,46
256,789,2016,rotation,33
256,789,2017,starter,32
256,789,2018,starter,89
256,789,2019,starter,91
256,789,2020,starter,49
256,789,2021,starter,71
256,789,2022,starter,69
379,790,2015,starter,21
379,790,2016,starter,59
379,790,2017,rotation,86
379,790,2018,starter,1
379,790,2019,starter,71
379,790,2020,rotation,95
379,790,2021,rotation,69
379,790,2022,starter,49
379,790,2023,starter,7
299,790,2024,bench,91
27,791,2021,starter,82
27,791,2022,starter,79
27,791,2023,starter,10
27,791,2024,starter,20
209,793,2015,rotation,12
209,793,2016,rotation,43
319,793,2017,starter,60
319,793,2018,starter,63
319,793,2019,starter,91
319,793,2020,rotation,88
319,793,2021,starter,29
319,793,2022,starter,7
319,793,2023,rotation,31
319,793,2024,starter,76
347,794,2015,rotation,20
165,794,2016,rotation,84
165,794,2017,starter,90
165,794,2018,starter,77
165,794,2019,bench,61
165,794,2020,starter,3
165,794,2021,starter,28
165,794,2022,starter,88
165,794,2023,starter,54
165,794,2024,rotation,27
188,795,2016,starter,17
188,795,2017,starter,74
188,795,2018,starter,64
326,795,2019,bench,51
326,795,2020,starter,87
326,795,2021,bench,47
14,795,2022,starter,87
14,795,2023,rotation,96
14,795,2024,starter,94
370,796,2018,bench,37
370,796,2019,bench,91
168,796,2020,starter,13
168,796,2021,rotation,56
100,796,2022,rotation,4
100,796,2023,starter,22
100,796,2024,starter,85
304,797,2015,starter,49
304,797,2016,rotation,51
304,797,2017,starter,32
228,797,2018,rotation,57
228,797,2019,bench,72
228,797,2020,bench,1
228,797,2021,bench,21
228,797,2022,starter,56
228,797,2023,starter,43
228,797,2024,bench,86
177,798,2015,starter,78
177,798,2016,starter,4
177,798,2017,bench,14
177,798,2018,rotation,21
182,798,2019,starter,48
182,798,2020,bench,53
182,798,2021,starter,6
182,798,2022,starter,34
57,798,2023,starter,54
57,798,2024,starter,64
304,799,2015,rotation,73
304,799,2016,starter,56
273,799,2017,rotation,64
164,799,2018,starter,12
164,799,2019,bench,39
164,799,2020,starter,3
164,799,2021,starter,17
164,799,2022,starter,54
164,799,2023,bench,6
346,799,2024,bench,25
22,800,2022,starter,5
22,800,2023,rotation,61
22,800,2024,bench,23
141,801,2019,starter,31
141,801,2020,starter,81
368,801,2021,rotation,14
368,801,2022,starter,67
368,801,2023,starter,10
368,801,2024,starter,49
161,802,2015,starter,73
161,802,2016,starter,28
161,802,2017,starter,88
161,802,2018,starter,48
161,802,2019,starter,53
161,802,2020,starter,45
161,802,2021,bench,97
161,802,2022,starter,54
342,803,2022,rotation,32
342,803,2023,starter,31
342,803,2024,bench,90
141,804,2015,starter,43
141,804,2016,starter,60
141,804,2017,rotation,55
141,804,2018,starter,74
141,804,2019,rotation,18
325,804,2020,starter,43
325,804,2021,starter,42
325,804,2022,starter,14
325,804,2023,rotation,13
144,804,2024,rotation,89
301,805,2017,starter,62
301,805,2018,rotation,18
301,805,2019,starter,71
301,805,2020,starter,52
301,805,2021,starter,67
301,805,2022,starter,3
301,805,2023,starter,62
301,805,2024,starter,50
175,806,2016,bench,35
175,806,2017,starter,3
175,806,2018,bench,77
175,806,2019,rotation,56
175,806,2020,rotation,77
223,806,2021,starter,14
223,806,2022,starter,84
223,806,2023,starter,18
223,806,2024,bench,43
13,807,2015,starter,2
13,807,2016,rotation,28
13,807,2017,starter,80
13,807,2018,starter,58
13,807,2019,starter,48
13,807,2020,rotation,52
13,807,2021,rotation,73
13,807,2022,starter,64
13,807,2023,rotation,62
306,807,2024,rotation,42
358,808,2021,starter,39
358,808,2022,starter,1
358,808,2023,starter,91
358,808,2024,rotation,96
3,809,2019,rotation,93
3,809,2020,starter,34
3,809,2021,starter,47
379,809,2022,starter,1
379,809,2023,rotation,76
379,809,2024,starter,95
348,811,2024,starter,39
205,812,2015,starter,23
205,812,2016,starter,46
205,812,2017,rotation,28
205,812,2018,starter,1
205,812,2019,rotation,93
205,812,2020,starter,10
205,812,2021,starter,65
205,812,2022,starter,50
205,812,2023,rotation,50
205,812,2024,bench,30
194,814,2024,rotation,46
320,816,2020,bench,38
320,816,2021,rotation,66
161,816,2022,rotation,52
161,816,2023,rotation,85
161,816,2024,starter,75
323,817,2015,starter,41
323,817,2016,starter,8
323,817,2017,starter,79
323,817,2018,starter,84
323,817,2019,starter,51
323,817,2020,bench,46
323,817,2021,starter,57
323,817,2022,bench,82
323,817,2023,starter,68
323,817,2024,starter,91
92,818,2015,starter,8
92,818,2016,starter,27
92,818,2017,starter,59
92,818,2018,starter,69
92,818,2019,starter,72
92,818,2020,starter,38
347,818,2021,bench,59
347,818,2022,starter,37
347,818,2023,starter,32
347,818,2024,starter,35
267,819,2015,bench,93
267,819,2016,starter,59
267,819,2017,rotation,44
95,819,2018,starter,46
95,819,2019,starter,53
370,819,2020,starter,29
370,819,2021,bench,55
370,819,2022,starter,42
370,819,2023,rotation,89
370,819,2024,starter,28
124,820,2019,starter,24
124,820,2020,rotation,41
124,820,2021,starter,95
124,820,2022,starter,83
124,820,2023,bench,68
124,820,2024,starter,93
255,821,2024,rotation,44
349,822,2015,rotation,96
349,822,2016,starter,62
349,822,2017,starter,41
349,822,2018,starter,74
349,822,2019,rotation,57
349,822,2020,starter,21
349,822,2021,bench,85
349,822,2022,bench,76
349,822,2023,starter,86
349,822,2024,bench,13
341,823,2015,starter,21
341,823,2016,starter,82
341,823,2017,starter,1
341,823,2018,starter,30
341,823,2019,starter,45
341,823,2020,rotation,12
290,823,2021,rotation,85
290,823,2022,rotation,40
235,823,2023,starter,33
235,823,2024,rotation,62
18,826,2015,bench,6
18,826,2016,rotation,25
18,826,2017,starter,38
18,826,2018,starter,82
18,826,2019,starter,25
18,826,2020,rotation,91
18,826,2021,starter,44
18,826,2022,rotation,30
18,826,2023,bench,45
18,826,2024,starter,56
128,827,2015,bench,41
128,827,2016,starter,58
128,827,2017,starter,31
128,827,2018,bench,88
128,827,2019,starter,37
128,827,2020,rotation,83
217,827,2021,rotation,26
217,827,2022,bench,4
217,827,2023,starter,72
361,828,2022,starter,87
361,828,2023,starter,26
361,828,2024,starter,69
371,829,2015,rotation,70
371,829,2016,rotation,82
379,829,2017,starter,9
379,829,2018,starter,2
379,829,2019,starter,37
325,829,2020,starter,92
325,829,2021,starter,63
325,829,2022,starter,56
325,829,2023,starter,44
325,829,2024,bench,11
284,830,2015,rotation,14
284,830,2016,starter,21
284,830,2017,rotation,65
284,830,2018,starter,27
284,830,2019,starter,86
284,830,2020,starter,32
284,830,2021,rotation,1
284,830,2022,rotation,20
284,830,2023,rotation,40
284,830,2024,rotation,62
372,831,2019,starter,36
372,831,2020,starter,8
372,831,2021,starter,28
372,831,2022,starter,94
372,831,2023,starter,58
372,831,2024,rotation,76
257,832,2015,starter,37
198,832,2016,rotation,21
198,832,2017,starter,94
291,832,2018,rotation,59
291,832,2019,starter,27
291,832,2020,bench,30
291,832,2021,starter,68
291,832,2022,starter,84
291,832,2023,starter,32
291,832,2024,starter,37
345,834,2015,starter,3
345,834,2016,starter,2
345,834,2017,starter,96
345,834,2018,starter,16
345,834,2019,starter,75
328,834,2020,starter,44
328,834,2021,starter,24
328,834,2022,starter,1
328,834,2023,rotation,24
328,834,2024,rotation,39
243,835,2024,starter,73
345,836,2015,bench,56
345,836,2016,bench,36
345,836,2017,rotation,56
345,836,2018,rotation,72
345,836,2019,bench,57
345,836,2020,rotation,6
345,836,2021,starter,29
345,836,2022,starter,81
345,836,2023,starter,16
345,836,2024,rotation,32
109,837,2015,starter,92
109,837,2016,starter,38
109,837,2017,bench,19
109,837,2018,starter,56
109,837,2019,starter,84
109,837,2020,starter,2
32,839,2020,starter,83
32,839,2021,bench,18
238,839,2022,bench,10
238,839,2023,rotation,78
345,839,2024,bench,13
72,840,2019,rotation,43
72,840,2020,starter,65
72,840,2021,starter,74
72,840,2022,starter,14
72,840,2023,starter,85
72,840,2024,starter,91
309,841,2020,bench,35
309,841,2021,starter,87
309,841,2022,bench,97
309,841,2023,starter,40
309,841,2024,starter,41
9,842,2015,starter,32
9,842,2016,starter,23
9,842,2017,starter,2
9,842,2018,starter,98
9,842,2019,rotation,10
9,842,2020,starter,32
9,842,2021,bench,51
320,843,2015,starter,63
320,843,2016,bench,83
373,843,2017,starter,38
373,843,2018,starter,86
373,843,2019,starter,5
373,843,2020,starter,31
373,843,2021,starter,15
373,843,2022,starter,15
373,843,2023,starter,59
343,843,2024,rotation,67
360,844,2015,bench,49
360,844,2016,starter,78
360,844,2017,starter,98
137,844,2018,starter,44
137,844,2019,starter,89
137,844,2020,bench,57
137,844,2021,rotation,8
137,844,2022,bench,50
137,844,2023,rotation,10
137,844,2024,starter,53
356,845,2019,rotation,19
325,845,2020,rotation,93
325,845,2021,bench,21
325,845,2022,starter,88
325,845,2023,starter,84
135,845,2024,starter,47
269,846,2019,starter,9
269,846,2020,bench,30
269,846,2021,bench,14
269,846,2022,starter,93
269,846,2023,rotation,82
269,846,2024,rotation,66
60,847,2015,starter,47
60,847,2016,bench,57
60,847,2017,bench,33
60,847,2018,rotation,39
60,847,2019,bench,67
60,847,2020,starter,20
60,847,2021,rotation,27
60,847,2022,starter,71
60,847,2023,starter,73
60,847,2024,starter,87
52,848,2015,starter,41
52,848,2016,bench,59
52,848,2017,starter,14
52,848,2018,starter,73
52,848,2019,rotation,46
52,848,2020,starter,35
52,848,2021,rotation,49
52,848,2022,bench,10
52,848,2023,starter,38
52,848,2024,starter,30
350,849,2015,starter,14
259,849,2016,bench,27
259,849,2017,bench,53
259,849,2018,starter,76
94,849,2019,starter,59
143,851,2015,bench,93
143,851,2016,starter,2
143,851,2017,starter,92
143,851,2018,starter,97
143,851,2019,rotation,67
143,851,2020,starter,11
340,852,2015,starter,95
340,852,2016,starter,42
340,852,2017,starter,67
340,852,2018,starter,37
340,852,2019,starter,87
355,852,2020,starter,81
355,852,2021,bench,89
355,852,2022,bench,79
136,853,2015,bench,75
136,853,2016,rotation,32
136,853,2017,starter,21
170,853,2018,starter,1
170,853,2019,starter,34
170,853,2020,starter,10
170,853,2021,starter,76
170,853,2022,bench,41
170,853,2023,bench,9
170,853,2024,starter,86
239,854,2015,starter,1
239,854,2016,starter,57
239,854,2017,rotation,92
239,854,2018,starter,29
239,854,2019,rotation,78
239,854,2020,bench,96
239,854,2021,starter,96
367,854,2022,rotation,65
367,854,2023,rotation,70
367,854,2024,starter,35
149,855,2022,starter,83
149,855,2023,starter,48
334,855,2024,starter,29
175,857,2016,rotation,88
175,857,2017,starter,83
175,857,2018,rotation,12
175,857,2019,bench,36
175,857,2020,starter,36
175,857,2021,starter,33
175,857,2022,starter,13
175,857,2023,starter,46
175,857,2024,starter,91
190,858,2015,bench,8
190,858,2016,rotation,52
190,858,2017,starter,74
190,858,2018,starter,3
190,858,2019,starter,95
190,858,2020,rotation,81
190,858,2021,starter,64
197,859,2015,rotation,8
197,859,2016,starter,11
197,859,2017,rotation,40
197,859,2018,rotation,31
197,859,2019,starter,75
197,859,2020,rotation,47
197,859,2021,rotation,7
197,859,2022,starter,13
131,859,2023,rotation,33
131,859,2024,starter,78
204,861,2015,rotation,93
204,861,2016,bench,17
204,861,2017,starter,50
125,861,2018,starter,4
357,861,2019,bench,90
357,861,2020,starter,79
357,861,2021,starter,84
357,861,2022,starter,8
357,861,2023,starter,6
357,861,2024,rotation,49
354,862,2016,starter,97
354,862,2017,starter,52
354,862,2018,bench,20
354,862,2019,rotation,55
354,862,2020,starter,98
354,862,2021,bench,70
354,862,2022,starter,49
354,862,2023,starter,56
354,862,2024,rotation,81
171,863,2017,starter,94
171,863,2018,starter,67
171,863,2019,bench,61
171,863,2020,starter,63
171,863,2021,starter,72
171,863,2022,bench,29
171,863,2023,starter,33
171,863,2024,starter,20
5,865,2015,starter,56
5,865,2016,rotation,50
5,865,2017,rotation,68
241,865,2018,rotation,33
241,865,2019,bench,92
241,865,2020,starter,32
241,865,2021,starter,80
309,865,2022,rotation,44
309,865,2023,bench,35
309,865,2024,rotation,65
184,866,2015,starter,32
184,866,2016,rotation,55
184,866,2017,bench,31
184,866,2018,starter,63
184,866,2019,rotation,35
184,866,2020,rotation,67
184,866,2021,rotation,77
184,866,2022,bench,14
184,866,2023,starter,59
184,866,2024,starter,97
187,867,2020,starter,64
187,867,2021,starter,39
187,867,2022,starter,82
187,867,2023,rotation,94
187,867,2024,starter,96
209,868,2015,starter,42
209,868,2016,rotation,47
209,868,2017,starter,39
209,868,2018,rotation,92
209,868,2019,starter,32
209,868,2020,bench,41
209,868,2021,starter,15
209,868,2022,rotation,53
209,868,2023,starter,20
351,869,2015,rotation,32
351,869,2016,starter,3
351,869,2017,starter,97
351,869,2018,starter,39
214,869,2019,bench,45
214,869,2020,starter,24
107,869,2021,starter,44
107,869,2022,rotation,43
107,869,2023,starter,51
107,869,2024,starter,26
162,870,2020,starter,90
162,870,2021,bench,40
162,870,2022,rotation,57
351,870,2023,starter,1
351,870,2024,bench,74
135,871,2020,starter,1
135,871,2021,starter,87
135,871,2022,starter,14
135,871,2023,starter,58
135,871,2024,starter,3
168,873,2015,starter,16
168,873,2016,starter,4
168,873,2017,rotation,97
168,873,2018,starter,91
168,873,2019,starter,12
168,873,2020,starter,57
168,873,2021,starter,52
168,873,2022,rotation,36
168,873,2023,bench,50
168,873,2024,bench,82
214,874,2020,starter,98
214,874,2021,bench,84
214,874,2022,starter,22
214,874,2023,starter,13
214,874,2024,starter,19
110,875,2022,rotation,21
110,875,2023,rotation,92
110,875,2024,starter,44
189,876,2015,starter,28
189,876,2016,rotation,91
189,876,2017,starter,49
189,876,2018,starter,79
189,876,2019,starter,24
189,876,2020,starter,32
189,876,2021,rotation,41
189,876,2022,starter,21
189,876,2023,rotation,53
189,876,2024,rotation,36
295,877,2015,rotation,54
295,877,2016,bench,85
295,877,2017,starter,46
295,877,2018,starter,78
295,877,2019,starter,35
354,877,2020,rotation,95
354,877,2021,bench,1
354,877,2022,starter,65
354,877,2023,starter,31
354,877,2024,starter,88
365,878,2015,rotation,40
365,878,2016,starter,60
365,878,2017,starter,10
313,878,2018,starter,81
313,878,2019,bench,63
313,878,2020,bench,29
313,878,2021,starter,70
313,878,2022,starter,83
365,878,2023,starter,29
365,878,2024,rotation,28
120,879,2015,starter,54
120,879,2016,starter,22
120,879,2017,rotation,13
120,879,2018,bench,54
120,879,2019,bench,71
293,880,2015,bench,48
293,880,2016,starter,93
293,880,2017,rotation,91
293,880,2018,starter,2
293,880,2019,starter,43
330,880,2020,rotation,86
330,880,2021,bench,34
330,880,2022,starter,33
330,880,2023,starter,88
330,880,2024,starter,55
358,881,2015,starter,62
358,881,2016,starter,61
358,881,2017,rotation,34
358,881,2018,rotation,63
358,881,2019,rotation,17
358,881,2020,starter,39
358,881,2021,rotation,4
358,881,2022,rotation,78
69,882,2021,starter,82
69,882,2022,rotation,2
105,882,2023,rotation,35
340,882,2024,starter,70
164,883,2023,starter,35
164,883,2024,starter,18
221,885,2015,starter,32
221,885,2016,starter,64
221,885,2017,starter,27
221,885,2018,starter,89
221,885,2019,starter,67
221,885,2020,starter,12
221,885,2021,starter,73
221,885,2022,starter,84
221,885,2023,starter,78
221,885,2024,starter,76
301,886,2015,rotation,56
301,886,2016,starter,63
301,886,2017,bench,74
301,886,2018,starter,32
301,886,2019,bench,31
301,886,2020,bench,20
189,887,2015,starter,83
189,887,2016,starter,38
189,887,2017,rotation,77
79,887,2018,rotation,47
79,887,2019,rotation,38
79,887,2020,starter,1
79,887,2021,bench,82
79,887,2022,starter,32
79,887,2023,rotation,39
79,887,2024,starter,43
379,888,2015,starter,32
379,888,2016,rotation,9
379,888,2017,rotation,78
379,888,2018,bench,25
379,888,2019,bench,29
379,888,2020,rotation,47
379,888,2021,starter,88
379,888,2022,bench,15
302,888,2023,starter,24
302,888,2024,bench,66
260,889,2015,starter,59
260,889,2016,starter,85
260,889,2017,starter,73
260,889,2018,starter,48
273,889,2019,bench,89
273,889,2020,starter,25
273,889,2021,rotation,80
374,890,2024,starter,46
230,892,2023,starter,75
230,892,2024,rotation,92
162,893,2015,rotation,4
162,893,2016,starter,49
162,893,2017,rotation,74
162,893,2018,rotation,71
162,893,2019,rotation,6
162,893,2020,starter,90
162,893,2021,starter,97
351,893,2022,bench,58
351,893,2023,starter,31
351,893,2024,starter,78
380,894,2015,starter,81
380,894,2016,bench,57
380,894,2017,bench,11
380,894,2018,bench,13
380,894,2019,starter,44
380,894,2020,starter,70
380,894,2021,rotation,95
380,894,2022,starter,15
380,894,2023,rotation,51
380,894,2024,starter,95
266,895,2015,rotation,49
266,895,2016,rotation,97
266,895,2017,rotation,16
266,895,2018,bench,60
266,895,2019,starter,80
266,895,2020,bench,75
266,895,2021,bench,78
341,895,2022,bench,62
341,895,2023,rotation,97
341,895,2024,starter,51
347,896,2021,starter,18
275,896,2022,rotation,8
275,896,2023,rotation,52
275,896,2024,starter,90
211,897,2023,starter,17
147,897,2024,starter,67
312,898,2015,rotation,36
312,898,2016,bench,88
312,898,2017,starter,84
312,898,2018,starter,80
312,898,2019,bench,74
312,898,2020,starter,62
296,898,2021,starter,34
296,898,2022,starter,52
343,899,2023,rotation,16
343,899,2024,starter,49
49,900,2019,starter,39
49,900,2020,starter,54
49,900,2021,rotation,51
198,900,2022,starter,88
198,900,2023,rotation,81
198,900,2024,bench,74
257,901,2015,starter,95
257,901,2016,starter,30
257,901,2017,starter,85
257,901,2018,starter,28
257,901,2019,starter,97
257,901,2020,starter,88
257,901,2021,starter,84
257,901,2022,starter,60
257,901,2023,starter,8
257,901,2024,bench,92
172,902,2019,bench,45
172,902,2020,starter,96
172,902,2021,starter,45
172,902,2022,starter,79
172,902,2023,starter,53
172,902,2024,starter,41
270,904,2015,bench,72
270,904,2016,starter,23
270,904,2017,rotation,43
270,904,2018,starter,63
270,904,2019,starter,98
262,905,2015,starter,49
262,905,2016,rotation,96
262,905,2017,starter,59
262,905,2018,starter,88
262,905,2019,bench,6
262,905,2020,rotation,20
262,905,2021,starter,86
262,905,2022,starter,16
262,905,2023,bench,32
262,905,2024,rotation,73
372,906,2020,bench,20
309,906,2021,bench,28
309,906,2022,starter,52
309,906,2023,starter,30
309,906,2024,rotation,65
275,907,2016,rotation,31
275,907,2017,starter,85
275,907,2018,rotation,77
275,907,2019,starter,90
275,907,2020,bench,7
275,907,2021,starter,33
275,907,2022,rotation,22
275,907,2023,starter,74
275,907,2024,starter,87
322,908,2019,rotation,90
322,908,2020,bench,40
322,908,2021,starter,59
322,908,2022,starter,2
322,908,2023,bench,14
322,908,2024,starter,81
280,909,2015,starter,74
280,909,2016,starter,25
126,909,2017,starter,73
126,909,2018,starter,29
126,909,2019,starter,72
126,909,2020,starter,30
126,909,2021,starter,72
126,909,2022,starter,37
126,909,2023,rotation,3
290,909,2024,starter,81
108,910,2023,rotation,97
108,910,2024,bench,2
201,912,2015,rotation,18
201,912,2016,bench,37
201,912,2017,starter,35
201,912,2018,starter,17
201,912,2019,starter,47
201,912,2020,rotation,63
201,912,2021,bench,43
201,912,2022,rotation,32
201,912,2023,starter,57
201,912,2024,rotation,14
106,913,2015,starter,4
106,913,2016,starter,77
106,913,2017,rotation,15
106,913,2018,starter,82
106,913,2019,rotation,27
106,913,2020,starter,14
106,913,2021,starter,91
106,913,2022,starter,37
106,913,2023,starter,18
111,913,2024,starter,67
323,914,2015,bench,78
323,914,2016,starter,15
323,914,2017,rotation,91
323,914,2018,starter,44
323,914,2019,starter,65
323,914,2020,starter,37
323,914,2021,starter,62
323,914,2022,starter,71
323,914,2023,bench,85
316,914,2024,starter,9
336,915,2023,starter,16
336,915,2024,starter,86
116,916,2015,starter,50
116,916,2016,rotation,40
116,916,2017,rotation,11
89,916,2018,starter,36
89,916,2019,starter,32
89,916,2020,bench,76
89,916,2021,starter,19
220,917,2015,bench,59
220,917,2016,starter,81
220,917,2017,bench,9
220,917,2018,starter,48
220,917,2019,starter,81
220,917,2020,rotation,35
143,917,2021,starter,49
143,917,2022,starter,26
143,917,2023,starter,80
92,917,2024,starter,89
217,918,2015,starter,34
217,918,2016,starter,25
217,918,2017,starter,82
353,918,2018,starter,79
122,918,2019,rotation,47
122,918,2020,starter,42
122,918,2021,bench,86
122,918,2022,starter,64
122,918,2023,starter,63
122,918,2024,starter,66
66,919,2015,starter,36
66,919,2016,starter,69
66,919,2017,bench,68
66,919,2018,rotation,7
66,919,2019,starter,51
66,919,2020,bench,14
66,919,2021,starter,82
66,919,2022,starter,80
66,919,2023,starter,13
66,919,2024,starter,69
85,920,2015,starter,92
85,920,2016,starter,72
338,920,2017,bench,36
338,920,2018,rotation,19
338,920,2019,starter,10
338,920,2020,rotation,21
338,920,2021,starter,83
338,920,2022,starter,30
338,920,2023,starter,16
338,920,2024,starter,57
300,921,2015,starter,23
300,921,2016,rotation,60
300,921,2017,starter,46
300,921,2018,starter,50
300,921,2019,starter,51
364,921,2020,starter,25
93,921,2021,bench,14
93,921,2022,rotation,94
93,921,2023,starter,61
184,922,2015,starter,50
184,922,2016,starter,2
184,922,2017,rotation,1
184,922,2018,bench,70
184,922,2019,rotation,3
184,922,2020,starter,59
184,922,2021,starter,75
184,922,2022,starter,52
184,922,2023,starter,2
184,922,2024,starter,76
377,923,2017,starter,88
377,923,2018,rotation,35
103,923,2019,starter,84
103,923,2020,starter,52
103,923,2021,starter,20
103,923,2022,rotation,24
103,923,2023,rotation,82
103,923,2024,starter,40
142,924,2016,rotation,91
142,924,2017,starter,40
142,924,2018,bench,23
142,924,2019,starter,39
142,924,2020,starter,54
142,924,2021,starter,80
142,924,2022,starter,81
142,924,2023,starter,67
326,924,2024,starter,37
232,925,2020,bench,51
232,925,2021,starter,68
232,925,2022,bench,68
232,925,2023,starter,81
175,925,2024,starter,73
323,926,2020,starter,53
323,926,2021,starter,21
323,926,2022,starter,59
323,926,2023,bench,14
323,926,2024,starter,85
162,927,2015,rotation,83
162,927,2016,bench,30
162,927,2017,starter,40
162,927,2018,starter,92
162,927,2019,bench,54
162,927,2020,starter,67
162,927,2021,starter,16
162,927,2022,starter,32
162,927,2023,starter,49
162,927,2024,starter,88
346,928,2015,rotation,12
346,928,2016,starter,74
346,928,2017,bench,42
346,928,2018,starter,27
124,928,2019,rotation,94
124,928,2020,starter,68
124,928,2021,rotation,43
124,928,2022,starter,61
124,928,2023,starter,30
124,928,2024,rotation,3
84,929,2015,starter,89
84,929,2016,starter,69
84,929,2017,rotation,70
113,929,2018,rotation,24
113,929,2019,rotation,44
113,929,2020,starter,31
379,929,2021,starter,78
379,929,2022,bench,59
379,929,2023,starter,62
103,930,2015,starter,40
103,930,2016,starter,16
366,930,2017,bench,39
234,930,2018,rotation,79
254,930,2019,starter,14
29,930,2020,rotation,55
29,930,2021,rotation,47
154,930,2022,starter,65
154,930,2023,rotation,11
154,930,2024,starter,55
246,931,2017,bench,57
246,931,2018,bench,76
246,931,2019,rotation,18
246,931,2020,starter,75
246,931,2021,rotation,69
246,931,2022,starter,91
246,931,2023,bench,53
221,931,2024,starter,59
238,933,2015,starter,29
238,933,2016,rotation,42
366,933,2017,rotation,56
366,933,2018,rotation,21
366,933,2019,rotation,56
366,933,2020,starter,16
366,933,2021,rotation,7
289,933,2022,bench,58
138,933,2023,starter,19
138,933,2024,rotation,32
308,934,2015,rotation,77
308,934,2016,bench,18
308,934,2017,bench,3
143,934,2018,starter,53
143,934,2019,starter,49
143,934,2020,rotation,7
143,934,2021,starter,20
143,934,2022,rotation,59
143,934,2023,starter,93
143,934,2024,starter,7
132,935,2015,starter,94
132,935,2016,rotation,71
132,935,2017,starter,54
132,935,2018,rotation,7
130,935,2019,starter,61
130,935,2020,rotation,48
130,935,2021,rotation,85
101,935,2022,starter,5
101,935,2023,starter,85
101,935,2024,bench,55
367,938,2015,bench,72
367,938,2016,rotation,15
284,938,2017,starter,97
284,938,2018,bench,97
284,938,2019,bench,65
284,938,2020,starter,2
284,938,2021,starter,60
317,938,2022,rotation,94
317,938,2023,starter,30
317,938,2024,rotation,68
42,940,2021,bench,94
42,940,2022,rotation,2
42,940,2023,starter,71
42,940,2024,starter,42
232,941,2016,bench,58
232,941,2017,starter,10
232,941,2018,bench,10
232,941,2019,starter,33
232,941,2020,bench,39
232,941,2021,rotation,32
232,941,2022,starter,64
232,941,2023,starter,97
232,941,2024,starter,65
61,942,2015,rotation,78
61,942,2016,starter,14
61,942,2017,starter,51
61,942,2018,starter,38
61,942,2019,starter,50
61,942,2020,rotation,41
61,942,2021,rotation,68
61,942,2022,starter,61
144,943,2015,rotation,50
144,943,2016,bench,17
144,943,2017,starter,72
144,943,2018,starter,17
323,943,2019,starter,25
323,943,2020,rotation,34
323,943,2021,starter,11
323,943,2022,starter,85
180,943,2023,bench,20
180,943,2024,starter,70
293,944,2015,rotation,54
293,944,2016,starter,27
186,944,2017,rotation,84
186,944,2018,starter,44
186,944,2019,rotation,88
186,944,2020,bench,1
186,944,2021,starter,8
186,944,2022,starter,43
186,944,2023,starter,5
186,944,2024,rotation,34
148,946,2022,starter,3
378,946,2023,rotation,15
378,946,2024,starter,69
9,947,2019,rotation,98
9,947,2020,bench,47
9,947,2021,starter,46
9,947,2022,starter,39
156,947,2023,rotation,14
174,947,2024,rotation,20
165,948,2024,bench,7
350,949,2023,starter,97
350,949,2024,starter,51
355,950,2024,bench,49
133,951,2015,starter,38
133,951,2016,starter,93
133,951,2017,starter,13
133,951,2018,starter,43
133,951,2019,bench,23
133,951,2020,rotation,60
133,951,2021,starter,21
133,951,2022,starter,89
133,951,2023,starter,56
133,951,2024,starter,30
165,952,2021,starter,55
165,952,2022,starter,24
165,952,2023,rotation,15
165,952,2024,starter,68
205,953,2017,starter,97
205,953,2018,starter,19
205,953,2019,starter,7
205,953,2020,rotation,9
205,953,2021,bench,39
205,953,2022,bench,47
198,953,2023,rotation,68
198,953,2024,starter,93
271,954,2015,starter,42
271,954,2016,rotation,51
271,954,2017,starter,80
271,954,2018,bench,69
271,954,2019,rotation,9
271,954,2020,starter,68
271,954,2021,rotation,67
271,954,2022,starter,90
271,954,2023,starter,17
271,954,2024,starter,51
149,955,2023,rotation,18
149,955,2024,bench,33
12,956,2015,rotation,15
12,956,2016,starter,83
12,956,2017,starter,7
12,956,2018,starter,64
12,956,2019,starter,41
12,956,2020,starter,7
12,956,2021,starter,13
12,956,2022,starter,94
12,956,2023,bench,21
229,956,2024,starter,81
339,957,2024,starter,60
69,958,2015,starter,93
69,958,2016,starter,76
69,958,2017,rotation,17
182,958,2018,starter,4
182,958,2019,starter,53
373,958,2020,starter,7
373,958,2021,starter,82
373,958,2022,rotation,28
373,958,2023,starter,81
373,958,2024,rotation,58
326,959,2015,rotation,27
326,959,2016,rotation,2
326,959,2017,starter,67
336,959,2018,starter,63
336,959,2019,starter,28
336,959,2020,starter,37
336,959,2021,bench,46
336,959,2022,starter,42
336,959,2023,bench,52
336,959,2024,starter,77
285,960,2017,starter,17
285,960,2018,starter,58
285,960,2019,starter,57
285,960,2020,rotation,43
285,960,2021,rotation,14
285,960,2022,starter,60
285,960,2023,bench,49
299,960,2024,starter,89
350,961,2015,starter,9
350,961,2016,bench,8
350,961,2017,rotation,78
16,961,2018,rotation,30
16,961,2019,starter,15
16,961,2020,starter,89
16,961,2021,bench,64
16,961,2022,starter,14
16,961,2023,starter,51
16,961,2024,starter,14
158,962,2016,rotation,63
158,962,2017,rotation,62
158,962,2018,starter,52
338,962,2019,starter,92
338,962,2020,starter,43
338,962,2021,starter,17
338,962,2022,starter,43
338,962,2023,starter,22
338,962,2024,starter,78
128,963,2015,starter,17
128,963,2016,rotation,76
128,963,2017,bench,22
128,963,2018,starter,51
128,963,2019,starter,90
128,963,2020,starter,89
128,963,2021,starter,71
128,963,2022,starter,33
128,963,2023,starter,40
318,964,2021,starter,4
318,964,2022,starter,69
318,964,2023,bench,56
318,964,2024,starter,63
204,966,2021,bench,90
204,966,2022,starter,65
204,966,2023,starter,77
204,966,2024,bench,59
293,967,2015,bench,74
293,967,2016,bench,45
293,967,2017,rotation,69
293,967,2018,rotation,55
293,967,2019,rotation,42
349,967,2020,starter,1
349,967,2021,bench,39
349,967,2022,rotation,56
349,967,2023,starter,96
369,967,2024,starter,42
198,968,2015,starter,85
36,968,2016,starter,18
36,968,2017,starter,37
36,968,2018,starter,61
36,968,2019,rotation,58
36,968,2020,bench,54
36,968,2021,rotation,9
90,968,2022,starter,94
90,968,2023,starter,88
90,968,2024,starter,91
378,969,2018,starter,23
378,969,2019,bench,56
378,969,2020,starter,2
378,969,2021,rotation,75
378,969,2022,starter,48
378,969,2023,bench,95
378,969,2024,starter,43
248,970,2024,starter,32
154,971,2015,starter,21
154,971,2016,starter,66
154,971,2017,starter,33
154,971,2018,rotation,74
154,971,2019,starter,45
154,971,2020,rotation,35
154,971,2021,starter,94
154,971,2022,starter,40
154,971,2023,starter,44
154,971,2024,rotation,92
138,972,2015,rotation,40
138,972,2016,bench,56
270,972,2017,starter,57
43,972,2018,rotation,87
373,972,2019,starter,42
373,972,2020,starter,40
373,972,2021,rotation,11
373,972,2022,starter,91
373,972,2023,starter,87
373,972,2024,starter,75
185,973,2015,starter,31
380,973,2016,rotation,57
281,973,2017,starter,94
318,973,2018,starter,92
318,973,2019,bench,51
317,973,2020,rotation,29
317,973,2021,starter,21
317,973,2022,starter,63
317,973,2023,starter,16
317,973,2024,bench,26
380,976,2015,starter,77
318,976,2016,starter,86
318,976,2017,starter,18
72,976,2018,bench,35
72,976,2019,starter,67
72,976,2020,rotation,87
72,976,2021,starter,74
72,976,2022,rotation,21
72,976,2023,starter,62
67,976,2024,rotation,87
140,977,2022,starter,40
140,977,2023,starter,15
140,977,2024,bench,9
235,978,2015,starter,56
235,978,2016,bench,58
235,978,2017,starter,21
235,978,2018,starter,8
360,978,2019,rotation,55
360,978,2020,bench,51
360,978,2021,bench,72
360,978,2022,rotation,60
360,978,2023,starter,15
80,978,2024,rotation,24
346,979,2015,rotation,4
346,979,2016,rotation,79
346,979,2017,bench,51
346,979,2018,starter,72
346,979,2019,starter,6
346,979,2020,bench,8
346,979,2021,starter,46
346,979,2022,starter,45
346,979,2023,starter,73
346,979,2024,starter,78
46,980,2015,rotation,75
46,980,2016,starter,89
46,980,2017,starter,6
46,980,2018,starter,88
46,980,2019,starter,61
46,980,2020,rotation,58
46,980,2021,rotation,52
46,980,2022,rotation,14
46,980,2023,starter,96
46,980,2024,bench,52
168,981,2015,starter,16
168,981,2016,bench,36
168,981,2017,starter,14
168,981,2018,rotation,1
168,981,2019,bench,57
168,981,2020,starter,67
168,981,2021,starter,60
168,981,2022,starter,10
168,981,2023,rotation,52
168,981,2024,starter,14
298,982,2022,starter,98
298,982,2023,rotation,42
298,982,2024,rotation,55
112,983,2017,starter,9
112,983,2018,rotation,5
112,983,2019,bench,95
112,983,2020,bench,51
112,983,2021,rotation,11
112,983,2022,starter,69
370,983,2023,starter,64
370,983,2024,starter,96
251,984,2016,rotation,70
251,984,2017,rotation,42
251,984,2018,starter,90
152,984,2019,starter,53
152,984,2020,starter,9
66,984,2021,rotation,1
334,984,2022,starter,25
334,984,2023,starter,76
334,984,2024,starter,9
109,985,2023,starter,17
109,985,2024,bench,30
356,986,2015,starter,94
356,986,2016,starter,48
356,986,2017,rotation,77
356,986,2018,starter,96
356,986,2019,starter,18
356,986,2020,starter,2
356,986,2021,starter,57
356,986,2022,bench,90
198,987,2015,starter,88
198,987,2016,starter,45
198,987,2017,starter,50
198,987,2018,starter,32
198,987,2019,starter,63
198,987,2020,starter,47
198,987,2021,starter,77
198,987,2022,bench,35
322,987,2023,starter,22
322,987,2024,rotation,28
152,988,2018,bench,91
133,988,2019,rotation,57
361,988,2020,starter,39
361,988,2021,starter,80
361,988,2022,starter,36
358,988,2023,rotation,75
358,988,2024,starter,19
306,990,2018,starter,93
179,990,2019,starter,76
179,990,2020,rotation,70
179,990,2021,rotation,77
179,990,2022,starter,3
179,990,2023,rotation,31
325,990,2024,starter,65
336,991,2015,rotation,5
336,991,2016,starter,57
336,991,2017,starter,50
336,991,2018,rotation,90
15,991,2019,starter,63
15,991,2020,starter,59
15,991,2021,starter,10
15,991,2022,starter,88
350,991,2023,starter,4
350,991,2024,starter,97
345,992,2023,starter,19
345,992,2024,starter,96
210,993,2015,bench,48
210,993,2016,rotation,6
210,993,2017,starter,60
210,993,2018,bench,39
210,993,2019,rotation,22
210,993,2020,starter,12
210,993,2021,rotation,23
210,993,2022,starter,72
210,993,2023,starter,65
210,993,2024,bench,66
377,994,2015,rotation,74
377,994,2016,starter,66
377,994,2017,starter,17
377,994,2018,rotation,31
377,994,2019,starter,22
377,994,2020,rotation,58
377,994,2021,starter,98
377,994,2022,starter,91
377,994,2023,bench,87
377,994,2024,starter,64
364,995,2015,bench,38
364,995,2016,rotation,88
364,995,2017,starter,59
364,995,2018,bench,32
364,995,2019,starter,21
364,995,2020,starter,31
204,995,2021,starter,60
204,995,2022,starter,92
204,995,2023,starter,5
204,995,2024,rotation,76
354,996,2020,starter,78
354,996,2021,starter,49
354,996,2022,bench,47
354,996,2023,starter,56
354,996,2024,starter,26
286,997,2015,starter,61
286,997,2016,starter,25
286,997,2017,starter,16
286,997,2018,bench,71
286,997,2019,starter,76
286,997,2020,rotation,40
286,997,2021,starter,61
286,997,2022,starter,76
286,997,2023,starter,54
286,997,2024,starter,9
130,998,2015,starter,23
130,998,2016,starter,15
314,998,2017,starter,80
368,998,2018,bench,21
368,998,2019,starter,26
368,998,2020,starter,70
368,998,2021,rotation,66
368,998,2022,rotation,71
368,998,2023,bench,96
368,998,2024,starter,56
242,999,2022,starter,88
242,999,2023,starter,1
131,999,2024,starter,10
27,1000,2015,bench,26
27,1000,2016,starter,48
375,1000,2017,bench,37
375,1000,2018,starter,27
375,1000,2019,bench,80
375,1000,2020,starter,49
375,1000,2021,bench,36
375,1000,2022,starter,60
320,1001,2015,starter,15
320,1001,2016,rotation,51
320,1001,2017,rotation,22
320,1001,2018,starter,64
320,1001,2019,starter,83
320,1001,2020,starter,80
320,1001,2021,rotation,24
320,1001,2022,rotation,41
320,1001,2023,bench,96
320,1001,2024,starter,41
94,1002,2021,starter,97
94,1002,2022,rotation,36
94,1002,2023,starter,10
203,1002,2024,bench,23
266,1003,2016,rotation,41
334,1003,2017,starter,18
334,1003,2018,starter,39
334,1003,2019,starter,2
334,1003,2020,starter,53
177,1003,2021,starter,10
177,1003,2022,rotation,93
177,1003,2023,starter,63
177,1003,2024,starter,58
185,1004,2015,starter,56
185,1004,2016,rotation,91
185,1004,2017,starter,9
185,1004,2018,starter,81
185,1004,2019,starter,89
185,1004,2020,starter,79
185,1004,2021,starter,82
185,1004,2022,starter,49
185,1004,2023,starter,41
185,1004,2024,starter,43
197,1005,2015,rotation,37
197,1005,2016,starter,50
197,1005,2017,starter,58
197,1005,2018,rotation,84
155,1005,2019,bench,69
155,1005,2020,starter,48
155,1005,2021,rotation,22
155,1005,2022,starter,72
350,1005,2023,starter,43
89,1006,2015,bench,27
89,1006,2016,starter,93
89,1006,2017,rotation,28
186,1006,2018,bench,54
177,1006,2019,starter,72
177,1006,2020,starter,92
177,1006,2021,starter,36
177,1006,2022,rotation,60
177,1006,2023,rotation,33
177,1006,2024,starter,26
153,1007,2015,starter,78
153,1007,2016,rotation,52
153,1007,2017,starter,2
153,1007,2018,starter,46
153,1007,2019,starter,98
153,1007,2020,bench,72
153,1007,2021,starter,60
153,1007,2022,rotation,57
111,1007,2023,starter,77
111,1007,2024,rotation,54
169,1010,2015,starter,85
169,1010,2016,starter,92
169,1010,2017,starter,85
169,1010,2018,starter,73
169,1010,2019,rotation,4
169,1010,2020,starter,49
169,1010,2021,bench,67
368,1010,2022,starter,51
368,1010,2023,starter,86
368,1010,2024,starter,73
316,1011,2015,starter,79
316,1011,2016,starter,42
316,1011,2017,starter,18
316,1011,2018,rotation,39
316,1011,2019,starter,10
316,1011,2020,starter,15
316,1011,2021,starter,71
316,1011,2022,rotation,36
316,1011,2023,starter,46
316,1011,2024,starter,21
320,1012,2015,starter,38
224,1012,2016,bench,2
224,1012,2017,bench,88
35,1012,2018,starter,71
35,1012,2019,rotation,68
35,1012,2020,starter,12
35,1012,2021,starter,34
35,1012,2022,starter,96
35,1012,2023,starter,39
291,1012,2024,starter,62
370,1013,2015,starter,69
71,1013,2016,rotation,3
71,1013,2017,starter,60
71,1013,2018,starter,30
160,1013,2019,starter,41
160,1013,2020,starter,26
160,1013,2021,starter,71
160,1013,2022,starter,1
305,1013,2023,starter,16
305,1013,2024,starter,98
301,1014,2015,starter,3
151,1014,2016,starter,92
151,1014,2017,starter,52
151,1014,2018,rotation,6
151,1014,2019,starter,58
151,1014,2020,rotation,97
151,1014,2021,bench,24
151,1014,2022,starter,9
151,1014,2023,starter,61
151,1014,2024,starter,74
364,1016,2015,starter,47
364,1016,2016,starter,30
364,1016,2017,starter,88
364,1016,2018,bench,13
364,1016,2019,bench,40
346,1016,2020,bench,5
346,1016,2021,bench,34
275,1016,2022,rotation,48
275,1016,2023,bench,15
275,1016,2024,rotation,22
183,1017,2015,rotation,36
183,1017,2016,starter,84
183,1017,2017,starter,21
183,1017,2018,starter,19
183,1017,2019,starter,66
183,1017,2020,rotation,47
183,1017,2021,starter,40
367,1017,2022,starter,19
367,1017,2023,bench,58
323,1018,2021,rotation,79
323,1018,2022,starter,41
377,1018,2023,starter,84
377,1018,2024,bench,3
23,1019,2023,rotation,49
23,1019,2024,starter,57
218,1020,2024,starter,90
227,1021,2015,starter,65
227,1021,2016,rotation,42
227,1021,2017,rotation,27
227,1021,2018,rotation,35
305,1021,2019,starter,84
305,1021,2020,rotation,58
305,1021,2021,rotation,66
305,1021,2022,starter,65
305,1021,2023,starter,29
305,1021,2024,starter,92
247,1022,2015,rotation,22
247,1022,2016,starter,51
15,1022,2017,starter,89
15,1022,2018,bench,68
213,1022,2019,bench,23
213,1022,2020,starter,42
213,1022,2021,starter,95
213,1022,2022,starter,26
213,1022,2023,starter,46
213,1022,2024,starter,10
251,1023,2015,starter,67
251,1023,2016,starter,71
80,1023,2017,rotation,36
155,1023,2018,bench,76
155,1023,2019,starter,16
155,1023,2020,rotation,55
307,1023,2021,rotation,22
307,1023,2022,rotation,45
307,1023,2023,rotation,96
307,1023,2024,bench,95
336,1024,2015,starter,54
336,1024,2016,starter,85
336,1024,2017,starter,5
336,1024,2018,bench,28
336,1024,2019,rotation,80
336,1024,2020,starter,13
336,1024,2021,starter,43
336,1024,2022,starter,3
336,1024,2023,starter,97
336,1024,2024,starter,18
349,1025,2019,starter,54
349,1025,2020,starter,80
349,1025,2021,starter,1
349,1025,2022,starter,20
349,1025,2023,starter,89
349,1025,2024,starter,89
224,1026,2015,starter,80
224,1026,2016,rotation,89
224,1026,2017,starter,59
224,1026,2018,starter,24
224,1026,2019,rotation,31
224,1026,2020,starter,61
224,1026,2021,rotation,21
224,1026,2022,starter,77
224,1026,2023,bench,86
224,1026,2024,starter,21
2,1027,2020,bench,17
68,1027,2021,starter,67
68,1027,2022,rotation,76
68,1027,2023,starter,88
68,1027,2024,starter,92
365,1028,2015,starter,7
365,1028,2016,starter,83
365,1028,2017,starter,18
365,1028,2018,bench,87
220,1028,2019,starter,66
220,1028,2020,starter,31
220,1028,2021,starter,73
220,1028,2022,bench,87
220,1028,2023,rotation,59
220,1028,2024,rotation,45
341,1029,2015,starter,54
341,1029,2016,starter,27
341,1029,2017,starter,98
341,1029,2018,bench,12
341,1029,2019,starter,48
379,1029,2020,bench,36
379,1029,2021,starter,22
379,1029,2022,starter,2
141,1030,2015,starter,35
141,1030,2016,rotation,20
141,1030,2017,rotation,75
141,1030,2018,starter,2
141,1030,2019,starter,94
141,1030,2020,starter,13
141,1030,2021,bench,14
141,1030,2022,rotation,3
141,1030,2023,rotation,83
172,1032,2015,bench,21
172,1032,2016,starter,94
304,1032,2017,starter,28
130,1032,2018,starter,17
130,1032,2019,bench,15
130,1032,2020,starter,49
130,1032,2021,starter,98
130,1032,2022,rotation,45
130,1032,2023,rotation,54
130,1032,2024,rotation,74
331,1033,2015,bench,61
331,1033,2016,bench,69
308,1033,2017,starter,55
308,1033,2018,starter,58
286,1033,2019,bench,14
286,1033,2020,starter,94
286,1033,2021,rotation,71
286,1033,2022,starter,62
286,1033,2023,rotation,40
286,1033,2024,starter,69
297,1035,2015,starter,54
297,1035,2016,starter,77
231,1035,2017,starter,2
231,1035,2018,starter,24
231,1035,2019,starter,14
231,1035,2020,starter,2
231,1035,2021,starter,56
231,1035,2022,starter,54
231,1035,2023,bench,77
231,1035,2024,starter,53
338,1036,2023,rotation,55
194,1036,2024,starter,4
248,1037,2015,starter,52
107,1037,2016,starter,18
107,1037,2017,rotation,72
107,1037,2018,starter,72
107,1037,2019,starter,27
107,1037,2020,rotation,54
107,1037,2021,starter,82
346,1037,2022,rotation,25
346,1037,2023,starter,21
346,1037,2024,bench,38
379,1039,2015,rotation,20
379,1039,2016,starter,88
379,1039,2017,starter,76
379,1039,2018,starter,69
379,1039,2019,starter,59
379,1039,2020,starter,65
379,1039,2021,rotation,10
166,1039,2022,starter,44
166,1039,2023,starter,15
166,1039,2024,starter,42
277,1040,2015,rotation,96
277,1040,2016,starter,20
277,1040,2017,starter,18
277,1040,2018,starter,91
277,1040,2019,rotation,85
277,1040,2020,starter,24
280,1040,2021,starter,53
280,1040,2022,rotation,34
280,1040,2023,starter,54
280,1040,2024,rotation,63
128,1041,2015,starter,59
128,1041,2016,starter,24
128,1041,2017,starter,43
128,1041,2018,starter,21
128,1041,2019,starter,79
128,1041,2020,bench,12
128,1041,2021,bench,45
42,1041,2022,rotation,16
221,1041,2023,starter,37
221,1041,2024,rotation,45
303,1042,2020,starter,7
303,1042,2021,starter,69
303,1042,2022,bench,71
303,1042,2023,starter,35
303,1042,2024,starter,7
219,1043,2020,rotation,73
219,1043,2021,starter,59
345,1043,2022,starter,88
345,1043,2023,starter,22
345,1043,2024,starter,12
58,1045,2022,starter,68
58,1045,2023,rotation,90
58,1045,2024,rotation,94
324,1046,2015,starter,43
324,1046,2016,starter,47
346,1046,2017,bench,53
346,1046,2018,rotation,68
346,1046,2019,bench,38
346,1046,2020,rotation,65
346,1046,2021,starter,74
277,1046,2022,starter,69
277,1046,2023,starter,73
277,1046,2024,starter,23
271,1048,2015,bench,71
271,1048,2016,rotation,60
271,1048,2017,rotation,51
271,1048,2018,rotation,25
271,1048,2019,starter,53
271,1048,2020,starter,26
271,1048,2021,starter,6
271,1048,2022,rotation,3
243,1048,2023,rotation,23
188,1048,2024,starter,89
209,1049,2023,rotation,8
209,1049,2024,starter,42
289,1050,2015,rotation,67
197,1050,2016,rotation,20
197,1050,2017,starter,18
324,1050,2018,starter,41
332,1050,2019,rotation,57
332,1050,2020,rotation,62
332,1050,2021,starter,74
191,1051,2015,bench,90
191,1051,2016,starter,8
191,1051,2017,starter,70
275,1051,2018,starter,39
275,1051,2019,rotation,38
275,1051,2020,rotation,93
275,1051,2021,rotation,88
275,1051,2022,rotation,72
275,1051,2023,rotation,40
275,1051,2024,rotation,75
380,1052,2015,starter,21
217,1052,2016,bench,52
217,1052,2017,starter,90
217,1052,2018,starter,53
217,1052,2019,starter,16
217,1052,2020,rotation,86
160,1052,2021,rotation,79
333,1053,2015,bench,27
152,1053,2016,starter,73
152,1053,2017,starter,30
152,1053,2018,starter,95
152,1053,2019,starter,20
152,1053,2020,starter,25
303,1053,2021,rotation,30
303,1053,2022,starter,51
303,1053,2023,starter,54
9,1054,2015,starter,27
9,1054,2016,rotation,65
9,1054,2017,starter,7
9,1054,2018,starter,55
9,1054,2019,bench,78
9,1054,2020,starter,57
9,1054,2021,starter,41
9,1054,2022,starter,76
9,1054,2023,rotation,33
9,1054,2024,starter,35
55,1055,2015,starter,31
55,1055,2016,rotation,21
55,1055,2017,starter,77
55,1055,2018,starter,65
55,1055,2019,rotation,84
55,1055,2020,rotation,57
55,1055,2021,starter,49
55,1055,2022,starter,84
129,1055,2023,starter,36
129,1055,2024,rotation,35
108,1056,2018,starter,81
108,1056,2019,rotation,46
108,1056,2020,rotation,6
108,1056,2021,rotation,8
108,1056,2022,starter,28
108,1056,2023,bench,97
108,1056,2024,bench,35
100,1057,2018,bench,28
100,1057,2019,starter,46
100,1057,2020,starter,95
100,1057,2021,starter,18
100,1057,2022,starter,55
100,1057,2023,rotation,97
100,1057,2024,starter,17
279,1058,2018,starter,69
279,1058,2019,starter,82
279,1058,2020,starter,43
279,1058,2021,starter,49
279,1058,2022,rotation,72
279,1058,2023,starter,41
279,1058,2024,starter,4
35,1059,2015,starter,11
35,1059,2016,starter,69
246,1059,2017,starter,55
246,1059,2018,starter,57
358,1059,2019,rotation,49
358,1059,2020,rotation,62
358,1059,2021,rotation,85
358,1059,2022,starter,57
358,1059,2023,rotation,87
358,1059,2024,rotation,13
165,1060,2015,bench,19
165,1060,2016,starter,26
165,1060,2017,rotation,20
165,1060,2018,rotation,68
165,1060,2019,starter,73
165,1060,2020,bench,57
165,1060,2021,rotation,4
165,1060,2022,starter,93
165,1060,2023,bench,8
165,1060,2024,rotation,2
23,1061,2015,starter,64
23,1061,2016,rotation,13
23,1061,2017,starter,45
23,1061,2018,starter,9
23,1061,2019,rotation,72
23,1061,2020,rotation,87
23,1061,2021,rotation,2
23,1061,2022,rotation,41
23,1061,2023,starter,59
23,1061,2024,starter,46
65,1062,2020,starter,2
65,1062,2021,rotation,23
176,1062,2022,starter,74
176,1062,2023,starter,74
176,1062,2024,starter,69
258,1063,2015,bench,74
258,1063,2016,rotation,70
258,1063,2017,starter,42
258,1063,2018,bench,90
258,1063,2019,starter,20
258,1063,2020,bench,2
224,1063,2021,rotation,76
188,1063,2022,starter,83
188,1063,2023,starter,89
188,1063,2024,bench,76
372,1064,2023,bench,97
28,1064,2024,rotation,9
147,1065,2015,rotation,90
147,1065,2016,rotation,13
147,1065,2017,starter,47
349,1065,2018,starter,68
349,1065,2019,bench,55
349,1065,2020,rotation,84
349,1065,2021,rotation,71
349,1065,2022,starter,54
349,1065,2023,bench,41
349,1065,2024,bench,88
154,1066,2015,bench,47
337,1066,2016,rotation,94
337,1066,2017,starter,84
337,1066,2018,starter,7
337,1066,2019,rotation,45
337,1066,2020,rotation,94
337,1066,2021,starter,40
337,1066,2022,starter,38
337,1066,2023,starter,95
337,1066,2024,starter,56
115,1067,2016,starter,65
115,1067,2017,starter,72
360,1067,2018,starter,65
121,1067,2019,starter,10
276,1067,2020,starter,43
276,1067,2021,starter,52
276,1067,2022,starter,18
276,1067,2023,rotation,46
276,1067,2024,starter,21
269,1068,2023,starter,77
288,1068,2024,starter,36
110,1069,2019,starter,20
110,1069,2020,starter,23
110,1069,2021,bench,24
110,1069,2022,starter,27
110,1069,2023,bench,71
110,1069,2024,starter,59
343,1070,2015,rotation,49
343,1070,2016,bench,6
343,1070,2017,bench,6
343,1070,2018,starter,73
343,1070,2019,bench,58
259,1070,2020,rotation,56
259,1070,2021,rotation,4
259,1070,2022,starter,70
259,1070,2023,bench,67
10,1070,2024,starter,86
263,1071,2015,starter,64
263,1071,2016,bench,44
263,1071,2017,bench,90
263,1071,2018,rotation,56
380,1071,2019,rotation,8
380,1071,2020,starter,87
380,1071,2021,starter,91
380,1071,2022,starter,42
380,1071,2023,starter,54
348,1071,2024,starter,92
334,1072,2015,rotation,16
334,1072,2016,rotation,44
334,1072,2017,starter,75
334,1072,2018,bench,78
334,1072,2019,rotation,70
334,1072,2020,starter,38
334,1072,2021,starter,30
334,1072,2022,bench,90
334,1072,2023,starter,49
81,1073,2015,starter,45
255,1073,2016,starter,88
255,1073,2017,rotation,95
255,1073,2018,starter,92
255,1073,2019,rotation,33
255,1073,2020,rotation,16
255,1073,2021,starter,15
255,1073,2022,rotation,2
255,1073,2023,starter,3
255,1073,2024,bench,57
236,1074,2018,rotation,12
236,1074,2019,starter,40
236,1074,2020,starter,1
236,1074,2021,rotation,41
137,1074,2022,rotation,70
137,1074,2023,bench,76
137,1074,2024,starter,48
170,1075,2015,starter,48
159,1075,2016,bench,91
159,1075,2017,bench,85
159,1075,2018,rotation,75
159,1075,2019,starter,59
159,1075,2020,starter,68
159,1075,2021,rotation,14
159,1075,2022,rotation,80
159,1075,2023,starter,96
193,1075,2024,bench,95
244,1077,2015,rotation,20
244,1077,2016,starter,46
244,1077,2017,rotation,68
244,1077,2018,starter,20
244,1077,2019,starter,91
244,1077,2020,bench,33
244,1077,2021,bench,19
244,1077,2022,starter,72
244,1077,2023,rotation,52
244,1077,2024,rotation,90
144,1078,2017,starter,32
144,1078,2018,bench,50
144,1078,2019,starter,3
144,1078,2020,rotation,18
144,1078,2021,starter,74
144,1078,2022,starter,37
144,1078,2023,starter,50
144,1078,2024,rotation,79
210,1079,2016,rotation,28
210,1079,2017,bench,88
210,1079,2018,bench,66
210,1079,2019,starter,12
231,1079,2020,starter,31
231,1079,2021,rotation,11
231,1079,2022,starter,70
231,1079,2023,starter,84
231,1079,2024,starter,27
250,1080,2021,bench,22
250,1080,2022,starter,49
250,1080,2023,starter,57
250,1080,2024,rotation,64
347,1082,2015,starter,16
347,1082,2016,rotation,3
347,1082,2017,starter,57
347,1082,2018,starter,39
347,1082,2019,bench,17
347,1082,2020,starter,32
347,1082,2021,bench,88
347,1082,2022,starter,97
347,1082,2023,starter,95
347,1082,2024,starter,36
118,1083,2015,starter,53
358,1083,2016,starter,65
358,1083,2017,starter,46
358,1083,2018,rotation,96
358,1083,2019,starter,80
358,1083,2020,starter,31
358,1083,2021,starter,63
358,1083,2022,starter,1
358,1083,2023,rotation,1
358,1083,2024,bench,14
208,1084,2015,rotation,69
208,1084,2016,starter,26
348,1084,2017,bench,49
348,1084,2018,bench,25
348,1084,2019,starter,68
348,1084,2020,starter,92
348,1084,2021,starter,21
348,1084,2022,bench,88
348,1084,2023,starter,67
348,1084,2024,bench,3
80,1085,2015,bench,22
80,1085,2016,bench,24
80,1085,2017,starter,75
80,1085,2018,starter,43
360,1085,2019,starter,2
360,1085,2020,rotation,19
360,1085,2021,rotation,3
360,1085,2022,bench,68
360,1085,2023,starter,91
360,1085,2024,starter,17
347,1086,2022,starter,47
347,1086,2023,bench,52
347,1086,2024,bench,34
291,1087,2024,starter,29
146,1088,2018,starter,52
146,1088,2019,starter,58
146,1088,2020,starter,43
146,1088,2021,starter,90
146,1088,2022,bench,94
146,1088,2023,rotation,16
146,1088,2024,starter,14
122,1089,2015,rotation,17
122,1089,2016,rotation,49
284,1089,2017,rotation,8
284,1089,2018,rotation,26
284,1089,2019,starter,67
284,1089,2020,rotation,18
284,1089,2021,rotation,46
284,1089,2022,rotation,37
318,1090,2020,rotation,79
180,1090,2021,bench,74
76,1090,2022,bench,65
76,1090,2023,starter,86
76,1090,2024,rotation,74
364,1091,2023,starter,54
364,1091,2024,starter,56
157,1092,2015,bench,33
157,1092,2016,starter,26
157,1092,2017,starter,60
157,1092,2018,bench,49
157,1092,2019,starter,62
157,1092,2020,starter,31
157,1092,2021,rotation,91
157,1092,2022,rotation,37
172,1093,2015,rotation,91
172,1093,2016,rotation,54
172,1093,2017,bench,27
172,1093,2018,bench,82
172,1093,2019,starter,92
351,1093,2020,starter,97
351,1093,2021,bench,85
351,1093,2022,rotation,69
351,1093,2023,rotation,97
351,1093,2024,starter,42
359,1095,2017,rotation,13
359,1095,2018,starter,59
359,1095,2019,starter,98
359,1095,2020,starter,53
359,1095,2021,bench,97
359,1095,2022,starter,95
359,1095,2023,bench,27
359,1095,2024,rotation,45
332,1096,2015,bench,42
332,1096,2016,starter,59
332,1096,2017,bench,79
217,1096,2018,starter,10
274,1096,2019,starter,17
274,1096,2020,starter,22
274,1096,2021,rotation,94
274,1096,2022,bench,5
274,1096,2023,rotation,30
274,1096,2024,starter,50
309,1097,2019,starter,12
309,1097,2020,starter,93
309,1097,2021,rotation,2
309,1097,2022,bench,17
222,1097,2023,rotation,77
218,1097,2024,rotation,12
363,1100,2015,starter,68
363,1100,2016,bench,97
363,1100,2017,starter,75
363,1100,2018,starter,82
363,1100,2019,starter,35
106,1102,2015,bench,26
106,1102,2016,starter,43
106,1102,2017,rotation,15
302,1102,2018,rotation,3
302,1102,2019,rotation,29
302,1102,2020,starter,27
302,1102,2021,bench,64
302,1102,2022,rotation,71
302,1102,2023,starter,13
237,1103,2022,rotation,52
237,1103,2023,rotation,6
237,1103,2024,bench,23
355,1104,2015,rotation,30
355,1104,2016,starter,77
355,1104,2017,bench,86
355,1104,2018,rotation,48
355,1104,2019,rotation,66
355,1104,2020,rotation,8
355,1104,2021,starter,74
355,1104,2022,starter,13
355,1104,2023,starter,49
355,1104,2024,starter,94
315,1105,2015,rotation,55
315,1105,2016,starter,8
315,1105,2017,starter,52
315,1105,2018,rotation,13
315,1105,2019,starter,41
315,1105,2020,starter,6
315,1105,2021,rotation,32
315,1105,2022,rotation,67
315,1105,2023,starter,4
315,1105,2024,rotation,5
221,1106,2015,starter,31
221,1106,2016,starter,43
221,1106,2017,rotation,24
221,1106,2018,rotation,84
221,1106,2019,rotation,10
221,1106,2020,starter,68
221,1106,2021,starter,47
326,1106,2022,starter,43
213,1106,2023,rotation,55
213,1106,2024,starter,14
49,1108,2015,rotation,45
49,1108,2016,bench,3
49,1108,2017,starter,20
49,1108,2018,starter,49
49,1108,2019,starter,62
49,1108,2020,starter,28
49,1108,2021,rotation,26
49,1108,2022,starter,20
16,1109,2023,starter,2
288,1109,2024,bench,64
307,1110,2015,starter,89
307,1110,2016,starter,82
307,1110,2017,starter,52
307,1110,2018,bench,59
195,1110,2019,starter,59
195,1110,2020,starter,2
195,1110,2021,rotation,72
195,1110,2022,starter,7
195,1110,2023,bench,75
195,1110,2024,starter,69
73,1111,2015,starter,75
73,1111,2016,starter,48
73,1111,2017,starter,8
73,1111,2018,starter,30
73,1111,2019,bench,17
73,1111,2020,starter,41
73,1111,2021,starter,12
73,1111,2022,rotation,98
73,1111,2023,starter,96
73,1111,2024,starter,5
109,1112,2021,bench,72
109,1112,2022,starter,62
109,1112,2023,starter,19
109,1112,2024,rotation,84
375,1113,2015,starter,91
375,1113,2016,starter,23
375,1113,2017,rotation,83
378,1113,2018,starter,66
378,1113,2019,starter,12
378,1113,2020,starter,53
378,1113,2021,bench,81
378,1113,2022,starter,5
312,1114,2015,starter,65
312,1114,2016,bench,44
316,1114,2017,rotation,44
316,1114,2018,starter,38
316,1114,2019,starter,63
316,1114,2020,rotation,44
316,1114,2021,rotation,11
316,1114,2022,rotation,39
106,1115,2020,rotation,5
106,1115,2021,rotation,83
349,1115,2022,starter,72
349,1115,2023,starter,60
349,1115,2024,rotation,21
87,1116,2015,rotation,60
87,1116,2016,starter,31
87,1116,2017,starter,53
87,1116,2018,starter,36
87,1116,2019,starter,54
87,1116,2020,starter,53
87,1116,2021,rotation,16
253,1117,2015,starter,82
346,1117,2016,rotation,84
346,1117,2017,starter,72
346,1117,2018,rotation,54
346,1117,2019,bench,29
8,1117,2020,starter,81
8,1117,2021,starter,75
8,1117,2022,rotation,12
8,1117,2023,rotation,65
8,1117,2024,starter,19
328,1118,2024,starter,53
33,1119,2015,starter,14
33,1119,2016,starter,35
33,1119,2017,rotation,27
33,1119,2018,bench,16
33,1119,2019,starter,70
33,1119,2020,starter,78
174,1119,2021,starter,81
335,1119,2022,starter,59
181,1120,2015,bench,91
181,1120,2016,starter,55
181,1120,2017,starter,87
181,1120,2018,starter,44
181,1120,2019,rotation,5
375,1120,2020,starter,84
375,1120,2021,starter,11
375,1120,2022,rotation,10
375,1120,2023,rotation,87
375,1120,2024,starter,52
126,1122,2015,bench,6
126,1122,2016,starter,1
126,1122,2017,starter,7
126,1122,2018,starter,82
126,1122,2019,rotation,84
126,1122,2020,starter,92
126,1122,2021,starter,29
126,1122,2022,rotation,48
126,1122,2023,starter,78
368,1123,2015,rotation,23
366,1123,2016,rotation,18
366,1123,2017,starter,67
201,1123,2018,rotation,18
201,1123,2019,starter,73
201,1123,2020,rotation,32
201,1123,2021,starter,54
201,1123,2022,rotation,75
201,1123,2023,starter,77
201,1123,2024,rotation,6
369,1124,2018,rotation,93
369,1124,2019,starter,35
369,1124,2020,starter,18
369,1124,2021,starter,88
369,1124,2022,rotation,84
369,1124,2023,starter,43
369,1124,2024,rotation,41
176,1125,2015,starter,65
176,1125,2016,starter,53
176,1125,2017,starter,24
176,1125,2018,rotation,49
176,1125,2019,rotation,54
176,1125,2020,rotation,31
176,1125,2021,starter,41
176,1125,2022,starter,10
176,1125,2023,bench,82
176,1125,2024,starter,82
365,1126,2015,starter,47
365,1126,2016,bench,49
365,1126,2017,starter,69
365,1126,2018,starter,6
365,1126,2019,starter,64
365,1126,2020,starter,90
365,1126,2021,starter,89
365,1126,2022,bench,89
365,1126,2023,starter,48
365,1126,2024,bench,88
201,1127,2015,starter,57
201,1127,2016,starter,51
201,1127,2017,rotation,43
279,1127,2018,rotation,97
279,1127,2019,rotation,53
279,1127,2020,starter,40
279,1127,2021,starter,74
279,1127,2022,rotation,6
279,1127,2023,starter,14
279,1127,2024,starter,48
297,1128,2020,starter,16
297,1128,2021,starter,42
297,1128,2022,starter,8
297,1128,2023,bench,35
297,1128,2024,starter,61
68,1129,2015,bench,63
68,1129,2016,starter,30
68,1129,2017,bench,10
68,1129,2018,starter,47
68,1129,2019,bench,95
68,1129,2020,starter,66
68,1129,2021,starter,25
68,1129,2022,bench,11
68,1129,2023,rotation,78
68,1129,2024,starter,27
358,1130,2015,rotation,60
358,1130,2016,rotation,86
358,1130,2017,starter,2
358,1130,2018,starter,62
358,1130,2019,starter,79
358,1130,2020,starter,71
310,1130,2021,rotation,72
350,1130,2022,starter,89
350,1130,2023,bench,59
366,1130,2024,starter,6
156,1131,2015,rotation,6
156,1131,2016,bench,32
156,1131,2017,starter,61
156,1131,2018,starter,83
156,1131,2019,rotation,65
156,1131,2020,starter,82
156,1131,2021,starter,43
156,1131,2022,starter,83
156,1131,2023,starter,12
117,1132,2015,bench,15
117,1132,2016,starter,73
117,1132,2017,rotation,86
117,1132,2018,starter,31
117,1132,2019,starter,1
117,1132,2020,starter,49
117,1132,2021,starter,60
117,1132,2022,starter,19
269,1132,2023,starter,68
269,1132,2024,rotation,40
373,1133,2015,starter,65
373,1133,2016,starter,40
373,1133,2017,rotation,20
373,1133,2018,starter,80
373,1133,2019,starter,73
373,1133,2020,starter,72
160,1133,2021,rotation,13
160,1133,2022,starter,92
160,1133,2023,starter,2
160,1133,2024,starter,21
212,1134,2015,starter,19
212,1134,2016,starter,24
212,1134,2017,starter,30
212,1134,2018,rotation,97
212,1134,2019,starter,75
212,1134,2020,starter,54
212,1134,2021,bench,14
212,1134,2022,starter,70
212,1134,2023,rotation,26
212,1134,2024,starter,34
360,1135,2023,starter,88
360,1135,2024,starter,57
316,1136,2015,bench,34
316,1136,2016,rotation,30
316,1136,2017,starter,7
186,1136,2018,rotation,14
186,1136,2019,starter,87
251,1136,2020,bench,53
25,1136,2021,starter,16
366,1136,2022,bench,92
366,1136,2023,starter,46
366,1136,2024,starter,36
162,1137,2016,starter,7
162,1137,2017,bench,78
162,1137,2018,starter,97
162,1137,2019,rotation,95
162,1137,2020,starter,61
162,1137,2021,starter,57
162,1137,2022,bench,26
162,1137,2023,bench,89
162,1137,2024,starter,54
379,1138,2018,starter,42
379,1138,2019,starter,42
379,1138,2020,bench,6
379,1138,2021,starter,87
379,1138,2022,starter,60
379,1138,2023,starter,88
379,1138,2024,starter,14
139,1139,2024,rotation,8
375,1140,2015,rotation,66
375,1140,2016,starter,19
375,1140,2017,starter,24
375,1140,2018,rotation,96
375,1140,2019,rotation,87
107,1140,2020,starter,7
107,1140,2021,starter,11
337,1140,2022,rotation,27
337,1140,2023,rotation,31
337,1140,2024,starter,8
167,1141,2015,starter,81
167,1141,2016,rotation,8
167,1141,2017,starter,3
27,1141,2018,starter,88
252,1141,2019,starter,71
252,1141,2020,starter,21
252,1141,2021,rotation,81
252,1141,2022,starter,34
252,1141,2023,starter,48
299,1141,2024,bench,54
175,1142,2024,starter,44
188,1143,2015,bench,10
188,1143,2016,starter,57
188,1143,2017,bench,51
188,1143,2018,starter,29
188,1143,2019,starter,7
188,1143,2020,rotation,69
188,1143,2021,starter,89
188,1143,2022,rotation,65
188,1143,2023,rotation,71
188,1143,2024,starter,20
363,1144,2015,starter,83
363,1144,2016,starter,57
72,1144,2017,starter,64
72,1144,2018,starter,87
72,1144,2019,rotation,71
40,1144,2020,bench,74
40,1144,2021,bench,38
40,1144,2022,starter,3
40,1144,2023,starter,17
40,1144,2024,rotation,30
372,1145,2015,starter,83
372,1145,2016,rotation,67
372,1145,2017,starter,66
372,1145,2018,starter,50
372,1145,2019,starter,58
372,1145,2020,rotation,24
372,1145,2021,starter,15
372,1145,2022,starter,10
282,1145,2023,starter,94
179,1146,2015,rotation,43
179,1146,2016,bench,76
311,1146,2017,starter,50
311,1146,2018,starter,24
311,1146,2019,bench,15
311,1146,2020,rotation,29
311,1146,2021,starter,29
311,1146,2022,starter,59
238,1147,2022,starter,30
238,1147,2023,starter,65
238,1147,2024,starter,69
353,1148,2024,bench,36
142,1149,2015,rotation,49
142,1149,2016,starter,40
142,1149,2017,starter,19
142,1149,2018,rotation,13
321,1149,2019,rotation,48
321,1149,2020,bench,76
321,1149,2021,rotation,93
321,1149,2022,starter,84
321,1149,2023,bench,10
321,1149,2024,starter,83
198,1150,2016,starter,3
198,1150,2017,starter,95
366,1150,2018,bench,76
78,1150,2019,starter,39
78,1150,2020,starter,72
78,1150,2021,starter,86
78,1150,2022,starter,74
78,1150,2023,starter,67
78,1150,2024,starter,15
296,1151,2015,rotation,2
296,1151,2016,bench,27
296,1151,2017,starter,17
296,1151,2018,starter,66
346,1151,2019,starter,25
346,1151,2020,rotation,37
305,1151,2021,rotation,41
305,1151,2022,starter,78
372,1151,2023,rotation,63
372,1151,2024,rotation,11
114,1152,2015,starter,80
114,1152,2016,bench,72
114,1152,2017,bench,61
114,1152,2018,bench,44
114,1152,2019,rotation,67
114,1152,2020,starter,55
114,1152,2021,starter,89
114,1152,2022,bench,26
114,1152,2023,starter,84
114,1152,2024,starter,5
155,1153,2015,starter,14
155,1153,2016,starter,72
155,1153,2017,bench,17
155,1153,2018,starter,70
155,1153,2019,starter,13
155,1153,2020,rotation,41
155,1153,2021,starter,40
155,1153,2022,starter,4
155,1153,2023,starter,69
155,1153,2024,bench,85
12,1156,2017,rotation,19
12,1156,2018,starter,51
12,1156,2019,rotation,1
12,1156,2020,starter,28
370,1156,2021,starter,34
370,1156,2022,starter,23
115,1156,2023,rotation,48
115,1156,2024,starter,25
302,1157,2016,rotation,51
302,1157,2017,rotation,65
302,1157,2018,rotation,62
302,1157,2019,starter,82
302,1157,2020,starter,8
302,1157,2021,starter,85
302,1157,2022,starter,26
302,1157,2023,starter,11
302,1157,2024,starter,2
160,1158,2015,rotation,71
160,1158,2016,starter,56
160,1158,2017,bench,63
160,1158,2018,starter,75
160,1158,2019,starter,85
160,1158,2020,starter,82
160,1158,2021,starter,6
140,1158,2022,starter,25
348,1158,2023,starter,4
348,1158,2024,starter,6
176,1159,2015,rotation,23
176,1159,2016,rotation,52
176,1159,2017,starter,7
176,1159,2018,starter,70
176,1159,2019,rotation,19
176,1159,2020,starter,60
176,1159,2021,rotation,4
176,1159,2022,bench,65
176,1159,2023,bench,22
176,1159,2024,rotation,41
224,1160,2015,rotation,65
224,1160,2016,starter,36
224,1160,2017,bench,81
224,1160,2018,starter,36
224,1160,2019,rotation,89
224,1160,2020,starter,64
224,1160,2021,starter,42
224,1160,2022,rotation,56
224,1160,2023,starter,71
224,1160,2024,starter,70
353,1161,2023,starter,97
133,1161,2024,bench,31
123,1162,2015,starter,15
123,1162,2016,starter,12
123,1162,2017,starter,46
336,1162,2018,rotation,17
336,1162,2019,starter,34
336,1162,2020,rotation,48
336,1162,2021,starter,37
336,1162,2022,bench,86
336,1162,2023,starter,80
336,1162,2024,rotation,91
189,1163,2015,bench,93
189,1163,2016,rotation,11
189,1163,2017,starter,23
189,1163,2018,bench,88
189,1163,2019,starter,69
189,1163,2020,starter,36
189,1163,2021,rotation,74
189,1163,2022,rotation,41
189,1163,2023,starter,66
189,1163,2024,rotation,82
160,1164,2015,starter,24
160,1164,2016,starter,97
160,1164,2017,starter,9
160,1164,2018,bench,47
160,1164,2019,starter,62
160,1164,2020,bench,94
160,1164,2021,starter,91
160,1164,2022,bench,59
160,1164,2023,starter,10
160,1164,2024,bench,55
314,1165,2017,bench,47
23,1165,2018,starter,32
23,1165,2019,starter,11
23,1165,2020,starter,34
23,1165,2021,starter,46
285,1165,2022,rotation,48
285,1165,2023,starter,53
285,1165,2024,rotation,72
222,1166,2015,starter,1
222,1166,2016,starter,45
374,1166,2017,rotation,75
374,1166,2018,bench,83
374,1166,2019,starter,11
374,1166,2020,rotation,79
374,1166,2021,starter,4
374,1166,2022,rotation,33
374,1166,2023,bench,51
374,1166,2024,starter,92
349,1167,2017,starter,20
349,1167,2018,rotation,76
349,1167,2019,rotation,66
357,1167,2020,starter,30
357,1167,2021,rotation,81
232,1167,2022,bench,19
232,1167,2023,starter,86
232,1167,2024,starter,61
314,1168,2015,starter,24
314,1168,2016,starter,22
314,1168,2017,starter,89
314,1168,2018,starter,2
314,1168,2019,starter,45
314,1168,2020,starter,80
314,1168,2021,starter,75
314,1168,2022,rotation,49
314,1168,2023,starter,82
314,1168,2024,starter,91
354,1170,2015,bench,95
354,1170,2016,bench,94
354,1170,2017,starter,88
354,1170,2018,starter,98
354,1170,2019,rotation,49
321,1171,2015,starter,22
354,1171,2016,rotation,38
354,1171,2017,starter,19
354,1171,2018,starter,34
354,1171,2019,bench,33
349,1171,2020,rotation,27
349,1171,2021,starter,61
349,1171,2022,bench,54
349,1171,2023,starter,56
349,1171,2024,rotation,87
177,1172,2015,bench,1
363,1172,2016,starter,73
363,1172,2017,starter,95
363,1172,2018,rotation,6
363,1172,2019,starter,97
363,1172,2020,starter,56
363,1172,2021,starter,62
363,1172,2022,bench,44
174,1172,2023,starter,87
174,1172,2024,bench,62
175,1173,2016,rotation,63
175,1173,2017,bench,70
175,1173,2018,bench,71
175,1173,2019,starter,45
85,1173,2020,starter,53
85,1173,2021,starter,18
85,1173,2022,starter,88
332,1173,2023,bench,48
169,1173,2024,starter,80
272,1174,2023,starter,34
272,1174,2024,rotation,47
236,1175,2017,starter,49
236,1175,2018,starter,50
236,1175,2019,starter,22
236,1175,2020,starter,36
236,1175,2021,starter,24
236,1175,2022,rotation,87
236,1175,2023,rotation,72
236,1175,2024,starter,80
315,1176,2022,starter,22
315,1176,2023,rotation,34
315,1176,2024,rotation,46
333,1177,2015,starter,7
333,1177,2016,starter,13
333,1177,2017,starter,80
333,1177,2018,starter,7
333,1177,2019,bench,58
333,1177,2020,starter,2
333,1177,2021,starter,71
333,1177,2022,starter,53
333,1177,2023,starter,29
333,1177,2024,bench,87
89,1178,2024,starter,2
138,1179,2015,bench,40
138,1179,2016,rotation,64
138,1179,2017,starter,76
138,1179,2018,rotation,90
138,1179,2019,starter,84
138,1179,2020,bench,10
138,1179,2021,starter,51
138,1179,2022,rotation,53
138,1179,2023,bench,45
138,1179,2024,starter,13
228,1180,2015,starter,33
228,1180,2016,rotation,95
151,1180,2017,rotation,9
151,1180,2018,starter,28
151,1180,2019,starter,58
151,1180,2020,starter,42
151,1180,2021,starter,72
151,1180,2022,starter,34
151,1180,2023,starter,19
151,1180,2024,rotation,3
376,1181,2015,rotation,21
376,1181,2016,starter,80
376,1181,2017,starter,81
376,1181,2018,rotation,88
376,1181,2019,bench,20
376,1181,2020,starter,94
376,1181,2021,starter,91
376,1181,2022,starter,66
197,1181,2023,bench,5
197,1181,2024,starter,11
142,1182,2015,starter,48
142,1182,2016,rotation,28
283,1182,2017,starter,94
283,1182,2018,bench,69
283,1182,2019,starter,38
283,1182,2020,starter,6
283,1182,2021,starter,57
322,1182,2022,starter,13
322,1182,2023,rotation,92
322,1182,2024,bench,45
232,1183,2018,rotation,64
232,1183,2019,rotation,6
232,1183,2020,starter,57
232,1183,2021,starter,57
148,1183,2022,rotation,39
148,1183,2023,bench,75
148,1183,2024,starter,63
373,1184,2015,starter,46
373,1184,2016,rotation,41
373,1184,2017,starter,29
373,1184,2018,rotation,6
373,1184,2019,starter,94
373,1184,2020,starter,77
373,1184,2021,bench,68
141,1184,2022,starter,66
141,1184,2023,starter,94
141,1184,2024,starter,49
351,1185,2015,starter,59
351,1185,2016,starter,57
351,1185,2017,starter,59
351,1185,2018,rotation,19
351,1185,2019,rotation,62
351,1185,2020,starter,8
325,1186,2015,starter,72
325,1186,2016,starter,35
325,1186,2017,starter,48
325,1186,2018,starter,48
325,1186,2019,starter,21
108,1186,2020,starter,51
108,1186,2021,rotation,26
108,1186,2022,rotation,89
108,1186,2023,starter,67
364,1186,2024,starter,19
299,1187,2015,starter,88
299,1187,2016,rotation,93
299,1187,2017,rotation,2
299,1187,2018,rotation,51
299,1187,2019,rotation,68
299,1187,2020,rotation,41
316,1187,2021,starter,44
316,1187,2022,starter,44
316,1187,2023,starter,9
316,1187,2024,bench,33
85,1188,2015,starter,10
85,1188,2016,rotation,5
378,1188,2017,bench,50
378,1188,2018,starter,54
378,1188,2019,starter,24
378,1188,2020,starter,27
190,1188,2021,rotation,18
190,1188,2022,bench,3
190,1188,2023,starter,54
190,1188,2024,rotation,59
312,1189,2015,rotation,92
312,1189,2016,starter,45
312,1189,2017,starter,76
312,1189,2018,rotation,68
312,1189,2019,bench,10
305,1189,2020,starter,42
180,1189,2021,starter,69
9,1190,2015,rotation,29
9,1190,2016,starter,38
155,1190,2017,starter,93
155,1190,2018,starter,53
155,1190,2019,starter,11
153,1190,2020,starter,68
153,1190,2021,starter,70
153,1190,2022,starter,57
153,1190,2023,rotation,3
366,1190,2024,rotation,16
331,1191,2021,rotation,83
331,1191,2022,starter,20
331,1191,2023,starter,83
331,1191,2024,starter,89
380,1192,2018,bench,73
380,1192,2019,starter,34
380,1192,2020,rotation,85
380,1192,2021,starter,40
380,1192,2022,starter,98
380,1192,2023,rotation,48
380,1192,2024,starter,64
307,1193,2017,starter,85
307,1193,2018,starter,68
307,1193,2019,starter,16
307,1193,2020,starter,86
362,1193,2021,starter,89
362,1193,2022,starter,73
362,1193,2023,starter,65
328,1193,2024,starter,71
182,1194,2017,starter,62
182,1194,2018,starter,80
362,1194,2019,starter,36
362,1194,2020,rotation,56
362,1194,2021,rotation,61
362,1194,2022,starter,85
362,1194,2023,rotation,32
362,1194,2024,bench,97
155,1195,2015,rotation,66
117,1195,2016,rotation,25
117,1195,2017,starter,51
117,1195,2018,starter,12
117,1195,2019,bench,16
117,1195,2020,starter,92
117,1195,2021,starter,90
50,1195,2022,starter,2
135,1195,2023,rotation,26
354,1195,2024,bench,62
233,1196,2017,bench,60
233,1196,2018,bench,57
233,1196,2019,bench,22
233,1196,2020,starter,94
233,1196,2021,starter,3
233,1196,2022,starter,80
321,1196,2023,starter,64
162,1196,2024,starter,78
159,1198,2018,rotation,89
159,1198,2019,starter,62
159,1198,2020,starter,5
159,1198,2021,starter,83
159,1198,2022,starter,73
159,1198,2023,bench,23
159,1198,2024,starter,90
110,1199,2021,starter,54
110,1199,2022,bench,12
110,1199,2023,starter,91
110,1199,2024,starter,42
103,1200,2022,starter,95
103,1200,2023,starter,15
103,1200,2024,starter,43
138,1201,2020,starter,51
138,1201,2021,starter,30
138,1201,2022,rotation,38
138,1201,2023,starter,71
138,1201,2024,bench,27
291,1202,2020,bench,12
291,1202,2021,starter,15
291,1202,2022,starter,86
291,1202,2023,bench,90
291,1202,2024,starter,25
336,1205,2015,rotation,70
71,1205,2016,rotation,76
71,1205,2017,starter,88
71,1205,2018,starter,26
71,1205,2019,bench,73
71,1205,2020,rotation,19
71,1205,2021,starter,24
71,1205,2022,starter,24
71,1205,2023,starter,60
312,1206,2015,starter,1
312,1206,2016,rotation,39
312,1206,2017,starter,44
312,1206,2018,starter,16
312,1206,2019,starter,78
312,1206,2020,rotation,72
312,1206,2021,starter,28
113,1206,2022,bench,75
113,1206,2023,rotation,71
113,1206,2024,rotation,41
330,1207,2016,starter,34
330,1207,2017,bench,59
330,1207,2018,starter,58
330,1207,2019,starter,76
330,1207,2020,starter,27
330,1207,2021,bench,97
330,1207,2022,bench,34
330,1207,2023,starter,15
330,1207,2024,starter,71
130,1209,2015,starter,75
130,1209,2016,starter,18
130,1209,2017,bench,40
346,1209,2018,rotation,46
346,1209,2019,starter,68
346,1209,2020,rotation,38
346,1209,2021,rotation,87
346,1209,2022,rotation,94
346,1209,2023,rotation,63
346,1209,2024,starter,88
295,1210,2015,starter,61
322,1210,2016,starter,2
322,1210,2017,starter,59
322,1210,2018,bench,10
322,1210,2019,rotation,42
298,1210,2020,starter,29
298,1210,2021,bench,94
298,1210,2022,starter,39
298,1210,2023,bench,61
358,1211,2021,starter,7
187,1211,2022,starter,26
187,1211,2023,bench,73
187,1211,2024,starter,44
278,1212,2018,starter,8
278,1212,2019,bench,89
278,1212,2020,bench,43
278,1212,2021,rotation,71
278,1212,2022,starter,5
278,1212,2023,starter,43
278,1212,2024,rotation,77
372,1214,2015,starter,60
372,1214,2016,starter,4
372,1214,2017,starter,35
372,1214,2018,starter,65
372,1214,2019,rotation,18
372,1214,2020,starter,50
372,1214,2021,bench,30
372,1214,2022,rotation,11
265,1215,2020,bench,33
265,1215,2021,bench,8
265,1215,2022,starter,95
265,1215,2023,starter,84
265,1215,2024,bench,14
308,1217,2015,starter,88
308,1217,2016,starter,4
308,1217,2017,starter,68
308,1217,2018,starter,30
308,1217,2019,starter,56
308,1217,2020,starter,26
33,1217,2021,rotation,72
33,1217,2022,starter,5
33,1217,2023,bench,96
33,1217,2024,bench,13
50,1218,2015,starter,80
50,1218,2016,starter,18
50,1218,2017,rotation,16
269,1218,2018,starter,47
269,1218,2019,rotation,66
313,1218,2020,starter,38
313,1218,2021,bench,49
313,1218,2022,bench,61
313,1218,2023,rotation,3
313,1218,2024,starter,20
27,1221,2015,rotation,32
265,1221,2016,starter,51
265,1221,2017,starter,22
265,1221,2018,starter,28
244,1221,2019,rotation,98
244,1221,2020,rotation,79
244,1221,2021,starter,58
244,1221,2022,starter,95
244,1221,2023,rotation,64
244,1221,2024,bench,52
59,1222,2015,starter,75
59,1222,2016,bench,58
59,1222,2017,rotation,95
59,1222,2018,starter,18
59,1222,2019,starter,3
320,1223,2015,starter,54
320,1223,2016,bench,64
320,1223,2017,starter,10
320,1223,2018,starter,25
320,1223,2019,starter,71
320,1223,2020,starter,52
320,1223,2021,starter,38
320,1223,2022,starter,69
320,1223,2023,starter,73
320,1223,2024,starter,74
376,1224,2021,starter,14
376,1224,2022,rotation,85
376,1224,2023,starter,96
376,1224,2024,rotation,55
357,1225,2018,bench,96
357,1225,2019,rotation,14
357,1225,2020,starter,35
357,1225,2021,starter,84
357,1225,2022,starter,50
357,1225,2023,starter,79
357,1225,2024,rotation,49
299,1226,2022,rotation,66
299,1226,2023,starter,8
299,1226,2024,bench,55
308,1227,2015,rotation,17
308,1227,2016,starter,37
308,1227,2017,rotation,81
192,1227,2018,rotation,57
192,1227,2019,starter,38
192,1227,2020,starter,15
192,1227,2021,rotation,65
192,1227,2022,bench,8
192,1227,2023,bench,79
192,1227,2024,starter,70
124,1228,2015,bench,51
124,1228,2016,rotation,10
124,1228,2017,bench,72
124,1228,2018,bench,69
124,1228,2019,bench,45
124,1228,2020,starter,70
236,1228,2021,starter,76
342,1229,2015,bench,95
342,1229,2016,starter,19
342,1229,2017,rotation,21
342,1229,2018,rotation,15
342,1229,2019,bench,74
342,1229,2020,rotation,71
349,1231,2015,starter,15
349,1231,2016,rotation,89
349,1231,2017,starter,87
364,1231,2018,rotation,62
364,1231,2019,starter,61
364,1231,2020,rotation,47
364,1231,2021,starter,53
364,1231,2022,starter,19
333,1232,2015,bench,88
333,1232,2016,starter,19
330,1232,2017,starter,40
330,1232,2018,starter,19
330,1232,2019,starter,55
330,1232,2020,starter,72
330,1232,2021,starter,64
330,1232,2022,starter,78
368,1233,2019,starter,49
368,1233,2020,starter,86
368,1233,2021,bench,82
368,1233,2022,starter,32
368,1233,2023,rotation,76
242,1233,2024,starter,10
105,1235,2023,starter,87
105,1235,2024,starter,66
342,1237,2015,starter,42
342,1237,2016,bench,15
342,1237,2017,rotation,5
313,1237,2018,starter,43
313,1237,2019,bench,38
313,1237,2020,rotation,28
313,1237,2021,starter,96
313,1237,2022,rotation,96
313,1237,2023,starter,9
222,1238,2015,starter,31
222,1238,2016,bench,35
222,1238,2017,starter,84
222,1238,2018,starter,43
84,1238,2019,starter,58
84,1238,2020,rotation,91
84,1238,2021,bench,91
84,1238,2022,starter,68
84,1238,2023,starter,9
84,1238,2024,starter,41
346,1239,2015,starter,67
346,1239,2016,rotation,68
7,1239,2017,starter,25
7,1239,2018,rotation,85
7,1239,2019,rotation,68
7,1239,2020,rotation,63
7,1239,2021,starter,22
7,1239,2022,starter,16
7,1239,2023,starter,82
7,1239,2024,rotation,71
306,1240,2024,starter,9
144,1241,2019,starter,89
144,1241,2020,bench,17
144,1241,2021,starter,48
144,1241,2022,starter,74
355,1241,2023,rotation,33
355,1241,2024,starter,26
121,1242,2016,starter,21
121,1242,2017,bench,41
121,1242,2018,starter,30
121,1242,2019,starter,7
121,1242,2020,starter,55
29,1242,2021,starter,7
29,1242,2022,rotation,81
29,1242,2023,starter,40
29,1242,2024,bench,31
235,1243,2015,rotation,11
235,1243,2016,starter,18
164,1243,2017,starter,98
6,1243,2018,rotation,15
6,1243,2019,rotation,76
6,1243,2020,starter,70
6,1243,2021,bench,49
6,1243,2022,starter,6
6,1243,2023,starter,56
6,1243,2024,starter,50
314,1244,2015,starter,60
314,1244,2016,rotation,14
314,1244,2017,rotation,40
314,1244,2018,rotation,26
314,1244,2019,bench,28
314,1244,2020,starter,72
314,1244,2021,bench,33
314,1244,2022,starter,26
360,1244,2023,bench,42
360,1244,2024,rotation,19
149,1245,2022,starter,86
149,1245,2023,starter,47
149,1245,2024,starter,88
207,1246,2015,starter,17
207,1246,2016,rotation,51
207,1246,2017,rotation,17
207,1246,2018,bench,91
207,1246,2019,bench,28
207,1246,2020,rotation,59
207,1246,2021,starter,34
207,1246,2022,starter,20
261,1246,2023,starter,44
261,1246,2024,starter,11
338,1248,2015,starter,64
7,1248,2016,rotation,73
7,1248,2017,starter,92
7,1248,2018,rotation,97
37,1248,2019,rotation,42
37,1248,2020,starter,16
37,1248,2021,starter,16
339,1249,2020,starter,97
339,1249,2021,bench,82
339,1249,2022,starter,4
336,1249,2023,starter,39
336,1249,2024,starter,20
364,1250,2024,starter,30
140,1251,2015,starter,33
140,1251,2016,rotation,15
140,1251,2017,starter,47
140,1251,2018,bench,22
140,1251,2019,rotation,69
140,1251,2020,bench,92
140,1251,2021,starter,39
140,1251,2022,rotation,32
46,1252,2023,starter,10
46,1252,2024,starter,93
366,1254,2015,starter,76
366,1254,2016,rotation,11
366,1254,2017,starter,51
366,1254,2018,bench,98
126,1254,2019,starter,20
126,1254,2020,starter,2
126,1254,2021,starter,40
126,1254,2022,bench,59
126,1254,2023,bench,12
126,1254,2024,starter,97
325,1255,2018,bench,73
325,1255,2019,rotation,31
325,1255,2020,starter,12
325,1255,2021,starter,5
325,1255,2022,starter,10
30,1255,2023,bench,87
30,1255,2024,starter,43
369,1256,2015,starter,65
369,1256,2016,rotation,22
369,1256,2017,starter,32
369,1256,2018,bench,64
369,1256,2019,starter,48
369,1256,2020,starter,19
369,1256,2021,rotation,36
369,1256,2022,rotation,57
369,1256,2023,starter,22
369,1256,2024,starter,66
346,1257,2017,rotation,62
346,1257,2018,starter,45
346,1257,2019,starter,94
346,1257,2020,starter,60
346,1257,2021,rotation,43
346,1257,2022,rotation,7
346,1257,2023,starter,89
346,1257,2024,starter,45
376,1258,2015,rotation,89
376,1258,2016,starter,69
376,1258,2017,starter,43
376,1258,2018,starter,15
376,1258,2019,rotation,60
187,1259,2015,starter,67
187,1259,2016,rotation,97
209,1259,2017,starter,50
209,1259,2018,starter,49
209,1259,2019,bench,62
209,1259,2020,bench,62
209,1259,2021,bench,25
209,1259,2022,rotation,30
209,1259,2023,starter,19
209,1259,2024,rotation,46
168,1260,2021,rotation,35
168,1260,2022,bench,62
168,1260,2023,rotation,63
168,1260,2024,starter,79
359,1261,2015,rotation,77
359,1261,2016,rotation,3
359,1261,2017,starter,53
359,1261,2018,starter,52
359,1261,2019,starter,53
359,1261,2020,starter,24
359,1261,2021,rotation,74
359,1261,2022,rotation,75
359,1261,2023,starter,94
359,1261,2024,bench,40
31,1262,2021,rotation,38
129,1262,2022,starter,24
320,1262,2023,bench,67
320,1262,2024,starter,68
203,1263,2019,rotation,33
203,1263,2020,starter,52
203,1263,2021,starter,79
203,1263,2022,rotation,58
203,1263,2023,starter,27
203,1263,2024,starter,70
286,1264,2023,starter,45
286,1264,2024,starter,88
177,1265,2018,starter,60
52,1265,2019,starter,49
52,1265,2020,starter,98
52,1265,2021,rotation,92
52,1265,2022,starter,86
52,1265,2023,starter,32
211,1265,2024,rotation,83
168,1266,2022,starter,15
168,1266,2023,starter,94
168,1266,2024,starter,11
79,1267,2015,starter,44
79,1267,2016,rotation,26
79,1267,2017,bench,40
79,1267,2018,bench,65
79,1267,2019,starter,7
79,1267,2020,starter,41
79,1267,2021,starter,9
79,1267,2022,starter,87
79,1267,2023,bench,48
79,1267,2024,rotation,74
359,1268,2015,starter,62
359,1268,2016,starter,49
359,1268,2017,bench,63
99,1268,2018,bench,68
99,1268,2019,rotation,56
99,1268,2020,rotation,9
363,1268,2021,rotation,10
363,1268,2022,starter,46
363,1268,2023,starter,92
363,1268,2024,rotation,89
352,1269,2015,starter,11
352,1269,2016,rotation,51
352,1269,2017,starter,25
352,1269,2018,rotation,17
352,1269,2019,starter,57
352,1269,2020,starter,26
352,1269,2021,starter,85
298,1269,2022,starter,18
298,1269,2023,starter,65
298,1269,2024,starter,32
362,1270,2015,rotation,24
362,1270,2016,rotation,45
362,1270,2017,bench,34
362,1270,2018,rotation,71
362,1270,2019,starter,2
232,1270,2020,bench,64
232,1270,2021,starter,2
232,1270,2022,starter,3
232,1270,2023,rotation,38
211,1271,2015,bench,86
211,1271,2016,starter,73
211,1271,2017,starter,80
211,1271,2018,starter,30
211,1271,2019,bench,74
211,1271,2020,starter,84
211,1271,2021,starter,8
211,1271,2022,starter,35
303,1271,2023,bench,58
303,1271,2024,rotation,25
5,1272,2024,starter,16
368,1273,2015,starter,42
368,1273,2016,starter,52
362,1273,2017,bench,85
362,1273,2018,starter,47
362,1273,2019,starter,9
362,1273,2020,starter,54
21,1274,2017,rotation,70
21,1274,2018,starter,49
21,1274,2019,starter,13
21,1274,2020,rotation,39
21,1274,2021,starter,60
21,1274,2022,rotation,85
21,1274,2023,bench,31
21,1274,2024,rotation,20
313,1275,2015,starter,67
313,1275,2016,starter,65
313,1275,2017,rotation,60
313,1275,2018,bench,15
313,1275,2019,starter,15
313,1275,2020,starter,32
313,1275,2021,starter,25
313,1275,2022,starter,33
313,1275,2023,rotation,84
313,1275,2024,starter,62
346,1277,2015,rotation,77
346,1277,2016,rotation,39
346,1277,2017,starter,46
346,1277,2018,rotation,95
154,1277,2019,starter,36
154,1277,2020,starter,24
154,1277,2021,starter,50
355,1278,2024,starter,23
64,1279,2018,starter,22
64,1279,2019,starter,8
64,1279,2020,starter,7
64,1279,2021,rotation,17
64,1279,2022,bench,39
64,1279,2023,starter,61
64,1279,2024,starter,86
17,1281,2015,rotation,60
17,1281,2016,starter,39
17,1281,2017,starter,76
17,1281,2018,bench,6
17,1281,2019,starter,27
17,1281,2020,starter,74
17,1281,2021,starter,17
17,1281,2022,rotation,98
17,1281,2023,starter,27
17,1281,2024,starter,9
2,1282,2015,rotation,65
2,1282,2016,starter,47
218,1282,2017,starter,62
218,1282,2018,starter,91
218,1282,2019,starter,22
218,1282,2020,rotation,31
218,1282,2021,rotation,40
376,1283,2024,bench,64
310,1284,2023,starter,56
310,1284,2024,starter,1
338,1285,2015,starter,46
338,1285,2016,rotation,27
338,1285,2017,starter,51
358,1285,2018,rotation,59
358,1285,2019,bench,69
358,1285,2020,starter,53
358,1285,2021,starter,83
358,1285,2022,starter,71
358,1285,2023,starter,50
358,1285,2024,rotation,57
213,1286,2023,starter,82
213,1286,2024,starter,54
136,1287,2015,starter,42
136,1287,2016,starter,67
136,1287,2017,starter,1
136,1287,2018,starter,49
136,1287,2019,starter,58
136,1287,2020,starter,49
136,1287,2021,rotation,45
136,1287,2022,starter,53
136,1287,2023,starter,83
136,1287,2024,bench,63
367,1288,2023,starter,66
170,1288,2024,bench,4
65,1289,2019,starter,26
65,1289,2020,starter,84
65,1289,2021,starter,24
65,1289,2022,bench,46
65,1289,2023,starter,59
65,1289,2024,starter,57
293,1290,2015,rotation,32
293,1290,2016,bench,78
293,1290,2017,starter,2
293,1290,2018,starter,8
293,1290,2019,starter,60
293,1290,2020,starter,74
293,1290,2021,starter,20
293,1290,2022,starter,25
293,1290,2023,starter,36
293,1290,2024,bench,73
172,1291,2015,starter,16
172,1291,2016,starter,49
172,1291,2017,starter,20
172,1291,2018,starter,44
172,1291,2019,rotation,80
172,1291,2020,starter,96
172,1291,2021,starter,82
172,1291,2022,starter,33
270,1291,2023,rotation,84
270,1291,2024,starter,73
203,1292,2023,starter,3
203,1292,2024,rotation,83
335,1293,2015,rotation,15
335,1293,2016,rotation,87
335,1293,2017,bench,40
335,1293,2018,starter,55
363,1293,2019,starter,73
363,1293,2020,rotation,81
363,1293,2021,starter,48
363,1293,2022,rotation,93
363,1293,2023,rotation,95
363,1293,2024,starter,11
286,1294,2015,starter,44
286,1294,2016,rotation,90
286,1294,2017,starter,20
286,1294,2018,starter,68
286,1294,2019,starter,61
286,1294,2020,rotation,25
245,1294,2021,starter,34
245,1294,2022,bench,64
245,1294,2023,starter,96
245,1294,2024,starter,88
286,1295,2017,rotation,96
293,1295,2018,starter,25
293,1295,2019,starter,84
293,1295,2020,starter,35
293,1295,2021,starter,53
293,1295,2022,rotation,23
293,1295,2023,starter,97
293,1295,2024,starter,5
257,1298,2023,rotation,8
257,1298,2024,starter,14
18,1299,2015,starter,50
18,1299,2016,bench,68
18,1299,2017,starter,93
18,1299,2018,bench,57
18,1299,2019,starter,23
18,1299,2020,bench,15
18,1299,2021,starter,81
125,1300,2020,starter,76
125,1300,2021,starter,86
125,1300,2022,starter,50
125,1300,2023,starter,37
125,1300,2024,rotation,30
177,1301,2015,starter,62
177,1301,2016,starter,82
321,1301,2017,starter,47
321,1301,2018,starter,6
321,1301,2019,starter,76
321,1301,2020,starter,15
321,1301,2021,starter,48
321,1301,2022,rotation,72
321,1301,2023,starter,33
321,1301,2024,starter,54
174,1302,2023,bench,94
174,1302,2024,rotation,81
172,1304,2015,starter,72
172,1304,2016,bench,98
172,1304,2017,starter,57
172,1304,2018,rotation,84
172,1304,2019,starter,7
172,1304,2020,bench,20
172,1304,2021,rotation,5
172,1304,2022,starter,18
172,1304,2023,starter,61
172,1304,2024,rotation,36
137,1306,2015,starter,83
137,1306,2016,starter,83
137,1306,2017,starter,30
137,1306,2018,starter,49
170,1306,2019,starter,20
170,1306,2020,starter,49
170,1306,2021,rotation,13
170,1306,2022,starter,61
170,1306,2023,starter,42
170,1306,2024,starter,20
358,1308,2015,starter,74
358,1308,2016,rotation,21
358,1308,2017,starter,96
12,1308,2018,starter,32
12,1308,2019,starter,75
12,1308,2020,starter,84
12,1308,2021,starter,29
12,1308,2022,rotation,84
12,1308,2023,starter,9
12,1308,2024,starter,69
108,1309,2023,starter,93
108,1309,2024,starter,18
6,1310,2021,rotation,15
6,1310,2022,starter,52
6,1310,2023,rotation,48
6,1310,2024,rotation,16
290,1311,2015,starter,29
290,1311,2016,starter,17
290,1311,2017,starter,21
290,1311,2018,rotation,84
290,1311,2019,rotation,8
290,1311,2020,starter,55
290,1311,2021,starter,80
290,1311,2022,rotation,33
151,1312,2015,starter,37
151,1312,2016,rotation,60
151,1312,2017,rotation,31
133,1312,2018,rotation,88
133,1312,2019,bench,8
133,1312,2020,starter,52
133,1312,2021,rotation,41
133,1312,2022,bench,45
133,1312,2023,starter,22
133,1312,2024,starter,4
362,1313,2016,rotation,69
146,1313,2017,starter,51
111,1313,2018,starter,75
111,1313,2019,starter,58
111,1313,2020,starter,63
111,1313,2021,starter,20
43,1313,2022,rotation,78
43,1313,2023,starter,75
43,1313,2024,rotation,60
355,1314,2023,starter,70
355,1314,2024,bench,13
351,1316,2022,starter,84
351,1316,2023,starter,8
351,1316,2024,starter,53
345,1318,2019,bench,68
345,1318,2020,rotation,65
345,1318,2021,starter,49
345,1318,2022,starter,32
345,1318,2023,starter,46
345,1318,2024,starter,14
199,1320,2015,bench,17
199,1320,2016,starter,80
199,1320,2017,starter,48
258,1320,2018,bench,43
258,1320,2019,starter,69
258,1320,2020,starter,87
258,1320,2021,starter,62
258,1320,2022,starter,89
258,1320,2023,starter,28
258,1320,2024,bench,73
91,1321,2017,starter,91
91,1321,2018,rotation,9
157,1321,2019,bench,21
157,1321,2020,rotation,86
157,1321,2021,bench,4
157,1321,2022,starter,81
157,1321,2023,bench,16
157,1321,2024,rotation,91
48,1322,2015,starter,82
48,1322,2016,starter,85
48,1322,2017,bench,64
48,1322,2018,starter,60
346,1322,2019,bench,70
346,1322,2020,starter,4
346,1322,2021,starter,46
346,1322,2022,bench,32
353,1323,2015,bench,8
353,1323,2016,rotation,78
324,1323,2017,starter,24
324,1323,2018,starter,94
324,1323,2019,starter,86
324,1323,2020,starter,68
324,1323,2021,starter,46
324,1323,2022,starter,16
324,1323,2023,rotation,31
324,1323,2024,rotation,83
97,1324,2015,starter,88
334,1324,2016,starter,20
334,1324,2017,starter,46
334,1324,2018,starter,23
334,1324,2019,rotation,97
334,1324,2020,starter,41
334,1324,2021,starter,33
334,1324,2022,starter,86
334,1324,2023,bench,82
380,1325,2015,starter,29
380,1325,2016,rotation,13
380,1325,2017,starter,52
380,1325,2018,starter,13
380,1325,2019,starter,4
380,1325,2020,starter,48
380,1325,2021,starter,74
380,1325,2022,starter,65
380,1325,2023,starter,84
380,1325,2024,rotation,45
152,1327,2015,starter,63
152,1327,2016,bench,46
152,1327,2017,rotation,91
152,1327,2018,rotation,31
152,1327,2019,bench,80
152,1327,2020,starter,40
374,1328,2015,bench,54
374,1328,2016,starter,67
374,1328,2017,starter,74
374,1328,2018,starter,22
374,1328,2019,rotation,81
374,1328,2020,rotation,51
374,1328,2021,rotation,18
374,1328,2022,rotation,62
374,1328,2023,starter,39
374,1328,2024,rotation,11
371,1329,2015,rotation,27
371,1329,2016,rotation,63
371,1329,2017,starter,44
371,1329,2018,starter,33
371,1329,2019,rotation,89
371,1329,2020,starter,94
371,1329,2021,starter,7
371,1329,2022,starter,55
371,1329,2023,starter,77
124,1329,2024,starter,85
350,1330,2017,rotation,62
350,1330,2018,starter,65
350,1330,2019,rotation,98
350,1330,2020,starter,10
350,1330,2021,starter,71
350,1330,2022,rotation,28
350,1330,2023,rotation,38
350,1330,2024,rotation,69
206,1331,2015,starter,19
343,1331,2016,rotation,33
343,1331,2017,starter,53
343,1331,2018,starter,92
343,1331,2019,bench,13
343,1331,2020,bench,69
272,1331,2021,starter,83
272,1331,2022,bench,35
272,1331,2023,starter,93
64,1331,2024,starter,98
85,1332,2019,starter,33
85,1332,2020,starter,69
85,1332,2021,starter,68
85,1332,2022,starter,26
85,1332,2023,starter,37
85,1332,2024,starter,68
357,1333,2020,bench,9
357,1333,2021,rotation,77
357,1333,2022,bench,38
357,1333,2023,bench,1
348,1333,2024,starter,94
358,1334,2024,starter,5
347,1335,2015,rotation,91
347,1335,2016,bench,41
347,1335,2017,starter,86
347,1335,2018,starter,30
152,1335,2019,rotation,47
152,1335,2020,rotation,52
152,1335,2021,rotation,18
152,1335,2022,rotation,39
152,1335,2023,starter,79
152,1335,2024,rotation,80
276,1336,2015,starter,1
276,1336,2016,starter,69
276,1336,2017,starter,22
276,1336,2018,rotation,19
276,1336,2019,starter,45
276,1336,2020,bench,90
276,1336,2021,starter,50
276,1336,2022,starter,2
276,1336,2023,rotation,12
276,1336,2024,rotation,58
52,1337,2016,starter,48
52,1337,2017,starter,93
52,1337,2018,rotation,48
52,1337,2019,starter,1
52,1337,2020,starter,97
52,1337,2021,starter,8
52,1337,2022,rotation,44
52,1337,2023,starter,73
52,1337,2024,starter,31
77,1338,2020,starter,84
77,1338,2021,starter,67
77,1338,2022,rotation,44
77,1338,2023,starter,24
13,1338,2024,starter,37
103,1339,2015,bench,70
103,1339,2016,rotation,57
103,1339,2017,starter,32
103,1339,2018,bench,49
103,1339,2019,starter,6
103,1339,2020,starter,4
103,1339,2021,starter,20
103,1339,2022,bench,14
343,1339,2023,rotation,4
343,1339,2024,starter,52
257,1340,2021,starter,29
257,1340,2022,starter,50
257,1340,2023,starter,36
257,1340,2024,starter,51
349,1341,2015,starter,13
349,1341,2016,rotation,64
349,1341,2017,starter,30
352,1341,2018,starter,80
352,1341,2019,bench,52
352,1341,2020,starter,16
352,1341,2021,rotation,23
352,1341,2022,rotation,2
352,1341,2023,starter,95
352,1341,2024,starter,81
72,1342,2022,rotation,77
72,1342,2023,starter,80
72,1342,2024,bench,19
331,1343,2015,rotation,2
331,1343,2016,starter,98
331,1343,2017,bench,60
331,1343,2018,rotation,52
331,1343,2019,bench,16
331,1343,2020,starter,73
331,1343,2021,starter,9
331,1343,2022,rotation,92
331,1343,2023,rotation,90
375,1343,2024,starter,77
369,1344,2018,bench,98
369,1344,2019,starter,24
369,1344,2020,rotation,55
369,1344,2021,bench,15
369,1344,2022,rotation,93
369,1344,2023,starter,31
369,1344,2024,starter,33
312,1345,2021,starter,49
357,1345,2022,rotation,14
357,1345,2023,starter,81
357,1345,2024,starter,9
254,1347,2017,bench,3
254,1347,2018,bench,56
254,1347,2019,starter,91
254,1347,2020,starter,68
254,1347,2021,rotation,70
254,1347,2022,starter,56
254,1347,2023,starter,86
254,1347,2024,starter,79
204,1349,2015,bench,50
204,1349,2016,starter,75
204,1349,2017,starter,49
312,1349,2018,rotation,1
312,1349,2019,starter,30
312,1349,2020,starter,74
312,1349,2021,starter,57
312,1349,2022,bench,39
312,1349,2023,starter,96
312,1349,2024,starter,43
355,1350,2015,starter,15
355,1350,2016,bench,59
355,1350,2017,starter,15
355,1350,2018,bench,9
311,1350,2019,starter,10
311,1350,2020,starter,22
311,1350,2021,bench,39
263,1350,2022,bench,41
263,1350,2023,rotation,31
263,1350,2024,starter,57
226,1351,2015,starter,94
226,1351,2016,starter,93
226,1351,2017,starter,15
226,1351,2018,starter,66
226,1351,2019,starter,32
226,1351,2020,rotation,96
226,1351,2021,starter,24
226,1351,2022,rotation,62
226,1351,2023,rotation,56
226,1351,2024,starter,78
256,1352,2016,bench,18
157,1352,2017,bench,50
157,1352,2018,starter,88
157,1352,2019,starter,76
157,1352,2020,starter,54
157,1352,2021,starter,5
157,1352,2022,starter,67
157,1352,2023,starter,14
157,1352,2024,starter,73
83,1353,2020,rotation,58
83,1353,2021,rotation,89
83,1353,2022,rotation,44
83,1353,2023,starter,85
83,1353,2024,rotation,53
359,1354,2015,rotation,17
359,1354,2016,rotation,61
359,1354,2017,starter,41
359,1354,2018,starter,10
359,1354,2019,starter,77
359,1354,2020,starter,42
359,1354,2021,starter,6
359,1354,2022,starter,84
359,1354,2023,starter,97
359,1354,2024,starter,8
378,1355,2024,rotation,41
302,1356,2015,bench,98
247,1356,2016,bench,53
247,1356,2017,rotation,23
247,1356,2018,starter,22
247,1356,2019,rotation,86
247,1356,2020,rotation,54
247,1356,2021,starter,35
247,1356,2022,starter,70
247,1356,2023,rotation,8
247,1356,2024,starter,24
204,1358,2015,rotation,15
204,1358,2016,rotation,82
204,1358,2017,bench,78
204,1358,2018,starter,28
204,1358,2019,rotation,86
204,1358,2020,starter,76
204,1358,2021,starter,21
204,1358,2022,starter,73
319,1358,2023,rotation,18
319,1358,2024,starter,50
49,1359,2021,rotation,16
49,1359,2022,rotation,78
176,1359,2023,starter,28
176,1359,2024,starter,1
23,1360,2015,starter,75
23,1360,2016,starter,73
23,1360,2017,starter,29
23,1360,2018,starter,67
23,1360,2019,starter,12
23,1360,2020,bench,84
23,1360,2021,bench,49
23,1360,2022,rotation,49
23,1360,2023,starter,64
23,1360,2024,starter,35
296,1362,2015,starter,55
296,1362,2016,bench,1
296,1362,2017,starter,69
296,1362,2018,rotation,12
296,1362,2019,starter,38
154,1362,2020,rotation,57
154,1362,2021,starter,79
345,1362,2022,rotation,32
345,1362,2023,starter,57
345,1362,2024,bench,61
332,1363,2023,bench,95
332,1363,2024,starter,9
368,1364,2015,starter,32
178,1364,2016,starter,22
178,1364,2017,bench,12
178,1364,2018,starter,70
178,1364,2019,rotation,97
178,1364,2020,starter,47
178,1364,2021,starter,29
178,1364,2022,bench,7
178,1364,2023,starter,16
178,1364,2024,starter,86
252,1365,2015,starter,87
252,1365,2016,rotation,98
252,1365,2017,starter,89
252,1365,2018,starter,77
252,1365,2019,starter,71
252,1365,2020,starter,77
252,1365,2021,rotation,24
252,1365,2022,starter,12
252,1365,2023,starter,79
252,1365,2024,bench,74
162,1366,2015,starter,57
162,1366,2016,starter,16
162,1366,2017,starter,22
162,1366,2018,rotation,61
162,1366,2019,rotation,5
162,1366,2020,rotation,95
162,1366,2021,bench,45
162,1366,2022,starter,33
162,1366,2023,starter,8
162,1366,2024,starter,9
210,1367,2015,starter,35
285,1367,2016,rotation,22
285,1367,2017,starter,75
285,1367,2018,starter,65
285,1367,2019,rotation,16
285,1367,2020,rotation,9
285,1367,2021,bench,12
285,1367,2022,rotation,14
285,1367,2023,starter,29
285,1367,2024,starter,80
156,1368,2015,starter,19
156,1368,2016,starter,20
156,1368,2017,rotation,56
156,1368,2018,starter,67
156,1368,2019,rotation,61
156,1368,2020,bench,50
156,1368,2021,bench,46
156,1368,2022,rotation,15
108,1369,2015,starter,51
108,1369,2016,bench,85
108,1369,2017,bench,38
108,1369,2018,bench,88
108,1369,2019,starter,63
108,1369,2020,bench,34
108,1369,2021,starter,18
108,1369,2022,starter,60
300,1369,2023,bench,43
323,1369,2024,starter,63
125,1370,2016,starter,8
125,1370,2017,bench,92
125,1370,2018,bench,73
125,1370,2019,bench,38
125,1370,2020,starter,84
342,1370,2021,starter,73
342,1370,2022,starter,33
342,1370,2023,starter,42
342,1370,2024,starter,51
368,1371,2015,rotation,52
368,1371,2016,starter,5
371,1371,2017,rotation,91
371,1371,2018,starter,56
371,1371,2019,starter,78
371,1371,2020,starter,36
371,1371,2021,starter,49
371,1371,2022,starter,87
371,1371,2023,starter,78
352,1371,2024,starter,91
169,1372,2015,starter,98
317,1372,2016,rotation,33
317,1372,2017,starter,71
317,1372,2018,starter,57
317,1372,2019,starter,8
317,1372,2020,rotation,91
317,1372,2021,rotation,48
317,1372,2022,bench,15
317,1372,2023,bench,63
317,1372,2024,bench,41
47,1373,2021,starter,2
47,1373,2022,starter,94
47,1373,2023,starter,44
47,1373,2024,rotation,12
27,1374,2015,starter,83
27,1374,2016,bench,74
244,1374,2017,starter,84
244,1374,2018,starter,48
244,1374,2019,starter,12
244,1374,2020,bench,81
244,1374,2021,rotation,19
312,1374,2022,starter,23
312,1374,2023,bench,29
312,1374,2024,starter,97
331,1375,2022,starter,87
331,1375,2023,rotation,20
331,1375,2024,starter,12
378,1376,2015,rotation,12
378,1376,2016,starter,85
378,1376,2017,rotation,15
378,1376,2018,starter,11
3,1376,2019,starter,81
3,1376,2020,rotation,5
336,1376,2021,starter,62
336,1376,2022,starter,24
217,1376,2023,bench,56
217,1376,2024,starter,63
47,1377,2023,rotation,48
165,1377,2024,bench,96
347,1378,2015,starter,80
347,1378,2016,starter,71
347,1378,2017,rotation,71
270,1378,2018,rotation,49
270,1378,2019,rotation,64
270,1378,2020,starter,79
270,1378,2021,starter,83
270,1378,2022,starter,61
270,1378,2023,rotation,80
270,1378,2024,rotation,56
135,1379,2015,bench,42
135,1379,2016,bench,58
135,1379,2017,rotation,16
135,1379,2018,bench,80
135,1379,2019,starter,96
135,1379,2020,starter,8
135,1379,2021,bench,48
135,1379,2022,starter,75
135,1379,2023,rotation,93
135,1379,2024,starter,82
176,1382,2024,starter,31
177,1383,2015,starter,90
177,1383,2016,starter,85
177,1383,2017,bench,89
177,1383,2018,starter,49
177,1383,2019,starter,93
177,1383,2020,starter,34
177,1383,2021,starter,1
177,1383,2022,rotation,81
177,1383,2023,bench,73
212,1383,2024,starter,66
320,1384,2020,bench,51
320,1384,2021,rotation,1
136,1384,2022,starter,69
136,1384,2023,bench,36
136,1384,2024,starter,77
69,1385,2015,rotation,31
69,1385,2016,starter,42
69,1385,2017,rotation,12
369,1385,2018,starter,39
232,1385,2019,starter,91
353,1385,2020,starter,87
353,1385,2021,rotation,7
163,1385,2022,bench,79
23,1386,2015,rotation,32
23,1386,2016,starter,65
23,1386,2017,starter,29
380,1386,2018,starter,91
59,1386,2019,rotation,65
59,1386,2020,rotation,70
59,1386,2021,bench,48
59,1386,2022,starter,24
59,1386,2023,starter,95
59,1386,2024,starter,83
346,1387,2019,starter,5
363,1387,2020,starter,23
363,1387,2021,starter,89
363,1387,2022,rotation,88
363,1387,2023,bench,77
363,1387,2024,bench,6
189,1388,2015,rotation,13
189,1388,2016,starter,38
374,1388,2017,starter,28
374,1388,2018,bench,56
374,1388,2019,starter,25
374,1388,2020,starter,79
374,1388,2021,rotation,5
374,1388,2022,bench,56
374,1388,2023,bench,45
374,1388,2024,bench,14
7,1389,2017,bench,24
7,1389,2018,starter,64
7,1389,2019,rotation,74
7,1389,2020,rotation,26
7,1389,2021,starter,54
7,1389,2022,bench,26
7,1389,2023,starter,9
7,1389,2024,starter,45
124,1391,2022,starter,56
124,1391,2023,rotation,76
124,1391,2024,rotation,78
302,1392,2015,bench,56
302,1392,2016,starter,64
302,1392,2017,rotation,43
302,1392,2018,starter,89
302,1392,2019,rotation,62
302,1392,2020,rotation,56
302,1392,2021,starter,38
302,1392,2022,starter,81
302,1392,2023,rotation,72
302,1392,2024,starter,44
21,1393,2015,starter,54
21,1393,2016,starter,77
21,1393,2017,bench,28
21,1393,2018,bench,8
21,1393,2019,starter,52
21,1393,2020,starter,4
21,1393,2021,starter,28
21,1393,2022,rotation,16
21,1393,2023,bench,95
21,1393,2024,starter,31
148,1394,2015,bench,68
148,1394,2016,starter,58
11,1394,2017,rotation,45
11,1394,2018,starter,47
11,1394,2019,bench,51
292,1394,2020,bench,55
292,1394,2021,starter,92
292,1394,2022,rotation,4
292,1394,2023,rotation,66
133,1394,2024,starter,18
366,1395,2016,starter,78
366,1395,2017,starter,90
366,1395,2018,starter,66
366,1395,2019,starter,4
366,1395,2020,rotation,34
49,1395,2021,starter,63
49,1395,2022,rotation,89
49,1395,2023,starter,19
49,1395,2024,starter,95
377,1397,2015,rotation,55
377,1397,2016,starter,85
377,1397,2017,rotation,50
377,1397,2018,starter,50
377,1397,2019,starter,54
377,1397,2020,rotation,1
373,1397,2021,starter,71
373,1397,2022,starter,46
379,1397,2023,starter,93
379,1397,2024,starter,89
352,1400,2015,starter,20
352,1400,2016,rotation,10
352,1400,2017,starter,61
352,1400,2018,starter,77
352,1400,2019,rotation,94
352,1400,2020,starter,18
352,1400,2021,starter,49
352,1400,2022,starter,16
352,1400,2023,starter,57
352,1400,2024,starter,93
329,1401,2015,bench,60
329,1401,2016,bench,74
329,1401,2017,starter,81
329,1401,2018,rotation,61
329,1401,2019,bench,26
329,1401,2020,starter,18
329,1401,2021,starter,14
329,1401,2022,rotation,8
329,1401,2023,bench,46
329,1401,2024,rotation,5
69,1402,2015,bench,55
3,1402,2016,starter,19
3,1402,2017,rotation,9
3,1402,2018,starter,60
3,1402,2019,starter,79
3,1402,2020,bench,62
3,1402,2021,rotation,10
3,1402,2022,starter,96
3,1402,2023,rotation,8
3,1402,2024,starter,62
316,1404,2021,bench,31
316,1404,2022,rotation,62
364,1404,2023,rotation,83
364,1404,2024,rotation,47
373,1405,2019,starter,85
373,1405,2020,rotation,10
373,1405,2021,starter,11
373,1405,2022,bench,6
373,1405,2023,starter,10
373,1405,2024,starter,31
218,1406,2016,bench,12
218,1406,2017,starter,85
218,1406,2018,starter,6
218,1406,2019,rotation,56
218,1406,2020,bench,1
218,1406,2021,rotation,2
218,1406,2022,rotation,36
218,1406,2023,starter,80
218,1406,2024,bench,47
167,1407,2018,starter,60
167,1407,2019,bench,76
167,1407,2020,rotation,86
167,1407,2021,bench,33
213,1407,2022,starter,15
213,1407,2023,rotation,37
213,1407,2024,starter,95
134,1408,2015,rotation,47
357,1408,2016,starter,53
357,1408,2017,rotation,54
171,1408,2018,bench,39
286,1408,2019,bench,50
286,1408,2020,starter,62
286,1408,2021,starter,72
286,1408,2022,starter,93
286,1408,2023,bench,76
286,1408,2024,starter,85
221,1409,2015,starter,8
353,1409,2016,rotation,49
353,1409,2017,bench,45
353,1409,2018,bench,68
353,1409,2019,starter,86
353,1409,2020,rotation,48
353,1409,2021,starter,5
353,1409,2022,rotation,91
353,1409,2023,rotation,95
353,1409,2024,starter,73
145,1410,2015,rotation,63
145,1410,2016,starter,57
19,1410,2017,starter,75
19,1410,2018,starter,2
19,1410,2019,starter,76
19,1410,2020,bench,62
19,1410,2021,starter,70
19,1410,2022,rotation,1
19,1410,2023,starter,7
275,1410,2024,rotation,58
99,1412,2023,starter,36
99,1412,2024,bench,35
109,1415,2015,starter,30
109,1415,2016,bench,15
109,1415,2017,starter,38
109,1415,2018,starter,39
109,1415,2019,bench,19
109,1415,2020,starter,96
256,1416,2015,bench,67
256,1416,2016,rotation,48
256,1416,2017,rotation,39
256,1416,2018,rotation,88
256,1416,2019,starter,43
256,1416,2020,starter,20
50,1417,2020,bench,91
50,1417,2021,starter,84
50,1417,2022,rotation,42
50,1417,2023,starter,76
50,1417,2024,bench,91
343,1418,2022,bench,63
343,1418,2023,bench,78
343,1418,2024,rotation,69
370,1419,2015,starter,16
370,1419,2016,starter,61
370,1419,2017,starter,85
370,1419,2018,starter,54
370,1419,2019,starter,12
370,1419,2020,rotation,8
379,1419,2021,starter,59
379,1419,2022,rotation,80
379,1419,2023,rotation,75
379,1419,2024,starter,31
118,1420,2016,starter,96
118,1420,2017,starter,9
118,1420,2018,starter,56
118,1420,2019,rotation,43
118,1420,2020,starter,62
118,1420,2021,starter,98
118,1420,2022,rotation,7
118,1420,2023,rotation,49
118,1420,2024,bench,53
237,1421,2015,rotation,6
237,1421,2016,rotation,87
237,1421,2017,bench,26
237,1421,2018,rotation,55
237,1421,2019,starter,34
369,1421,2020,starter,25
369,1421,2021,starter,4
34,1422,2015,starter,64
155,1422,2016,rotation,12
297,1422,2017,starter,39
297,1422,2018,rotation,84
297,1422,2019,rotation,53
297,1422,2020,starter,78
297,1422,2021,bench,54
297,1422,2022,starter,9
297,1422,2023,starter,71
297,1422,2024,starter,21
345,1424,2018,starter,14
345,1424,2019,starter,16
345,1424,2020,starter,48
345,1424,2021,starter,38
345,1424,2022,bench,54
345,1424,2023,bench,38
264,1424,2024,bench,14
160,1426,2016,starter,96
160,1426,2017,starter,65
229,1426,2018,rotation,93
239,1426,2019,bench,27
239,1426,2020,rotation,70
239,1426,2021,starter,63
239,1426,2022,starter,62
239,1426,2023,starter,78
239,1426,2024,starter,26
21,1428,2017,rotation,61
21,1428,2018,bench,98
21,1428,2019,starter,28
21,1428,2020,starter,72
21,1428,2021,starter,64
21,1428,2022,starter,38
21,1428,2023,starter,74
21,1428,2024,bench,49
169,1429,2015,rotation,79
169,1429,2016,starter,36
169,1429,2017,rotation,22
169,1429,2018,bench,40
169,1429,2019,bench,97
169,1429,2020,starter,56
169,1429,2021,starter,64
169,1429,2022,rotation,95
169,1429,2023,rotation,77
169,1429,2024,starter,21
152,1430,2015,starter,43
292,1430,2016,starter,47
292,1430,2017,starter,90
292,1430,2018,rotation,74
292,1430,2019,starter,83
292,1430,2020,bench,59
292,1430,2021,starter,17
380,1431,2015,starter,73
380,1431,2016,starter,9
380,1431,2017,rotation,6
380,1431,2018,rotation,43
380,1431,2019,bench,52
380,1431,2020,starter,8
380,1431,2021,rotation,72
380,1431,2022,starter,44
380,1431,2023,starter,83
380,1431,2024,rotation,36
270,1432,2015,starter,25
270,1432,2016,starter,52
270,1432,2017,rotation,86
270,1432,2018,bench,58
270,1432,2019,bench,66
270,1432,2020,starter,80
366,1432,2021,rotation,6
366,1432,2022,starter,38
1,1432,2023,starter,23
1,1432,2024,rotation,83
283,1433,2015,starter,16
283,1433,2016,starter,51
275,1433,2017,rotation,21
275,1433,2018,starter,59
275,1433,2019,bench,32
275,1433,2020,starter,36
275,1433,2021,starter,91
275,1433,2022,rotation,60
275,1433,2023,starter,59
275,1433,2024,rotation,55
13,1434,2015,bench,98
13,1434,2016,bench,6
13,1434,2017,starter,49
13,1434,2018,rotation,2
13,1434,2019,starter,98
13,1434,2020,starter,43
13,1434,2021,bench,60
13,1434,2022,starter,86
13,1434,2023,starter,97
366,1434,2024,rotation,75
211,1435,2015,starter,95
211,1435,2016,rotation,14
211,1435,2017,starter,24
211,1435,2018,bench,75
211,1435,2019,starter,17
211,1435,2020,starter,17
345,1435,2021,rotation,41
345,1435,2022,starter,85
345,1435,2023,bench,27
85,1436,2015,starter,44
85,1436,2016,starter,89
85,1436,2017,starter,10
85,1436,2018,starter,31
85,1436,2019,rotation,33
85,1436,2020,starter,95
85,1436,2021,starter,81
85,1436,2022,rotation,41
85,1436,2023,starter,87
85,1436,2024,bench,83
308,1438,2015,starter,36
308,1438,2016,starter,87
308,1438,2017,starter,39
308,1438,2018,bench,94
308,1438,2019,starter,88
308,1438,2020,rotation,95
303,1438,2021,starter,53
303,1438,2022,bench,22
303,1438,2023,bench,59
303,1438,2024,starter,29
153,1439,2024,starter,83
355,1440,2015,rotation,64
355,1440,2016,starter,40
355,1440,2017,bench,5
355,1440,2018,bench,78
355,1440,2019,starter,78
355,1440,2020,starter,28
355,1440,2021,starter,88
355,1440,2022,rotation,70
355,1440,2023,starter,97
355,1440,2024,starter,13
363,1441,2015,starter,58
363,1441,2016,rotation,46
363,1441,2017,bench,84
363,1441,2018,starter,65
363,1441,2019,starter,19
363,1441,2020,starter,31
363,1441,2021,rotation,51
363,1441,2022,starter,44
363,1441,2023,starter,50
363,1441,2024,rotation,59
24,1442,2019,starter,2
234,1442,2020,starter,44
234,1442,2021,rotation,4
234,1442,2022,starter,98
234,1442,2023,starter,51
234,1442,2024,rotation,64
364,1444,2023,starter,86
78,1444,2024,rotation,16
305,1445,2015,bench,3
305,1445,2016,rotation,11
215,1445,2017,starter,91
369,1445,2018,starter,59
369,1445,2019,rotation,90
369,1445,2020,bench,22
369,1445,2021,starter,48
369,1445,2022,bench,33
369,1445,2023,starter,85
369,1445,2024,rotation,71
379,1446,2020,bench,54
379,1446,2021,starter,93
24,1446,2022,starter,48
24,1446,2023,starter,91
24,1446,2024,starter,67
229,1447,2015,starter,94
229,1447,2016,starter,17
229,1447,2017,starter,73
229,1447,2018,starter,73
229,1447,2019,rotation,87
229,1447,2020,starter,15
229,1447,2021,rotation,92
229,1447,2022,starter,33
229,1447,2023,starter,58
229,1447,2024,starter,83
172,1448,2018,starter,7
172,1448,2019,rotation,83
172,1448,2020,rotation,6
172,1448,2021,rotation,97
172,1448,2022,starter,39
172,1448,2023,starter,44
366,1448,2024,bench,55
227,1450,2015,starter,17
227,1450,2016,starter,72
227,1450,2017,starter,79
227,1450,2018,rotation,71
227,1450,2019,rotation,18
227,1450,2020,starter,56
227,1450,2021,starter,33
227,1450,2022,starter,80
227,1450,2023,bench,70
227,1450,2024,starter,78
106,1451,2015,starter,41
106,1451,2016,starter,12
295,1451,2017,starter,29
372,1451,2018,starter,51
372,1451,2019,starter,52
372,1451,2020,starter,76
372,1451,2021,starter,10
372,1451,2022,starter,15
372,1451,2023,rotation,84
372,1451,2024,starter,8
206,1452,2015,starter,74
206,1452,2016,rotation,28
206,1452,2017,starter,48
206,1452,2018,bench,63
225,1452,2019,starter,91
225,1452,2020,bench,18
225,1452,2021,starter,20
225,1452,2022,starter,9
225,1452,2023,starter,40
225,1452,2024,starter,17
14,1453,2015,rotation,48
54,1453,2016,starter,54
54,1453,2017,starter,28
54,1453,2018,starter,8
54,1453,2019,starter,50
54,1453,2020,bench,25
301,1453,2021,starter,75
301,1453,2022,starter,52
301,1453,2023,starter,82
92,1453,2024,starter,85
7,1457,2023,starter,96
167,1457,2024,starter,36
20,1459,2015,starter,14
20,1459,2016,starter,82
20,1459,2017,starter,53
80,1459,2018,starter,62
349,1459,2019,starter,69
349,1459,2020,starter,25
349,1459,2021,rotation,71
349,1459,2022,starter,97
61,1460,2018,rotation,27
61,1460,2019,rotation,48
61,1460,2020,starter,74
207,1460,2021,bench,56
207,1460,2022,starter,25
207,1460,2023,starter,2
229,1460,2024,starter,53
224,1461,2021,bench,84
224,1461,2022,starter,95
224,1461,2023,rotation,83
224,1461,2024,starter,9
11,1462,2015,bench,61
11,1462,2016,rotation,83
11,1462,2017,starter,68
11,1462,2018,starter,6
11,1462,2019,starter,89
11,1462,2020,bench,89
62,1462,2021,bench,26
205,1462,2022,starter,43
205,1462,2023,starter,42
205,1462,2024,starter,48
273,1463,2015,rotation,67
273,1463,2016,starter,65
368,1463,2017,rotation,97
368,1463,2018,starter,62
368,1463,2019,starter,40
368,1463,2020,starter,87
140,1463,2021,rotation,96
140,1463,2022,starter,88
140,1463,2023,bench,22
140,1463,2024,bench,16
169,1464,2020,starter,21
169,1464,2021,starter,16
169,1464,2022,starter,36
169,1464,2023,starter,14
169,1464,2024,starter,49
377,1465,2019,starter,1
157,1465,2020,starter,22
157,1465,2021,starter,55
157,1465,2022,bench,29
157,1465,2023,starter,54
157,1465,2024,starter,43
351,1467,2015,rotation,48
351,1467,2016,rotation,26
351,1467,2017,starter,46
351,1467,2018,rotation,43
351,1467,2019,starter,73
351,1467,2020,bench,64
351,1467,2021,rotation,65
351,1467,2022,starter,69
351,1467,2023,starter,98
351,1467,2024,starter,35
63,1468,2015,starter,38
130,1468,2016,bench,81
130,1468,2017,starter,27
130,1468,2018,starter,26
130,1468,2019,starter,1
169,1468,2020,bench,69
169,1468,2021,starter,21
288,1469,2015,starter,88
288,1469,2016,starter,46
288,1469,2017,starter,9
288,1469,2018,rotation,88
288,1469,2019,starter,84
6,1469,2020,rotation,81
312,1470,2015,starter,82
312,1470,2016,starter,29
312,1470,2017,starter,56
312,1470,2018,starter,84
175,1470,2019,starter,74
175,1470,2020,starter,23
175,1470,2021,rotation,79
175,1470,2022,starter,48
175,1470,2023,starter,84
175,1470,2024,bench,16
254,1474,2017,starter,61
254,1474,2018,rotation,61
309,1474,2019,starter,91
309,1474,2020,starter,36
309,1474,2021,starter,30
309,1474,2022,rotation,70
309,1474,2023,starter,16
309,1474,2024,rotation,25
142,1475,2020,bench,62
142,1475,2021,rotation,10
338,1475,2022,starter,35
338,1475,2023,bench,92
338,1475,2024,starter,63
175,1476,2015,starter,68
175,1476,2016,starter,5
175,1476,2017,starter,82
175,1476,2018,rotation,24
175,1476,2019,starter,82
53,1476,2020,starter,32
375,1476,2021,starter,70
375,1476,2022,rotation,36
375,1476,2023,rotation,25
375,1476,2024,starter,91
157,1477,2015,bench,76
157,1477,2016,starter,87
157,1477,2017,starter,47
157,1477,2018,rotation,76
157,1477,2019,bench,82
157,1477,2020,bench,91
157,1477,2021,starter,74
157,1477,2022,starter,25
157,1477,2023,rotation,56
157,1477,2024,bench,26
137,1478,2015,bench,93
137,1478,2016,bench,67
137,1478,2017,rotation,62
137,1478,2018,rotation,7
153,1478,2019,rotation,97
153,1478,2020,rotation,93
153,1478,2021,starter,87
153,1478,2022,rotation,77
153,1478,2023,rotation,94
153,1478,2024,rotation,57
73,1479,2015,starter,48
73,1479,2016,rotation,53
73,1479,2017,starter,40
73,1479,2018,bench,69
73,1479,2019,rotation,31
73,1479,2020,starter,96
73,1479,2021,starter,13
73,1479,2022,starter,45
214,1480,2019,starter,80
214,1480,2020,starter,63
214,1480,2021,rotation,5
214,1480,2022,starter,75
341,1480,2023,starter,87
341,1480,2024,rotation,94
223,1481,2015,rotation,61
223,1481,2016,starter,78
223,1481,2017,rotation,97
223,1481,2018,starter,52
223,1481,2019,bench,21
362,1481,2020,starter,36
362,1481,2021,starter,77
362,1481,2022,starter,4
362,1481,2023,starter,92
362,1481,2024,starter,54
269,1482,2015,starter,32
269,1482,2016,starter,54
269,1482,2017,rotation,79
269,1482,2018,starter,10
269,1482,2019,starter,87
269,1482,2020,starter,57
269,1482,2021,starter,92
269,1482,2022,starter,12
269,1482,2023,starter,17
349,1484,2018,bench,38
349,1484,2019,starter,89
209,1484,2020,starter,20
209,1484,2021,rotation,85
209,1484,2022,starter,71
209,1484,2023,starter,96
209,1484,2024,starter,52
22,1485,2015,starter,67
22,1485,2016,starter,82
22,1485,2017,starter,5
22,1485,2018,bench,26
22,1485,2019,starter,20
316,1486,2024,starter,39
39,1487,2023,starter,3
17,1487,2024,starter,49
65,1488,2015,rotation,68
65,1488,2016,starter,61
246,1488,2017,rotation,10
32,1488,2018,starter,72
32,1488,2019,starter,69
32,1488,2020,rotation,68
32,1488,2021,bench,41
32,1488,2022,starter,67
32,1488,2023,bench,12
357,1489,2022,starter,91
357,1489,2023,rotation,44
357,1489,2024,starter,34
312,1490,2020,bench,40
312,1490,2021,rotation,4
312,1490,2022,starter,42
312,1490,2023,bench,12
231,1490,2024,starter,33
368,1491,2020,starter,25
152,1491,2021,bench,4
152,1491,2022,starter,40
152,1491,2023,rotation,59
152,1491,2024,rotation,62
2,1492,2015,starter,29
2,1492,2016,starter,74
51,1492,2017,starter,33
51,1492,2018,bench,45
51,1492,2019,starter,68
51,1492,2020,starter,54
218,1493,2020,starter,56
218,1493,2021,bench,90
218,1493,2022,rotation,33
218,1493,2023,rotation,34
218,1493,2024,starter,89
349,1494,2017,rotation,6
163,1494,2018,starter,40
163,1494,2019,bench,97
163,1494,2020,rotation,96
163,1494,2021,starter,33
163,1494,2022,starter,25
163,1494,2023,bench,51
163,1494,2024,rotation,75
327,1495,2022,bench,59
327,1495,2023,starter,58
327,1495,2024,rotation,79
193,1496,2015,bench,61
193,1496,2016,starter,55
193,1496,2017,starter,37
193,1496,2018,starter,97
193,1496,2019,starter,66
193,1496,2020,starter,43
193,1496,2021,starter,45
211,1496,2022,starter,20
211,1496,2023,starter,89
211,1496,2024,starter,19
339,1497,2017,starter,35
339,1497,2018,starter,21
339,1497,2019,bench,36
213,1497,2020,starter,16
213,1497,2021,starter,45
213,1497,2022,starter,61
213,1497,2023,starter,23
55,1497,2024,starter,85
358,1498,2016,rotation,79
358,1498,2017,rotation,42
358,1498,2018,rotation,49
358,1498,2019,bench,94
358,1498,2020,starter,84
358,1498,2021,starter,31
358,1498,2022,starter,98
358,1498,2023,starter,58
358,1498,2024,bench,49
286,1500,2019,starter,94
286,1500,2020,starter,74
286,1500,2021,starter,18
286,1500,2022,starter,41
286,1500,2023,rotation,40
286,1500,2024,rotation,52
156,1502,2020,bench,62
156,1502,2021,starter,23
156,1502,2022,starter,24
156,1502,2023,starter,18
156,1502,2024,rotation,68
276,1503,2015,rotation,57
180,1503,2016,starter,36
180,1503,2017,starter,9
180,1503,2018,starter,2
180,1503,2019,starter,17
180,1503,2020,starter,84
180,1503,2021,starter,34
180,1503,2022,bench,73
369,1503,2023,starter,33
369,1503,2024,starter,93
308,1504,2015,starter,45
308,1504,2016,rotation,2
308,1504,2017,rotation,94
308,1504,2018,bench,83
308,1504,2019,starter,78
308,1504,2020,rotation,8
347,1504,2021,starter,38
347,1504,2022,starter,9
347,1504,2023,starter,29
372,1504,2024,starter,46
140,1505,2022,starter,20
175,1505,2023,starter,30
175,1505,2024,starter,16
356,1506,2015,rotation,28
356,1506,2016,starter,9
356,1506,2017,rotation,96
335,1506,2018,rotation,16
335,1506,2019,starter,52
335,1506,2020,starter,46
335,1506,2021,bench,82
335,1506,2022,rotation,55
335,1506,2023,starter,12
335,1506,2024,bench,1
138,1507,2015,starter,55
138,1507,2016,rotation,42
138,1507,2017,starter,29
138,1507,2018,starter,11
138,1507,2019,starter,62
138,1507,2020,rotation,46
138,1507,2021,starter,62
138,1507,2022,starter,23
138,1507,2023,starter,61
212,1508,2015,starter,66
212,1508,2016,starter,45
22,1508,2017,starter,84
22,1508,2018,starter,23
22,1508,2019,rotation,27
22,1508,2020,rotation,42
22,1508,2021,bench,28
22,1508,2022,rotation,47
22,1508,2023,starter,96
22,1508,2024,starter,79
360,1509,2015,starter,32
129,1509,2016,bench,79
129,1509,2017,starter,36
129,1509,2018,bench,14
129,1509,2019,starter,64
129,1509,2020,rotation,36
129,1509,2021,starter,92
43,1509,2022,rotation,41
43,1509,2023,rotation,21
43,1509,2024,starter,88
242,1510,2015,rotation,21
242,1510,2016,starter,93
242,1510,2017,starter,62
242,1510,2018,rotation,28
242,1510,2019,starter,64
242,1510,2020,rotation,31
242,1510,2021,starter,34
242,1510,2022,starter,65
242,1510,2023,rotation,62
242,1510,2024,starter,68
129,1511,2015,rotation,76
129,1511,2016,rotation,18
129,1511,2017,starter,4
129,1511,2018,starter,31
129,1511,2019,starter,37
129,1511,2020,starter,5
129,1511,2021,starter,75
129,1511,2022,rotation,82
129,1511,2023,starter,7
129,1511,2024,starter,83
349,1512,2023,rotation,67
349,1512,2024,bench,39
192,1514,2015,starter,74
215,1514,2016,bench,4
215,1514,2017,starter,26
215,1514,2018,starter,18
215,1514,2019,starter,59
215,1514,2020,bench,20
215,1514,2021,starter,46
215,1514,2022,rotation,25
215,1514,2023,rotation,31
73,1514,2024,starter,58
367,1515,2022,rotation,25
362,1515,2023,rotation,26
362,1515,2024,bench,87
334,1516,2019,rotation,44
334,1516,2020,starter,45
334,1516,2021,starter,82
334,1516,2022,starter,50
232,1516,2023,bench,9
232,1516,2024,starter,6
49,1517,2015,rotation,58
49,1517,2016,starter,17
283,1517,2017,starter,60
283,1517,2018,starter,60
283,1517,2019,starter,77
283,1517,2020,starter,1
283,1517,2021,rotation,77
283,1517,2022,rotation,38
283,1517,2023,bench,85
283,1517,2024,starter,79
83,1518,2015,starter,74
83,1518,2016,rotation,14
83,1518,2017,rotation,21
83,1518,2018,starter,85
83,1518,2019,rotation,61
83,1518,2020,bench,69
83,1518,2021,starter,57
83,1518,2022,rotation,90
153,1518,2023,rotation,93
153,1518,2024,starter,48
217,1519,2017,bench,68
217,1519,2018,bench,43
217,1519,2019,starter,5
217,1519,2020,bench,83
217,1519,2021,starter,73
217,1519,2022,starter,50
217,1519,2023,bench,69
217,1519,2024,starter,3
87,1520,2015,starter,2
87,1520,2016,starter,16
87,1520,2017,starter,50
87,1520,2018,starter,71
87,1520,2019,rotation,67
87,1520,2020,starter,19
87,1520,2021,starter,70
87,1520,2022,starter,33
87,1520,2023,rotation,94
300,1520,2024,starter,36
114,1521,2018,bench,70
114,1521,2019,rotation,93
114,1521,2020,starter,98
114,1521,2021,starter,51
114,1521,2022,rotation,96
114,1521,2023,bench,8
114,1521,2024,bench,56
208,1522,2017,starter,9
208,1522,2018,starter,96
208,1522,2019,starter,10
208,1522,2020,starter,66
208,1522,2021,starter,91
208,1522,2022,bench,25
208,1522,2023,starter,44
208,1522,2024,starter,76
39,1523,2015,starter,75
39,1523,2016,starter,71
39,1523,2017,starter,60
39,1523,2018,starter,79
39,1523,2019,starter,89
39,1523,2020,starter,36
39,1523,2021,rotation,3
39,1523,2022,starter,56
39,1523,2023,rotation,80
39,1523,2024,rotation,17
364,1524,2018,starter,50
364,1524,2019,bench,13
364,1524,2020,starter,84
364,1524,2021,starter,70
364,1524,2022,rotation,3
364,1524,2023,starter,46
364,1524,2024,starter,11
239,1525,2018,rotation,39
239,1525,2019,starter,63
239,1525,2020,bench,89
239,1525,2021,rotation,39
239,1525,2022,bench,5
239,1525,2023,starter,16
239,1525,2024,starter,30
274,1526,2016,starter,24
274,1526,2017,rotation,28
274,1526,2018,starter,89
274,1526,2019,starter,31
274,1526,2020,starter,72
274,1526,2021,starter,44
274,1526,2022,rotation,62
300,1526,2023,bench,35
300,1526,2024,rotation,95
266,1527,2018,starter,15
352,1527,2019,starter,53
352,1527,2020,rotation,68
352,1527,2021,bench,84
352,1527,2022,rotation,50
352,1527,2023,starter,44
352,1527,2024,rotation,23
306,1528,2021,starter,63
306,1528,2022,bench,27
306,1528,2023,starter,27
306,1528,2024,rotation,22
229,1529,2016,rotation,21
229,1529,2017,rotation,38
229,1529,2018,starter,77
229,1529,2019,bench,59
229,1529,2020,starter,50
229,1529,2021,rotation,83
229,1529,2022,starter,28
229,1529,2023,starter,20
229,1529,2024,rotation,77
76,1530,2021,bench,2
76,1530,2022,bench,63
76,1530,2023,starter,15
76,1530,2024,starter,58
293,1531,2015,rotation,73
293,1531,2016,starter,6
293,1531,2017,starter,46
293,1531,2018,bench,18
293,1531,2019,rotation,40
293,1531,2020,rotation,36
219,1532,2015,starter,15
219,1532,2016,bench,66
219,1532,2017,rotation,44
219,1532,2018,starter,94
219,1532,2019,starter,81
219,1532,2020,starter,18
375,1532,2021,rotation,19
375,1532,2022,starter,93
375,1532,2023,starter,11
79,1533,2015,starter,10
79,1533,2016,starter,22
79,1533,2017,rotation,95
79,1533,2018,starter,22
79,1533,2019,starter,75
79,1533,2020,starter,58
368,1534,2015,starter,82
368,1534,2016,starter,54
368,1534,2017,starter,3
368,1534,2018,rotation,80
368,1534,2019,bench,72
368,1534,2020,starter,45
368,1534,2021,starter,53
368,1534,2022,rotation,69
368,1534,2023,starter,11
133,1534,2024,rotation,21
366,1536,2015,starter,1
262,1536,2016,starter,3
262,1536,2017,starter,70
262,1536,2018,rotation,19
262,1536,2019,starter,97
262,1536,2020,bench,66
262,1536,2021,starter,9
262,1536,2022,starter,46
262,1536,2023,bench,96
262,1536,2024,bench,49
171,1537,2018,starter,96
309,1537,2019,starter,76
309,1537,2020,bench,29
309,1537,2021,starter,19
309,1537,2022,starter,6
107,1537,2023,rotation,22
107,1537,2024,rotation,64
213,1538,2021,bench,85
213,1538,2022,starter,61
213,1538,2023,starter,69
213,1538,2024,rotation,98
329,1539,2015,starter,15
329,1539,2016,rotation,35
329,1539,2017,rotation,76
329,1539,2018,rotation,89
329,1539,2019,starter,91
329,1539,2020,starter,27
329,1539,2021,starter,60
329,1539,2022,starter,98
329,1539,2023,bench,83
307,1539,2024,starter,23
92,1540,2022,starter,11
92,1540,2023,starter,3
92,1540,2024,starter,56
162,1541,2015,starter,60
162,1541,2016,starter,18
162,1541,2017,starter,2
162,1541,2018,starter,22
162,1541,2019,bench,20
162,1541,2020,starter,37
162,1541,2021,starter,19
162,1541,2022,starter,20
162,1541,2023,rotation,22
121,1541,2024,starter,22
222,1542,2015,starter,1
222,1542,2016,bench,6
222,1542,2017,starter,38
222,1542,2018,bench,37
222,1542,2019,rotation,34
222,1542,2020,rotation,26
222,1542,2021,bench,92
259,1542,2022,starter,13
259,1542,2023,starter,82
347,1543,2015,starter,42
347,1543,2016,rotation,54
347,1543,2017,starter,64
347,1543,2018,starter,79
347,1543,2019,starter,29
347,1543,2020,starter,65
347,1543,2021,starter,72
347,1543,2022,starter,65
347,1543,2023,starter,92
347,1543,2024,bench,49
178,1544,2015,starter,86
178,1544,2016,bench,83
178,1544,2017,starter,85
178,1544,2018,starter,56
178,1544,2019,starter,78
178,1544,2020,starter,17
258,1545,2015,bench,38
258,1545,2016,starter,89
258,1545,2017,rotation,90
258,1545,2018,starter,94
258,1545,2019,starter,32
258,1545,2020,starter,24
258,1545,2021,rotation,23
205,1546,2015,starter,94
205,1546,2016,starter,52
205,1546,2017,starter,8
203,1546,2018,bench,45
260,1546,2019,starter,27
260,1546,2020,starter,89
260,1546,2021,starter,45
260,1546,2022,rotation,52
326,1548,2015,starter,17
326,1548,2016,starter,93
326,1548,2017,starter,41
326,1548,2018,starter,14
326,1548,2019,bench,77
326,1548,2020,starter,35
326,1548,2021,starter,37
326,1548,2022,starter,74
326,1548,2023,rotation,46
326,1548,2024,starter,49
239,1549,2015,starter,51
239,1549,2016,bench,58
239,1549,2017,bench,41
239,1549,2018,rotation,98
239,1549,2019,rotation,40
124,1549,2020,starter,83
124,1549,2021,rotation,43
310,1550,2015,starter,66
310,1550,2016,rotation,77
310,1550,2017,starter,97
310,1550,2018,starter,66
310,1550,2019,rotation,36
310,1550,2020,starter,8
310,1550,2021,rotation,51
314,1551,2019,rotation,19
314,1551,2020,starter,90
314,1551,2021,starter,71
314,1551,2022,starter,72
314,1551,2023,starter,54
314,1551,2024,starter,29
338,1553,2019,starter,54
338,1553,2020,rotation,72
338,1553,2021,starter,89
132,1553,2022,starter,65
132,1553,2023,starter,77
132,1553,2024,bench,4
142,1555,2015,starter,50
142,1555,2016,rotation,68
142,1555,2017,starter,6
142,1555,2018,bench,70
142,1555,2019,bench,52
142,1555,2020,bench,40
63,1555,2021,starter,77
63,1555,2022,starter,3
63,1555,2023,starter,26
63,1555,2024,starter,77
354,1556,2015,rotation,16
354,1556,2016,starter,1
354,1556,2017,bench,37
225,1556,2018,rotation,2
225,1556,2019,rotation,46
225,1556,2020,rotation,80
225,1556,2021,starter,34
225,1556,2022,rotation,47
225,1556,2023,bench,47
225,1556,2024,bench,28
300,1557,2018,bench,65
300,1557,2019,bench,4
300,1557,2020,starter,2
378,1557,2021,starter,25
378,1557,2022,starter,56
378,1557,2023,starter,89
351,1557,2024,starter,63
367,1558,2015,starter,21
367,1558,2016,rotation,91
367,1558,2017,starter,45
367,1558,2018,starter,83
367,1558,2019,starter,94
367,1558,2020,bench,40
367,1558,2021,rotation,54
367,1558,2022,bench,26
232,1558,2023,starter,66
232,1558,2024,starter,73
288,1559,2018,starter,92
288,1559,2019,starter,25
288,1559,2020,starter,94
288,1559,2021,starter,44
288,1559,2022,starter,94
288,1559,2023,starter,95
288,1559,2024,starter,8
329,1560,2015,rotation,69
329,1560,2016,starter,65
126,1560,2017,rotation,71
104,1560,2018,bench,18
104,1560,2019,bench,5
104,1560,2020,rotation,78
104,1560,2021,rotation,56
104,1560,2022,starter,8
104,1560,2023,starter,87
244,1561,2015,starter,60
244,1561,2016,starter,80
244,1561,2017,starter,75
244,1561,2018,starter,5
244,1561,2019,starter,76
244,1561,2020,starter,24
256,1562,2019,starter,76
377,1562,2020,bench,63
377,1562,2021,starter,60
374,1562,2022,starter,11
374,1562,2023,bench,47
374,1562,2024,bench,71
16,1563,2016,rotation,19
260,1563,2017,starter,94
260,1563,2018,rotation,63
260,1563,2019,bench,68
260,1563,2020,starter,65
260,1563,2021,rotation,13
260,1563,2022,starter,29
78,1563,2023,starter,32
78,1563,2024,starter,71
377,1565,2015,starter,8
377,1565,2016,rotation,29
289,1565,2017,starter,75
289,1565,2018,starter,68
289,1565,2019,bench,73
289,1565,2020,bench,39
289,1565,2021,starter,56
289,1565,2022,rotation,9
289,1565,2023,rotation,57
378,1566,2020,bench,52
378,1566,2021,starter,69
378,1566,2022,starter,72
378,1566,2023,starter,75
378,1566,2024,starter,47
63,1569,2015,starter,17
63,1569,2016,starter,17
63,1569,2017,rotation,48
156,1569,2018,bench,68
156,1569,2019,starter,91
156,1569,2020,starter,96
156,1569,2021,rotation,58
156,1569,2022,starter,28
156,1569,2023,starter,28
156,1569,2024,starter,41
340,1570,2024,starter,93
362,1571,2015,starter,79
362,1571,2016,starter,87
362,1571,2017,starter,86
362,1571,2018,starter,29
362,1571,2019,starter,72
362,1571,2020,starter,32
20,1572,2016,starter,18
20,1572,2017,rotation,27
309,1572,2018,bench,67
309,1572,2019,rotation,35
309,1572,2020,bench,94
190,1572,2021,starter,28
190,1572,2022,starter,59
190,1572,2023,starter,60
190,1572,2024,starter,59
360,1573,2015,starter,22
360,1573,2016,rotation,57
360,1573,2017,starter,75
360,1573,2018,starter,54
360,1573,2019,starter,33
360,1573,2020,rotation,69
360,1573,2021,starter,92
360,1573,2022,starter,73
161,1573,2023,starter,71
161,1573,2024,starter,97
323,1574,2022,starter,46
323,1574,2023,rotation,42
323,1574,2024,starter,4
239,1576,2018,bench,39
239,1576,2019,rotation,29
239,1576,2020,rotation,8
239,1576,2021,starter,58
239,1576,2022,starter,69
239,1576,2023,starter,8
239,1576,2024,starter,28
14,1577,2015,starter,63
14,1577,2016,starter,41
14,1577,2017,bench,76
14,1577,2018,starter,77
14,1577,2019,rotation,72
14,1577,2020,starter,9
14,1577,2021,bench,46
14,1577,2022,rotation,32
14,1577,2023,rotation,36
14,1577,2024,starter,84
298,1578,2015,rotation,63
13,1578,2016,bench,13
13,1578,2017,starter,52
13,1578,2018,bench,1
13,1578,2019,starter,22
13,1578,2020,starter,75
13,1578,2021,starter,75
13,1578,2022,rotation,51
126,1579,2024,rotation,32
354,1580,2019,bench,89
354,1580,2020,starter,96
138,1580,2021,rotation,47
348,1580,2022,bench,43
348,1580,2023,starter,96
348,1580,2024,bench,2
327,1582,2021,starter,23
327,1582,2022,rotation,9
327,1582,2023,bench,73
327,1582,2024,rotation,67
88,1583,2015,bench,60
88,1583,2016,rotation,76
88,1583,2017,starter,23
88,1583,2018,bench,15
88,1583,2019,starter,38
88,1583,2020,starter,6
148,1583,2021,rotation,62
184,1583,2022,starter,25
184,1583,2023,starter,33
184,1583,2024,bench,31
362,1584,2015,starter,88
362,1584,2016,rotation,64
362,1584,2017,rotation,6
282,1584,2018,starter,21
282,1584,2019,starter,44
282,1584,2020,rotation,34
282,1584,2021,starter,31
282,1584,2022,rotation,30
282,1584,2023,bench,7
282,1584,2024,rotation,36
368,1585,2018,starter,20
368,1585,2019,starter,29
368,1585,2020,rotation,25
368,1585,2021,starter,90
368,1585,2022,starter,2
368,1585,2023,starter,55
368,1585,2024,starter,73
103,1587,2015,starter,53
103,1587,2016,rotation,43
103,1587,2017,bench,31
103,1587,2018,rotation,43
103,1587,2019,starter,98
103,1587,2020,starter,90
103,1587,2021,bench,54
103,1587,2022,starter,64
103,1587,2023,rotation,91
351,1587,2024,starter,89
40,1588,2015,starter,92
40,1588,2016,starter,8
40,1588,2017,bench,34
40,1588,2018,rotation,28
40,1588,2019,starter,70
40,1588,2020,rotation,95
40,1588,2021,starter,7
291,1588,2022,starter,90
291,1588,2023,starter,13
291,1588,2024,bench,25
376,1589,2018,starter,41
367,1589,2019,starter,80
367,1589,2020,starter,59
367,1589,2021,rotation,70
155,1589,2022,starter,71
155,1589,2023,starter,52
310,1589,2024,rotation,76
38,1591,2015,starter,50
38,1591,2016,bench,37
38,1591,2017,bench,18
38,1591,2018,rotation,14
38,1591,2019,rotation,47
38,1591,2020,starter,40
38,1591,2021,starter,18
148,1591,2022,starter,83
148,1591,2023,bench,49
148,1591,2024,bench,14
275,1592,2015,starter,24
275,1592,2016,bench,65
275,1592,2017,bench,36
275,1592,2018,rotation,8
275,1592,2019,starter,22
275,1592,2020,rotation,59
275,1592,2021,starter,30
275,1592,2022,rotation,18
275,1592,2023,starter,41
282,1592,2024,starter,79
320,1593,2018,starter,7
320,1593,2019,starter,79
320,1593,2020,starter,98
320,1593,2021,starter,75
320,1593,2022,starter,71
320,1593,2023,rotation,53
320,1593,2024,starter,66
375,1594,2024,starter,76
126,1595,2017,rotation,84
126,1595,2018,starter,11
126,1595,2019,starter,34
356,1595,2020,rotation,66
356,1595,2021,starter,34
356,1595,2022,starter,44
356,1595,2023,rotation,98
356,1595,2024,bench,78
102,1597,2015,starter,93
102,1597,2016,rotation,69
102,1597,2017,rotation,6
102,1597,2018,rotation,44
102,1597,2019,starter,62
102,1597,2020,starter,92
102,1597,2021,starter,82
102,1597,2022,bench,18
102,1597,2023,bench,38
336,1599,2015,rotation,91
336,1599,2016,rotation,19
336,1599,2017,bench,98
336,1599,2018,rotation,28
336,1599,2019,rotation,50
336,1599,2020,starter,98
63,1600,2015,starter,97
63,1600,2016,starter,60
63,1600,2017,rotation,43
63,1600,2018,starter,6
155,1600,2019,rotation,83
191,1600,2020,rotation,77
191,1600,2021,rotation,13
191,1600,2022,rotation,32
191,1600,2023,starter,14
191,1600,2024,bench,42
229,1602,2015,bench,15
229,1602,2016,starter,8
321,1602,2017,starter,33
378,1602,2018,starter,6
378,1602,2019,starter,44
378,1602,2020,starter,98
378,1602,2021,starter,86
378,1602,2022,starter,71
378,1602,2023,starter,87
378,1602,2024,starter,22
349,1603,2016,rotation,30
349,1603,2017,starter,50
349,1603,2018,starter,63
349,1603,2019,starter,91
349,1603,2020,starter,8
349,1603,2021,starter,24
78,1603,2022,rotation,57
78,1603,2023,rotation,19
78,1603,2024,rotation,2
336,1604,2022,rotation,80
313,1604,2023,rotation,6
313,1604,2024,starter,5
332,1605,2018,rotation,95
332,1605,2019,rotation,56
332,1605,2020,starter,40
332,1605,2021,starter,67
181,1605,2022,bench,61
181,1605,2023,bench,6
181,1605,2024,starter,7
230,1606,2018,starter,20
230,1606,2019,rotation,98
247,1606,2020,starter,57
247,1606,2021,starter,96
247,1606,2022,rotation,82
247,1606,2023,starter,33
247,1606,2024,rotation,87
299,1608,2015,starter,58
299,1608,2016,bench,22
299,1608,2017,starter,92
299,1608,2018,bench,84
299,1608,2019,rotation,42
299,1608,2020,starter,23
299,1608,2021,starter,69
274,1609,2015,bench,14
274,1609,2016,rotation,62
274,1609,2017,bench,45
274,1609,2018,starter,89
274,1609,2019,starter,75
274,1609,2020,starter,23
274,1609,2021,starter,81
274,1609,2022,starter,79
274,1609,2023,bench,48
274,1609,2024,starter,37
133,1610,2015,starter,13
133,1610,2016,starter,9
133,1610,2017,starter,69
157,1610,2018,bench,94
157,1610,2019,starter,46
157,1610,2020,starter,81
157,1610,2021,bench,70
157,1610,2022,starter,84
111,1610,2023,starter,41
111,1610,2024,starter,90
278,1611,2015,starter,7
162,1611,2016,starter,3
162,1611,2017,starter,38
119,1611,2018,rotation,27
119,1611,2019,starter,63
119,1611,2020,bench,63
119,1611,2021,starter,74
119,1611,2022,bench,52
119,1611,2023,starter,82
119,1611,2024,starter,96
205,1612,2021,starter,33
205,1612,2022,bench,68
205,1612,2023,rotation,57
205,1612,2024,starter,77
322,1613,2023,starter,55
322,1613,2024,starter,10
219,1614,2015,rotation,22
219,1614,2016,rotation,56
219,1614,2017,bench,16
219,1614,2018,starter,62
219,1614,2019,rotation,57
32,1614,2020,starter,65
32,1614,2021,starter,5
278,1614,2022,starter,56
278,1614,2023,starter,92
346,1615,2015,rotation,73
346,1615,2016,bench,29
346,1615,2017,starter,40
346,1615,2018,rotation,38
346,1615,2019,starter,52
346,1615,2020,rotation,38
346,1615,2021,starter,43
346,1615,2022,starter,25
346,1615,2023,starter,59
359,1615,2024,rotation,32
171,1616,2015,starter,71
171,1616,2016,starter,48
171,1616,2017,starter,88
171,1616,2018,starter,11
171,1616,2019,starter,81
171,1616,2020,rotation,54
171,1616,2021,starter,10
171,1616,2022,starter,13
171,1616,2023,starter,8
240,1618,2015,rotation,51
240,1618,2016,rotation,62
240,1618,2017,starter,45
240,1618,2018,bench,28
240,1618,2019,starter,71
240,1618,2020,starter,16
240,1618,2021,bench,32
240,1618,2022,starter,90
240,1618,2023,starter,65
240,1618,2024,starter,71
374,1619,2017,rotation,92
374,1619,2018,starter,30
374,1619,2019,starter,44
374,1619,2020,starter,83
189,1619,2021,starter,65
189,1619,2022,starter,32
189,1619,2023,rotation,55
189,1619,2024,starter,47
264,1620,2015,starter,62
264,1620,2016,rotation,38
264,1620,2017,rotation,58
325,1620,2018,starter,20
325,1620,2019,starter,43
325,1620,2020,starter,9
339,1620,2021,starter,60
339,1620,2022,starter,69
339,1620,2023,starter,46
339,1620,2024,starter,13
364,1621,2017,starter,34
364,1621,2018,starter,69
364,1621,2019,starter,79
364,1621,2020,starter,77
364,1621,2021,bench,41
364,1621,2022,rotation,5
364,1621,2023,starter,58
364,1621,2024,starter,18
207,1622,2016,starter,57
207,1622,2017,starter,59
352,1622,2018,bench,28
352,1622,2019,starter,47
352,1622,2020,starter,13
352,1622,2021,rotation,86
352,1622,2022,starter,40
352,1622,2023,starter,13
352,1622,2024,starter,38
114,1623,2018,starter,81
114,1623,2019,starter,68
114,1623,2020,starter,73
114,1623,2021,starter,97
114,1623,2022,starter,89
114,1623,2023,rotation,75
114,1623,2024,rotation,42
341,1624,2024,starter,34
339,1625,2015,starter,64
339,1625,2016,bench,62
339,1625,2017,rotation,83
339,1625,2018,starter,23
339,1625,2019,bench,2
339,1625,2020,starter,92
339,1625,2021,starter,12
339,1625,2022,rotation,36
221,1626,2018,starter,89
221,1626,2019,rotation,57
182,1626,2020,starter,97
227,1626,2021,starter,76
227,1626,2022,starter,29
227,1626,2023,starter,3
227,1626,2024,starter,8
298,1627,2015,starter,60
298,1627,2016,bench,71
298,1627,2017,starter,70
298,1627,2018,starter,98
298,1627,2019,starter,6
298,1627,2020,starter,70
215,1628,2015,starter,9
215,1628,2016,rotation,52
215,1628,2017,rotation,52
215,1628,2018,starter,26
215,1628,2019,starter,23
215,1628,2020,bench,71
215,1628,2021,starter,18
215,1628,2022,rotation,60
215,1628,2023,rotation,35
215,1628,2024,starter,98
313,1630,2020,starter,71
313,1630,2021,starter,45
313,1630,2022,starter,8
313,1630,2023,starter,42
313,1630,2024,starter,16
363,1631,2017,starter,87
363,1631,2018,starter,64
363,1631,2019,starter,60
363,1631,2020,starter,42
363,1631,2021,starter,86
363,1631,2022,starter,30
363,1631,2023,rotation,43
363,1631,2024,starter,3
309,1632,2021,starter,63
309,1632,2022,starter,69
309,1632,2023,starter,85
364,1632,2024,starter,93
41,1633,2017,starter,28
41,1633,2018,starter,45
363,1633,2019,starter,8
363,1633,2020,starter,74
162,1633,2021,starter,20
162,1633,2022,rotation,5
162,1633,2023,starter,20
162,1633,2024,rotation,37
222,1634,2015,starter,17
222,1634,2016,rotation,22
222,1634,2017,bench,69
184,1634,2018,rotation,52
300,1634,2019,rotation,52
300,1634,2020,rotation,48
300,1634,2021,bench,86
300,1634,2022,starter,96
300,1634,2023,starter,82
300,1634,2024,starter,72
343,1635,2015,starter,68
343,1635,2016,bench,83
343,1635,2017,starter,21
343,1635,2018,rotation,98
343,1635,2019,starter,61
343,1635,2020,bench,48
343,1635,2021,bench,21
343,1635,2022,starter,44
343,1635,2023,starter,30
84,1635,2024,starter,50
366,1636,2015,starter,49
366,1636,2016,starter,84
366,1636,2017,starter,56
366,1636,2018,rotation,43
31,1636,2019,starter,6
35,1636,2020,bench,48
35,1636,2021,rotation,50
35,1636,2022,starter,63
104,1636,2023,starter,39
104,1636,2024,starter,92
269,1637,2015,starter,47
160,1637,2016,bench,94
160,1637,2017,rotation,60
160,1637,2018,bench,46
160,1637,2019,starter,51
160,1637,2020,starter,11
144,1638,2015,rotation,92
144,1638,2016,rotation,20
144,1638,2017,starter,88
144,1638,2018,rotation,70
144,1638,2019,starter,54
144,1638,2020,starter,60
79,1638,2021,starter,6
189,1639,2015,bench,73
189,1639,2016,starter,54
189,1639,2017,bench,28
341,1639,2018,starter,36
341,1639,2019,starter,39
341,1639,2020,starter,28
341,1639,2021,rotation,19
183,1639,2022,starter,81
183,1639,2023,starter,95
189,1639,2024,starter,46
169,1641,2024,starter,50
175,1644,2021,starter,19
175,1644,2022,starter,97
175,1644,2023,starter,73
175,1644,2024,starter,67
319,1645,2015,rotation,19
376,1645,2016,rotation,19
376,1645,2017,starter,70
244,1645,2018,starter,85
244,1645,2019,starter,72
244,1645,2020,starter,63
244,1645,2021,starter,22
244,1645,2022,rotation,31
244,1645,2023,starter,50
244,1645,2024,starter,12
176,1646,2019,bench,45
319,1646,2020,starter,48
319,1646,2021,starter,16
319,1646,2022,bench,55
319,1646,2023,starter,51
319,1646,2024,rotation,62
374,1648,2015,starter,43
374,1648,2016,starter,30
374,1648,2017,starter,27
374,1648,2018,starter,2
374,1648,2019,starter,97
374,1648,2020,starter,14
374,1648,2021,starter,79
374,1648,2022,starter,40
374,1648,2023,starter,82
374,1648,2024,rotation,19
361,1650,2015,bench,90
361,1650,2016,rotation,81
361,1650,2017,starter,17
361,1650,2018,starter,80
361,1650,2019,rotation,1
361,1650,2020,rotation,94
361,1650,2021,starter,53
361,1650,2022,starter,4
361,1650,2023,starter,33
361,1650,2024,starter,23
288,1651,2019,starter,13
288,1651,2020,starter,50
288,1651,2021,rotation,4
288,1651,2022,starter,86
288,1651,2023,starter,90
288,1651,2024,rotation,4
263,1652,2015,starter,43
263,1652,2016,starter,20
263,1652,2017,starter,27
263,1652,2018,bench,63
263,1652,2019,rotation,17
228,1652,2020,bench,50
228,1652,2021,starter,86
228,1652,2022,starter,21
228,1652,2023,starter,18
228,1652,2024,starter,39
264,1653,2015,rotation,69
264,1653,2016,starter,39
264,1653,2017,starter,13
264,1653,2018,starter,52
264,1653,2019,rotation,59
264,1653,2020,starter,43
264,1653,2021,starter,81
211,1653,2022,rotation,64
211,1653,2023,starter,21
361,1654,2015,rotation,62
361,1654,2016,bench,58
361,1654,2017,rotation,50
361,1654,2018,starter,76
361,1654,2019,rotation,27
361,1654,2020,rotation,40
361,1654,2021,starter,23
361,1654,2022,starter,58
361,1654,2023,starter,3
361,1654,2024,starter,47
351,1655,2023,bench,32
351,1655,2024,bench,39
194,1656,2015,starter,28
194,1656,2016,rotation,72
194,1656,2017,rotation,69
194,1656,2018,starter,43
194,1656,2019,rotation,15
194,1656,2020,starter,20
194,1656,2021,rotation,76
194,1656,2022,starter,62
194,1656,2023,starter,45
194,1656,2024,starter,51
365,1657,2023,bench,63
365,1657,2024,bench,75
279,1658,2017,rotation,45
182,1658,2018,bench,33
117,1658,2019,starter,16
117,1658,2020,starter,70
117,1658,2021,starter,79
117,1658,2022,starter,90
117,1658,2023,rotation,59
117,1658,2024,starter,53
376,1659,2015,rotation,69
376,1659,2016,rotation,22
103,1659,2017,starter,95
103,1659,2018,starter,12
167,1659,2019,starter,97
167,1659,2020,starter,22
167,1659,2021,starter,68
167,1659,2022,starter,25
167,1659,2023,rotation,49
141,1659,2024,starter,25
361,1660,2015,starter,86
161,1660,2016,rotation,68
161,1660,2017,starter,19
161,1660,2018,starter,70
161,1660,2019,starter,47
161,1660,2020,starter,58
360,1661,2015,starter,82
360,1661,2016,starter,25
134,1661,2017,starter,72
134,1661,2018,starter,94
134,1661,2019,rotation,72
134,1661,2020,rotation,40
355,1661,2021,starter,46
355,1661,2022,starter,45
355,1661,2023,starter,41
355,1661,2024,rotation,59
345,1662,2022,starter,78
345,1662,2023,starter,27
345,1662,2024,starter,67
127,1663,2020,starter,89
293,1663,2021,starter,4
293,1663,2022,starter,57
293,1663,2023,rotation,70
293,1663,2024,starter,66
312,1664,2022,bench,19
312,1664,2023,rotation,24
312,1664,2024,starter,36
86,1665,2019,starter,61
86,1665,2020,starter,64
86,1665,2021,starter,54
86,1665,2022,starter,90
86,1665,2023,bench,8
86,1665,2024,rotation,57
163,1667,2015,rotation,92
163,1667,2016,bench,92
163,1667,2017,starter,71
163,1667,2018,starter,20
163,1667,2019,starter,21
163,1667,2020,starter,93
73,1667,2021,starter,5
73,1667,2022,starter,6
73,1667,2023,starter,74
73,1667,2024,starter,56
240,1668,2020,bench,77
240,1668,2021,starter,79
185,1668,2022,bench,12
185,1668,2023,starter,92
185,1668,2024,rotation,92
227,1669,2015,starter,82
227,1669,2016,starter,85
227,1669,2017,starter,18
227,1669,2018,starter,36
227,1669,2019,starter,64
227,1669,2020,starter,77
227,1669,2021,starter,74
337,1670,2015,starter,48
337,1670,2016,starter,6
10,1670,2017,rotation,84
10,1670,2018,rotation,88
10,1670,2019,starter,24
10,1670,2020,rotation,50
10,1670,2021,starter,7
161,1670,2022,starter,54
161,1670,2023,starter,21
161,1670,2024,rotation,18
126,1671,2015,rotation,78
126,1671,2016,starter,22
126,1671,2017,bench,50
126,1671,2018,starter,62
126,1671,2019,starter,72
126,1671,2020,starter,77
126,1671,2021,starter,44
360,1671,2022,starter,15
360,1671,2023,rotation,70
360,1671,2024,rotation,12
4,1672,2020,starter,55
4,1672,2021,starter,61
4,1672,2022,rotation,48
4,1672,2023,rotation,62
4,1672,2024,rotation,9
215,1674,2019,rotation,32
215,1674,2020,starter,19
215,1674,2021,rotation,26
215,1674,2022,starter,45
88,1674,2023,starter,85
88,1674,2024,rotation,98
230,1675,2015,starter,3
230,1675,2016,starter,50
230,1675,2017,rotation,89
230,1675,2018,starter,77
230,1675,2019,starter,52
230,1675,2020,bench,71
230,1675,2021,starter,5
230,1675,2022,starter,5
311,1676,2023,starter,6
311,1676,2024,starter,19
380,1677,2015,starter,8
380,1677,2016,starter,53
380,1677,2017,starter,47
380,1677,2018,starter,94
380,1677,2019,starter,63
380,1677,2020,rotation,54
380,1677,2021,starter,7
380,1677,2022,starter,51
380,1677,2023,bench,63
225,1677,2024,starter,7
337,1678,2024,starter,21
164,1679,2023,starter,36
164,1679,2024,starter,37
352,1681,2022,starter,6
352,1681,2023,rotation,90
352,1681,2024,bench,19
101,1682,2023,rotation,95
101,1682,2024,starter,61
335,1683,2019,starter,2
335,1683,2020,rotation,10
335,1683,2021,starter,6
335,1683,2022,rotation,32
335,1683,2023,starter,40
335,1683,2024,starter,81
192,1684,2015,rotation,67
192,1684,2016,starter,72
192,1684,2017,rotation,46
192,1684,2018,starter,9
192,1684,2019,bench,4
192,1684,2020,starter,59
228,1684,2021,rotation,89
228,1684,2022,starter,88
228,1684,2023,starter,37
228,1684,2024,starter,8
201,1685,2015,starter,78
201,1685,2016,starter,75
278,1685,2017,starter,2
278,1685,2018,starter,91
278,1685,2019,starter,87
278,1685,2020,rotation,52
278,1685,2021,bench,98
278,1685,2022,starter,5
262,1685,2023,starter,64
363,1686,2015,bench,87
363,1686,2016,bench,41
363,1686,2017,starter,76
363,1686,2018,rotation,51
363,1686,2019,rotation,32
363,1686,2020,starter,93
70,1686,2021,starter,76
294,1686,2022,starter,50
294,1686,2023,starter,70
294,1686,2024,rotation,69
362,1687,2015,rotation,20
362,1687,2016,starter,26
362,1687,2017,starter,15
362,1687,2018,starter,7
154,1687,2019,starter,76
154,1687,2020,starter,24
154,1687,2021,rotation,67
154,1687,2022,starter,95
154,1687,2023,rotation,66
154,1687,2024,bench,13
374,1688,2015,starter,72
374,1688,2016,rotation,35
374,1688,2017,bench,6
374,1688,2018,rotation,59
374,1688,2019,bench,97
374,1688,2020,starter,22
105,1688,2021,starter,70
176,1689,2015,rotation,19
131,1689,2016,rotation,11
131,1689,2017,starter,18
131,1689,2018,starter,64
131,1689,2019,starter,88
218,1689,2020,bench,96
218,1689,2021,starter,20
218,1689,2022,starter,69
218,1689,2023,starter,19
218,1689,2024,starter,97
58,1690,2020,starter,23
58,1690,2021,rotation,93
58,1690,2022,starter,33
58,1690,2023,bench,70
58,1690,2024,starter,2
152,1691,2015,starter,18
152,1691,2016,starter,76
152,1691,2017,starter,64
152,1691,2018,rotation,65
152,1691,2019,rotation,72
152,1691,2020,starter,64
152,1691,2021,starter,83
152,1691,2022,rotation,63
233,1692,2015,starter,33
233,1692,2016,starter,24
52,1692,2017,rotation,1
52,1692,2018,starter,91
52,1692,2019,rotation,38
52,1692,2020,starter,40
52,1692,2021,rotation,25
52,1692,2022,rotation,20
52,1692,2023,starter,95
52,1692,2024,rotation,2
76,1693,2015,bench,97
76,1693,2016,starter,13
76,1693,2017,rotation,18
76,1693,2018,starter,7
76,1693,2019,starter,85
76,1693,2020,bench,28
76,1693,2021,starter,86
76,1693,2022,rotation,88
76,1693,2023,bench,95
76,1693,2024,starter,11
149,1694,2023,starter,47
149,1694,2024,starter,53
93,1696,2015,rotation,22
93,1696,2016,rotation,60
93,1696,2017,starter,20
93,1696,2018,rotation,39
93,1696,2019,rotation,61
93,1696,2020,starter,87
215,1697,2020,rotation,81
215,1697,2021,starter,32
215,1697,2022,starter,74
215,1697,2023,starter,87
277,1697,2024,rotation,42
159,1698,2015,bench,67
159,1698,2016,bench,21
159,1698,2017,starter,41
63,1698,2018,starter,5
63,1698,2019,starter,96
63,1698,2020,starter,16
63,1698,2021,bench,44
63,1698,2022,starter,78
220,1698,2023,rotation,32
220,1698,2024,starter,42
313,1699,2023,starter,43
313,1699,2024,rotation,90
287,1701,2015,rotation,10
287,1701,2016,starter,22
287,1701,2017,starter,35
287,1701,2018,rotation,55
20,1701,2019,starter,14
20,1701,2020,starter,96
20,1701,2021,bench,57
20,1701,2022,starter,20
20,1701,2023,starter,60
20,1701,2024,rotation,75
57,1702,2022,starter,54
57,1702,2023,bench,12
57,1702,2024,starter,37
101,1703,2021,rotation,50
34,1703,2022,rotation,97
176,1703,2023,starter,55
176,1703,2024,rotation,23
270,1705,2015,starter,61
270,1705,2016,bench,4
270,1705,2017,starter,66
270,1705,2018,rotation,76
270,1705,2019,bench,45
270,1705,2020,starter,44
270,1705,2021,rotation,69
270,1705,2022,starter,46
270,1705,2023,starter,3
221,1705,2024,rotation,34
273,1706,2015,rotation,91
273,1706,2016,bench,67
273,1706,2017,rotation,36
273,1706,2018,starter,73
273,1706,2019,rotation,82
273,1706,2020,starter,23
273,1706,2021,starter,28
273,1706,2022,starter,17
255,1707,2015,rotation,10
255,1707,2016,starter,97
309,1707,2017,starter,31
309,1707,2018,starter,54
309,1707,2019,starter,19
309,1707,2020,starter,47
309,1707,2021,starter,49
309,1707,2022,starter,27
309,1707,2023,starter,80
309,1707,2024,starter,90
89,1708,2022,bench,89
337,1708,2023,starter,36
337,1708,2024,rotation,6
280,1709,2015,starter,91
280,1709,2016,starter,45
280,1709,2017,starter,27
280,1709,2018,bench,41
280,1709,2019,starter,27
280,1709,2020,starter,88
217,1709,2021,bench,58
217,1709,2022,bench,94
217,1709,2023,starter,41
217,1709,2024,starter,1
261,1710,2015,starter,10
219,1710,2016,starter,82
219,1710,2017,rotation,63
219,1710,2018,starter,40
219,1710,2019,bench,46
219,1710,2020,bench,33
219,1710,2021,starter,98
219,1710,2022,rotation,57
219,1710,2023,bench,28
98,1710,2024,starter,83
349,1712,2024,starter,48
357,1713,2020,starter,52
357,1713,2021,starter,67
357,1713,2022,starter,56
357,1713,2023,starter,64
357,1713,2024,rotation,75
354,1714,2015,starter,33
354,1714,2016,starter,49
354,1714,2017,rotation,81
354,1714,2018,starter,56
354,1714,2019,bench,48
354,1714,2020,rotation,66
354,1714,2021,starter,33
354,1714,2022,starter,67
354,1714,2023,rotation,17
337,1714,2024,starter,33
362,1715,2015,starter,1
362,1715,2016,starter,9
251,1715,2017,rotation,37
251,1715,2018,starter,27
251,1715,2019,bench,41
251,1715,2020,starter,8
251,1715,2021,rotation,73
251,1715,2022,rotation,61
251,1715,2023,starter,86
251,1715,2024,rotation,1
155,1717,2021,bench,67
155,1717,2022,starter,23
155,1717,2023,starter,30
155,1717,2024,rotation,33
187,1718,2017,rotation,81
187,1718,2018,starter,20
187,1718,2019,rotation,62
187,1718,2020,starter,4
187,1718,2021,starter,96
187,1718,2022,starter,79
187,1718,2023,rotation,38
187,1718,2024,starter,67
135,1719,2023,starter,74
246,1719,2024,starter,59
30,1720,2019,starter,39
30,1720,2020,bench,74
30,1720,2021,starter,23
30,1720,2022,starter,59
189,1720,2023,starter,16
189,1720,2024,starter,25
209,1721,2018,starter,61
209,1721,2019,starter,90
209,1721,2020,bench,84
209,1721,2021,rotation,35
209,1721,2022,starter,77
209,1721,2023,starter,18
121,1721,2024,rotation,22
270,1722,2016,starter,8
270,1722,2017,rotation,34
270,1722,2018,starter,13
270,1722,2019,starter,55
270,1722,2020,starter,89
270,1722,2021,starter,82
270,1722,2022,bench,8
270,1722,2023,starter,28
270,1722,2024,rotation,2
211,1723,2015,rotation,18
211,1723,2016,rotation,5
211,1723,2017,rotation,21
211,1723,2018,starter,47
211,1723,2019,rotation,38
211,1723,2020,starter,94
211,1723,2021,starter,43
211,1723,2022,rotation,7
211,1723,2023,rotation,18
211,1723,2024,starter,65
362,1724,2018,starter,71
362,1724,2019,starter,36
68,1724,2020,starter,58
68,1724,2021,starter,78
68,1724,2022,starter,30
68,1724,2023,bench,48
68,1724,2024,starter,93
224,1726,2015,starter,96
333,1726,2016,starter,62
333,1726,2017,starter,52
333,1726,2018,starter,41
333,1726,2019,rotation,56
333,1726,2020,starter,84
24,1726,2021,rotation,41
24,1726,2022,rotation,62
24,1726,2023,starter,68
24,1726,2024,rotation,83
298,1727,2015,starter,23
298,1727,2016,starter,61
298,1727,2017,starter,41
298,1727,2018,starter,44
298,1727,2019,bench,34
298,1727,2020,rotation,65
298,1727,2021,bench,24
298,1727,2022,rotation,91
298,1727,2023,starter,78
301,1727,2024,starter,69
295,1728,2015,starter,1
295,1728,2016,starter,24
295,1728,2017,starter,91
295,1728,2018,starter,60
295,1728,2019,bench,20
295,1728,2020,starter,24
295,1728,2021,bench,3
295,1728,2022,rotation,9
295,1728,2023,starter,23
29,1728,2024,bench,88
275,1731,2015,rotation,45
275,1731,2016,starter,59
124,1731,2017,starter,18
124,1731,2018,starter,79
124,1731,2019,rotation,87
124,1731,2020,bench,58
124,1731,2021,starter,13
124,1731,2022,rotation,6
233,1732,2016,starter,59
233,1732,2017,rotation,89
233,1732,2018,bench,63
233,1732,2019,rotation,23
233,1732,2020,starter,58
233,1732,2021,starter,12
233,1732,2022,bench,18
233,1732,2023,rotation,68
364,1732,2024,starter,90
332,1733,2021,starter,85
332,1733,2022,starter,3
332,1733,2023,starter,75
332,1733,2024,starter,87
287,1734,2015,starter,67
10,1734,2016,starter,18
10,1734,2017,rotation,68
10,1734,2018,starter,68
10,1734,2019,rotation,68
10,1734,2020,rotation,12
10,1734,2021,rotation,9
10,1734,2022,rotation,56
10,1734,2023,rotation,45
10,1734,2024,starter,63
209,1735,2015,starter,81
209,1735,2016,starter,18
209,1735,2017,starter,34
209,1735,2018,bench,24
209,1735,2019,bench,4
209,1735,2020,rotation,13
209,1735,2021,bench,21
209,1735,2022,starter,2
209,1735,2023,rotation,49
209,1735,2024,rotation,77
230,1736,2015,starter,77
230,1736,2016,bench,5
230,1736,2017,starter,56
230,1736,2018,rotation,95
230,1736,2019,rotation,86
230,1736,2020,bench,31
230,1736,2021,starter,76
230,1736,2022,rotation,9
230,1736,2023,rotation,77
230,1736,2024,bench,92
258,1738,2015,starter,9
258,1738,2016,rotation,16
258,1738,2017,rotation,73
331,1738,2018,starter,97
331,1738,2019,rotation,39
331,1738,2020,bench,40
331,1738,2021,rotation,30
331,1738,2022,rotation,11
331,1738,2023,bench,90
331,1738,2024,starter,69
129,1739,2015,rotation,98
129,1739,2016,rotation,28
222,1739,2017,bench,19
222,1739,2018,starter,16
222,1739,2019,starter,6
222,1739,2020,rotation,81
222,1739,2021,starter,8
222,1739,2022,rotation,18
222,1739,2023,bench,42
222,1739,2024,bench,38
129,1741,2015,starter,38
129,1741,2016,bench,65
129,1741,2017,rotation,32
20,1741,2018,starter,70
20,1741,2019,rotation,82
20,1741,2020,starter,21
20,1741,2021,starter,74
20,1741,2022,starter,38
20,1741,2023,starter,94
20,1741,2024,bench,19
367,1742,2023,starter,41
367,1742,2024,starter,49
335,1743,2023,starter,29
335,1743,2024,starter,91
132,1744,2020,starter,16
132,1744,2021,starter,25
132,1744,2022,starter,95
132,1744,2023,starter,52
132,1744,2024,starter,93
353,1745,2018,starter,64
353,1745,2019,rotation,41
353,1745,2020,bench,64
353,1745,2021,starter,33
353,1745,2022,bench,94
353,1745,2023,starter,98
353,1745,2024,bench,71
331,1746,2016,starter,51
331,1746,2017,starter,57
331,1746,2018,starter,74
331,1746,2019,starter,78
331,1746,2020,bench,71
267,1746,2021,starter,83
267,1746,2022,starter,11
267,1746,2023,starter,68
267,1746,2024,rotation,41
341,1747,2015,starter,92
341,1747,2016,rotation,94
341,1747,2017,starter,1
341,1747,2018,starter,91
341,1747,2019,starter,55
341,1747,2020,rotation,20
341,1747,2021,starter,27
341,1747,2022,bench,24
341,1747,2023,rotation,72
341,1747,2024,rotation,12
70,1748,2018,rotation,69
44,1748,2019,starter,72
44,1748,2020,rotation,83
44,1748,2021,starter,32
60,1748,2022,starter,44
291,1748,2023,starter,63
177,1748,2024,rotation,93
137,1749,2015,rotation,12
137,1749,2016,rotation,90
137,1749,2017,bench,68
137,1749,2018,rotation,18
137,1749,2019,starter,49
137,1749,2020,starter,66
291,1749,2021,rotation,76
218,1750,2021,rotation,56
218,1750,2022,starter,84
218,1750,2023,starter,90
218,1750,2024,bench,5
172,1752,2017,rotation,79
172,1752,2018,bench,47
172,1752,2019,starter,73
172,1752,2020,rotation,63
172,1752,2021,starter,43
172,1752,2022,starter,61
172,1752,2023,bench,3
172,1752,2024,starter,6
168,1753,2024,bench,29
315,1754,2015,starter,22
315,1754,2016,starter,93
315,1754,2017,rotation,98
315,1754,2018,starter,35
315,1754,2019,starter,20
315,1754,2020,rotation,28
315,1754,2021,starter,19
315,1754,2022,starter,84
315,1754,2023,rotation,96
315,1754,2024,bench,26
329,1755,2016,starter,55
329,1755,2017,starter,21
329,1755,2018,starter,84
329,1755,2019,starter,3
201,1755,2020,rotation,38
201,1755,2021,rotation,23
201,1755,2022,starter,31
201,1755,2023,starter,74
201,1755,2024,starter,51
104,1756,2020,rotation,75
104,1756,2021,bench,29
104,1756,2022,bench,13
104,1756,2023,bench,98
104,1756,2024,starter,63
375,1758,2022,starter,80
375,1758,2023,starter,34
375,1758,2024,starter,98
145,1759,2024,rotation,70
320,1760,2015,starter,56
320,1760,2016,rotation,24
320,1760,2017,starter,30
320,1760,2018,starter,14
320,1760,2019,starter,26
320,1760,2020,rotation,85
320,1760,2021,starter,46
203,1761,2021,rotation,20
203,1761,2022,bench,3
203,1761,2023,starter,66
203,1761,2024,rotation,3
163,1762,2015,starter,72
163,1762,2016,rotation,20
163,1762,2017,starter,34
163,1762,2018,rotation,92
163,1762,2019,starter,68
163,1762,2020,rotation,20
163,1762,2021,starter,36
163,1762,2022,starter,96
163,1762,2023,starter,82
163,1762,2024,starter,64
315,1763,2015,rotation,93
315,1763,2016,starter,87
315,1763,2017,rotation,78
315,1763,2018,rotation,98
315,1763,2019,bench,13
315,1763,2020,rotation,97
315,1763,2021,starter,74
315,1763,2022,starter,62
315,1763,2023,rotation,38
315,1763,2024,starter,87
378,1764,2015,rotation,85
332,1764,2016,starter,23
332,1764,2017,starter,76
332,1764,2018,starter,74
364,1764,2019,bench,78
364,1764,2020,starter,92
364,1764,2021,bench,82
364,1764,2022,starter,45
364,1764,2023,starter,79
364,1764,2024,starter,29
307,1767,2022,starter,58
307,1767,2023,rotation,41
204,1767,2024,bench,10
207,1768,2015,bench,44
207,1768,2016,starter,50
207,1768,2017,starter,61
207,1768,2018,rotation,4
207,1768,2019,starter,58
207,1768,2020,rotation,91
207,1768,2021,rotation,5
207,1768,2022,rotation,73
207,1768,2023,starter,13
207,1768,2024,starter,67
349,1769,2023,rotation,8
175,1769,2024,rotation,85
68,1770,2015,starter,93
68,1770,2016,starter,53
68,1770,2017,bench,51
68,1770,2018,rotation,59
68,1770,2019,rotation,34
68,1770,2020,starter,15
68,1770,2021,rotation,16
68,1770,2022,rotation,7
68,1770,2023,starter,78
68,1770,2024,starter,78
236,1772,2016,starter,43
236,1772,2017,starter,37
236,1772,2018,rotation,68
236,1772,2019,starter,94
236,1772,2020,starter,42
236,1772,2021,bench,75
361,1772,2022,starter,75
165,1772,2023,starter,9
165,1772,2024,starter,88
183,1773,2015,starter,64
183,1773,2016,rotation,57
23,1773,2017,bench,16
23,1773,2018,starter,43
23,1773,2019,starter,69
23,1773,2020,starter,48
23,1773,2021,rotation,5
23,1773,2022,rotation,38
23,1773,2023,bench,73
23,1773,2024,starter,97
152,1774,2015,starter,56
152,1774,2016,starter,81
168,1774,2017,starter,72
168,1774,2018,starter,85
168,1774,2019,bench,56
83,1774,2020,starter,76
83,1774,2021,starter,47
83,1774,2022,rotation,49
151,1776,2021,bench,97
151,1776,2022,bench,35
151,1776,2023,rotation,86
151,1776,2024,starter,86
293,1777,2015,starter,67
174,1777,2016,rotation,72
174,1777,2017,starter,41
174,1777,2018,rotation,19
174,1777,2019,rotation,21
154,1777,2020,rotation,74
154,1777,2021,bench,62
154,1777,2022,starter,11
154,1777,2023,starter,36
159,1778,2015,rotation,8
159,1778,2016,rotation,82
159,1778,2017,starter,56
159,1778,2018,starter,91
159,1778,2019,rotation,85
159,1778,2020,starter,60
159,1778,2021,rotation,5
159,1778,2022,rotation,9
159,1778,2023,starter,24
159,1778,2024,starter,31
291,1779,2015,starter,8
291,1779,2016,bench,46
291,1779,2017,starter,78
291,1779,2018,rotation,83
291,1779,2019,bench,85
291,1779,2020,rotation,29
291,1779,2021,starter,75
291,1779,2022,starter,84
290,1779,2023,rotation,39
290,1779,2024,starter,24
305,1780,2015,rotation,93
305,1780,2016,bench,11
305,1780,2017,starter,87
305,1780,2018,starter,84
305,1780,2019,starter,35
305,1780,2020,starter,61
305,1780,2021,bench,21
305,1780,2022,starter,6
305,1780,2023,starter,16
305,1780,2024,rotation,85
99,1781,2015,rotation,39
369,1781,2016,rotation,45
369,1781,2017,starter,14
369,1781,2018,starter,69
369,1781,2019,starter,38
369,1781,2020,starter,78
369,1781,2021,starter,31
369,1781,2022,bench,53
129,1781,2023,bench,86
129,1781,2024,rotation,82
100,1782,2015,starter,31
100,1782,2016,starter,72
100,1782,2017,starter,76
100,1782,2018,starter,91
100,1782,2019,rotation,75
100,1782,2020,starter,28
100,1782,2021,starter,36
100,1782,2022,starter,56
100,1782,2023,starter,2
100,1782,2024,rotation,58
328,1783,2015,bench,42
328,1783,2016,starter,39
328,1783,2017,starter,83
328,1783,2018,rotation,1
328,1783,2019,starter,71
328,1783,2020,starter,59
328,1783,2021,bench,2
328,1783,2022,starter,77
328,1783,2023,bench,97
328,1783,2024,starter,62
105,1784,2015,bench,32
105,1784,2016,bench,8
105,1784,2017,starter,76
105,1784,2018,starter,91
105,1784,2019,bench,55
228,1784,2020,rotation,43
24,1784,2021,starter,22
24,1784,2022,starter,49
113,1785,2015,bench,17
113,1785,2016,rotation,6
113,1785,2017,starter,43
113,1785,2018,rotation,93
113,1785,2019,starter,86
113,1785,2020,rotation,39
113,1785,2021,starter,25
226,1785,2022,rotation,38
226,1785,2023,starter,36
226,1785,2024,starter,36
346,1787,2022,rotation,95
346,1787,2023,starter,52
346,1787,2024,rotation,94
154,1788,2020,rotation,42
154,1788,2021,rotation,40
154,1788,2022,bench,19
154,1788,2023,rotation,81
63,1788,2024,rotation,90
197,1789,2015,starter,35
197,1789,2016,bench,14
197,1789,2017,rotation,7
197,1789,2018,bench,81
197,1789,2019,rotation,41
197,1789,2020,starter,28
197,1789,2021,starter,85
36,1790,2023,bench,82
36,1790,2024,rotation,91
242,1791,2015,bench,82
242,1791,2016,rotation,43
242,1791,2017,rotation,9
242,1791,2018,starter,87
242,1791,2019,rotation,28
242,1791,2020,starter,37
242,1791,2021,starter,80
242,1791,2022,rotation,46
242,1791,2023,starter,6
242,1791,2024,starter,77
310,1792,2015,starter,61
310,1792,2016,starter,63
310,1792,2017,rotation,20
310,1792,2018,starter,39
310,1792,2019,starter,29
310,1792,2020,bench,80
310,1792,2021,starter,10
310,1792,2022,rotation,37
295,1792,2023,starter,53
295,1792,2024,starter,48
332,1794,2015,starter,16
332,1794,2016,starter,34
255,1794,2017,starter,95
255,1794,2018,starter,34
255,1794,2019,bench,96
92,1794,2020,starter,55
92,1794,2021,bench,18
359,1794,2022,starter,15
257,1795,2015,rotation,34
257,1795,2016,starter,98
257,1795,2017,starter,47
335,1795,2018,starter,8
335,1795,2019,starter,90
335,1795,2020,starter,73
335,1795,2021,bench,6
335,1795,2022,rotation,17
361,1796,2015,rotation,82
361,1796,2016,starter,12
361,1796,2017,starter,52
361,1796,2018,starter,65
361,1796,2019,starter,98
292,1797,2017,starter,24
292,1797,2018,starter,63
292,1797,2019,rotation,11
292,1797,2020,rotation,60
292,1797,2021,starter,78
292,1797,2022,bench,65
292,1797,2023,starter,77
292,1797,2024,starter,46
213,1798,2015,starter,30
213,1798,2016,starter,84
271,1798,2017,starter,40
271,1798,2018,starter,21
271,1798,2019,starter,89
271,1798,2020,starter,91
271,1798,2021,rotation,60
271,1798,2022,starter,96
271,1798,2023,starter,5
271,1798,2024,starter,13
333,1799,2015,starter,23
333,1799,2016,starter,50
333,1799,2017,starter,82
333,1799,2018,starter,18
333,1799,2019,starter,46
343,1799,2020,rotation,81
343,1799,2021,starter,85
343,1799,2022,starter,80
343,1799,2023,rotation,2
343,1799,2024,rotation,52
108,1801,2015,starter,37
108,1801,2016,starter,23
108,1801,2017,rotation,52
108,1801,2018,starter,98
108,1801,2019,starter,86
113,1801,2020,starter,52
113,1801,2021,starter,89
113,1801,2022,starter,49
113,1801,2023,starter,84
161,1801,2024,starter,15
79,1802,2015,starter,2
79,1802,2016,starter,82
79,1802,2017,starter,86
79,1802,2018,rotation,36
79,1802,2019,starter,24
79,1802,2020,bench,24
313,1802,2021,starter,60
322,1804,2015,starter,9
322,1804,2016,rotation,74
322,1804,2017,starter,7
322,1804,2018,starter,27
322,1804,2019,bench,64
322,1804,2020,starter,72
322,1804,2021,rotation,19
322,1804,2022,starter,37
111,1804,2023,starter,29
111,1804,2024,starter,2
359,1805,2020,starter,96
354,1805,2021,rotation,39
354,1805,2022,rotation,85
354,1805,2023,starter,48
354,1805,2024,rotation,9
1,1806,2015,rotation,59
1,1806,2016,starter,53
1,1806,2017,starter,4
1,1806,2018,starter,45
1,1806,2019,starter,43
1,1806,2020,rotation,19
1,1806,2021,starter,74
219,1807,2022,rotation,23
212,1807,2023,starter,74
212,1807,2024,starter,16
232,1808,2015,starter,86
232,1808,2016,starter,17
232,1808,2017,starter,16
232,1808,2018,bench,6
232,1808,2019,starter,46
232,1808,2020,rotation,39
232,1808,2021,bench,78
232,1808,2022,bench,62
232,1808,2023,starter,30
232,1808,2024,starter,49
190,1810,2015,rotation,48
190,1810,2016,starter,35
216,1810,2017,rotation,57
216,1810,2018,starter,97
216,1810,2019,rotation,89
216,1810,2020,starter,21
216,1810,2021,starter,42
216,1810,2022,rotation,43
277,1811,2016,starter,62
277,1811,2017,starter,15
277,1811,2018,rotation,91
277,1811,2019,starter,87
277,1811,2020,starter,3
346,1811,2021,rotation,90
346,1811,2022,starter,94
346,1811,2023,starter,17
346,1811,2024,starter,46
317,1812,2015,bench,48
317,1812,2016,starter,2
91,1812,2017,bench,66
91,1812,2018,starter,68
91,1812,2019,starter,41
91,1812,2020,rotation,48
91,1812,2021,bench,14
91,1812,2022,bench,16
207,1813,2019,starter,53
207,1813,2020,starter,37
207,1813,2021,starter,33
207,1813,2022,starter,52
66,1813,2023,rotation,48
66,1813,2024,starter,47
123,1814,2016,starter,64
123,1814,2017,rotation,70
123,1814,2018,rotation,55
123,1814,2019,rotation,73
123,1814,2020,starter,87
123,1814,2021,bench,91
123,1814,2022,rotation,13
123,1814,2023,rotation,66
123,1814,2024,rotation,25
168,1815,2015,starter,8
168,1815,2016,starter,62
168,1815,2017,rotation,10
168,1815,2018,starter,44
168,1815,2019,starter,11
168,1815,2020,starter,72
168,1815,2021,starter,62
168,1815,2022,rotation,43
168,1815,2023,starter,69
90,1815,2024,starter,73
288,1816,2019,starter,39
288,1816,2020,rotation,94
356,1816,2021,bench,22
356,1816,2022,bench,56
356,1816,2023,rotation,3
356,1816,2024,starter,7
358,1818,2015,starter,4
358,1818,2016,bench,32
358,1818,2017,bench,72
358,1818,2018,starter,49
358,1818,2019,starter,26
358,1818,2020,rotation,86
358,1818,2021,starter,32
345,1819,2024,rotation,95
287,1821,2024,rotation,90
321,1822,2018,starter,19
321,1822,2019,rotation,58
302,1822,2020,rotation,25
302,1822,2021,starter,68
302,1822,2022,starter,12
302,1822,2023,rotation,1
302,1822,2024,rotation,45
222,1823,2015,starter,24
222,1823,2016,starter,94
222,1823,2017,rotation,81
36,1823,2018,starter,88
36,1823,2019,starter,84
36,1823,2020,bench,36
36,1823,2021,bench,87
36,1823,2022,rotation,42
36,1823,2023,rotation,53
36,1823,2024,rotation,89
358,1824,2015,starter,43
358,1824,2016,rotation,25
358,1824,2017,starter,17
358,1824,2018,starter,50
358,1824,2019,starter,85
358,1824,2020,rotation,56
358,1824,2021,starter,36
358,1824,2022,starter,32
358,1824,2023,starter,83
353,1824,2024,starter,41
102,1825,2015,rotation,34
102,1825,2016,rotation,87
102,1825,2017,bench,56
102,1825,2018,starter,97
102,1825,2019,starter,10
156,1826,2015,starter,62
156,1826,2016,starter,29
156,1826,2017,starter,36
156,1826,2018,starter,58
74,1826,2019,rotation,23
74,1826,2020,bench,48
74,1826,2021,starter,52
74,1826,2022,starter,52
74,1826,2023,starter,10
60,1826,2024,rotation,69
111,1827,2015,rotation,56
111,1827,2016,starter,42
111,1827,2017,starter,64
111,1827,2018,rotation,41
111,1827,2019,starter,92
111,1827,2020,bench,81
111,1827,2021,starter,12
111,1827,2022,rotation,40
213,1827,2023,starter,37
213,1827,2024,starter,19
219,1829,2015,starter,60
219,1829,2016,starter,58
219,1829,2017,rotation,6
352,1829,2018,starter,8
352,1829,2019,starter,34
352,1829,2020,rotation,31
352,1829,2021,bench,36
352,1829,2022,starter,78
352,1829,2023,rotation,69
352,1829,2024,rotation,9
139,1830,2015,starter,41
139,1830,2016,bench,35
139,1830,2017,rotation,76
139,1830,2018,rotation,58
139,1830,2019,starter,72
119,1830,2020,starter,41
119,1830,2021,rotation,26
375,1832,2018,starter,85
375,1832,2019,bench,18
375,1832,2020,starter,55
375,1832,2021,rotation,26
375,1832,2022,starter,19
375,1832,2023,starter,30
375,1832,2024,bench,61
20,1833,2019,starter,74
20,1833,2020,starter,31
20,1833,2021,starter,45
20,1833,2022,rotation,43
20,1833,2023,starter,31
20,1833,2024,rotation,71
341,1834,2015,starter,12
341,1834,2016,bench,93
341,1834,2017,starter,96
233,1834,2018,starter,94
233,1834,2019,starter,60
143,1834,2020,starter,10
342,1834,2021,starter,58
356,1834,2022,rotation,83
356,1834,2023,rotation,97
356,1834,2024,starter,69
291,1836,2015,starter,46
291,1836,2016,starter,63
291,1836,2017,bench,63
291,1836,2018,rotation,66
291,1836,2019,starter,89
291,1836,2020,bench,22
291,1836,2021,starter,50
291,1836,2022,starter,2
291,1836,2023,starter,37
291,1836,2024,starter,53
380,1837,2015,starter,42
380,1837,2016,starter,24
380,1837,2017,rotation,62
380,1837,2018,bench,4
355,1837,2019,starter,81
355,1837,2020,rotation,42
355,1837,2021,starter,74
355,1837,2022,starter,93
355,1837,2023,starter,9
355,1837,2024,rotation,89
351,1838,2015,rotation,77
351,1838,2016,starter,24
351,1838,2017,starter,66
351,1838,2018,rotation,93
380,1838,2019,starter,85
168,1838,2020,rotation,59
168,1838,2021,starter,12
168,1838,2022,rotation,24
168,1838,2023,starter,69
146,1839,2015,rotation,74
146,1839,2016,starter,50
146,1839,2017,rotation,35
146,1839,2018,rotation,18
146,1839,2019,starter,70
146,1839,2020,starter,36
353,1839,2021,starter,95
353,1839,2022,starter,9
353,1839,2023,rotation,22
353,1839,2024,starter,57
198,1840,2020,starter,46
198,1840,2021,bench,55
198,1840,2022,starter,96
198,1840,2023,rotation,47
198,1840,2024,starter,96
40,1841,2015,rotation,3
40,1841,2016,starter,50
40,1841,2017,rotation,8
40,1841,2018,starter,30
40,1841,2019,starter,60
40,1841,2020,rotation,12
40,1841,2021,rotation,25
40,1841,2022,starter,71
40,1841,2023,starter,21
40,1841,2024,starter,72
189,1842,2024,rotation,78
364,1843,2015,starter,72
364,1843,2016,starter,45
364,1843,2017,starter,11
364,1843,2018,bench,77
364,1843,2019,starter,24
364,1843,2020,starter,87
364,1843,2021,starter,51
364,1843,2022,rotation,34
364,1843,2023,starter,12
364,1843,2024,starter,91
4,1844,2015,starter,79
4,1844,2016,starter,88
4,1844,2017,bench,53
4,1844,2018,bench,2
4,1844,2019,starter,7
4,1844,2020,starter,22
4,1844,2021,starter,76
4,1844,2022,starter,95
4,1844,2023,bench,21
4,1844,2024,starter,44
174,1845,2015,rotation,19
174,1845,2016,bench,26
102,1845,2017,starter,16
340,1845,2018,starter,68
340,1845,2019,rotation,68
340,1845,2020,bench,93
340,1845,2021,rotation,35
289,1845,2022,starter,35
289,1845,2023,rotation,54
289,1845,2024,starter,58
361,1846,2015,rotation,70
172,1846,2016,bench,44
311,1846,2017,starter,68
311,1846,2018,starter,71
311,1846,2019,starter,8
311,1846,2020,starter,83
311,1846,2021,rotation,62
153,1846,2022,starter,47
153,1846,2023,starter,76
153,1846,2024,starter,78
327,1847,2023,starter,11
347,1847,2024,rotation,9
350,1848,2015,starter,43
114,1848,2016,bench,61
114,1848,2017,bench,29
114,1848,2018,starter,14
114,1848,2019,rotation,59
114,1848,2020,starter,15
114,1848,2021,rotation,74
114,1848,2022,starter,24
114,1848,2023,starter,46
114,1848,2024,starter,14
283,1849,2015,starter,42
283,1849,2016,starter,98
283,1849,2017,rotation,85
283,1849,2018,starter,98
283,1849,2019,starter,91
283,1849,2020,rotation,91
283,1849,2021,bench,22
370,1850,2015,starter,21
370,1850,2016,starter,49
252,1850,2017,rotation,72
252,1850,2018,starter,92
252,1850,2019,starter,39
331,1850,2020,starter,83
331,1850,2021,bench,27
136,1850,2022,starter,64
136,1850,2023,bench,48
136,1850,2024,rotation,88
297,1851,2018,starter,9
337,1851,2019,starter,98
337,1851,2020,starter,90
337,1851,2021,starter,22
337,1851,2022,starter,27
337,1851,2023,starter,11
337,1851,2024,starter,73
332,1852,2015,rotation,72
332,1852,2016,starter,65
332,1852,2017,bench,33
332,1852,2018,rotation,8
274,1852,2019,rotation,4
274,1852,2020,starter,8
274,1852,2021,starter,65
274,1852,2022,bench,22
17,1853,2019,rotation,55
17,1853,2020,bench,72
17,1853,2021,rotation,33
17,1853,2022,starter,95
17,1853,2023,bench,30
17,1853,2024,starter,16
225,1854,2023,rotation,68
362,1854,2024,starter,69
34,1855,2019,rotation,14
34,1855,2020,starter,70
34,1855,2021,starter,80
34,1855,2022,starter,35
34,1855,2023,bench,5
34,1855,2024,starter,17
158,1856,2023,bench,20
158,1856,2024,bench,85
152,1857,2023,rotation,60
152,1857,2024,starter,61
23,1858,2020,starter,89
23,1858,2021,starter,21
23,1858,2022,bench,77
90,1858,2023,rotation,46
90,1858,2024,bench,12
325,1859,2021,rotation,88
325,1859,2022,starter,54
325,1859,2023,starter,69
325,1859,2024,rotation,22
251,1861,2023,starter,44
251,1861,2024,starter,89
177,1862,2015,rotation,65
177,1862,2016,starter,54
177,1862,2017,starter,76
177,1862,2018,starter,28
177,1862,2019,starter,79
177,1862,2020,starter,20
177,1862,2021,starter,42
177,1862,2022,rotation,63
177,1862,2023,starter,70
10,1863,2016,starter,12
10,1863,2017,rotation,77
10,1863,2018,starter,4
10,1863,2019,bench,8
10,1863,2020,starter,48
10,1863,2021,starter,47
10,1863,2022,starter,38
10,1863,2023,starter,75
10,1863,2024,rotation,78
358,1864,2015,bench,30
358,1864,2016,rotation,33
358,1864,2017,bench,98
358,1864,2018,rotation,75
358,1864,2019,bench,14
358,1864,2020,bench,86
358,1864,2021,rotation,91
358,1864,2022,starter,33
350,1864,2023,starter,4
350,1864,2024,starter,10
30,1865,2020,starter,80
30,1865,2021,bench,16
30,1865,2022,starter,59
30,1865,2023,rotation,40
112,1865,2024,starter,44
199,1866,2018,rotation,23
199,1866,2019,starter,55
310,1866,2020,starter,24
200,1866,2021,starter,59
200,1866,2022,starter,36
200,1866,2023,starter,87
200,1866,2024,starter,51
318,1867,2024,rotation,31
323,1868,2015,bench,2
323,1868,2016,starter,33
323,1868,2017,starter,45
141,1868,2018,starter,20
141,1868,2019,rotation,67
141,1868,2020,starter,50
141,1868,2021,starter,6
141,1868,2022,bench,97
141,1868,2023,rotation,15
141,1868,2024,starter,27
276,1869,2018,starter,17
276,1869,2019,starter,34
276,1869,2020,starter,61
276,1869,2021,starter,40
276,1869,2022,starter,82
276,1869,2023,starter,80
276,1869,2024,rotation,73
150,1870,2015,starter,7
150,1870,2016,starter,93
150,1870,2017,bench,23
150,1870,2018,rotation,30
150,1870,2019,starter,4
150,1870,2020,starter,6
150,1870,2021,starter,47
41,1870,2022,starter,59
41,1870,2023,starter,81
359,1870,2024,starter,36
133,1872,2015,rotation,78
133,1872,2016,starter,5
133,1872,2017,rotation,12
133,1872,2018,rotation,28
133,1872,2019,bench,70
144,1872,2020,starter,56
144,1872,2021,rotation,66
144,1872,2022,starter,64
144,1872,2023,rotation,64
292,1872,2024,bench,74
145,1873,2015,bench,50
145,1873,2016,rotation,47
145,1873,2017,starter,34
145,1873,2018,starter,25
145,1873,2019,bench,17
145,1873,2020,rotation,71
145,1873,2021,starter,81
145,1873,2022,starter,40
145,1873,2023,starter,2
234,1873,2024,bench,5
321,1874,2015,starter,60
321,1874,2016,starter,12
321,1874,2017,bench,6
321,1874,2018,starter,49
321,1874,2019,starter,79
321,1874,2020,rotation,59
321,1874,2021,rotation,3
321,1874,2022,rotation,72
321,1874,2023,starter,39
321,1874,2024,starter,68
168,1875,2021,starter,71
168,1875,2022,rotation,84
168,1875,2023,starter,96
168,1875,2024,starter,69
88,1876,2021,starter,58
88,1876,2022,rotation,54
88,1876,2023,rotation,62
88,1876,2024,starter,16
182,1877,2020,starter,42
182,1877,2021,starter,28
182,1877,2022,bench,75
182,1877,2023,starter,5
182,1877,2024,rotation,79
282,1879,2024,starter,25
252,1880,2015,rotation,33
252,1880,2016,starter,92
252,1880,2017,rotation,35
252,1880,2018,starter,3
252,1880,2019,starter,2
252,1880,2020,starter,91
230,1880,2021,rotation,20
230,1880,2022,rotation,52
347,1881,2015,rotation,57
347,1881,2016,rotation,11
347,1881,2017,bench,94
347,1881,2018,starter,72
347,1881,2019,starter,50
347,1881,2020,starter,51
347,1881,2021,starter,63
347,1881,2022,starter,90
369,1881,2023,starter,4
369,1881,2024,starter,67
35,1882,2024,starter,51
82,1883,2015,starter,57
82,1883,2016,rotation,88
82,1883,2017,bench,28
82,1883,2018,bench,47
82,1883,2019,starter,92
82,1883,2020,rotation,13
82,1883,2021,starter,80
82,1883,2022,starter,81
82,1883,2023,starter,71
82,1883,2024,starter,83
339,1884,2016,starter,61
339,1884,2017,starter,65
339,1884,2018,rotation,49
339,1884,2019,starter,9
339,1884,2020,starter,78
355,1884,2021,rotation,54
247,1884,2022,rotation,62
247,1884,2023,starter,83
247,1884,2024,starter,38
366,1885,2015,starter,48
366,1885,2016,starter,1
366,1885,2017,starter,30
366,1885,2018,bench,71
366,1885,2019,starter,75
366,1885,2020,starter,11
366,1885,2021,rotation,79
298,1885,2022,starter,4
298,1885,2023,starter,29
298,1885,2024,starter,43
194,1886,2022,bench,67
194,1886,2023,starter,33
194,1886,2024,starter,25
325,1887,2019,rotation,79
337,1887,2020,starter,56
337,1887,2021,starter,14
337,1887,2022,bench,13
337,1887,2023,starter,41
337,1887,2024,rotation,71
241,1888,2015,rotation,48
241,1888,2016,starter,57
241,1888,2017,starter,52
241,1888,2018,starter,75
241,1888,2019,bench,62
241,1888,2020,starter,68
241,1888,2021,rotation,63
217,1888,2022,starter,96
217,1888,2023,bench,26
217,1888,2024,rotation,39
90,1889,2015,starter,18
369,1889,2016,bench,82
369,1889,2017,starter,33
369,1889,2018,starter,64
369,1889,2019,bench,11
369,1889,2020,starter,86
369,1889,2021,bench,90
369,1889,2022,starter,53
369,1889,2023,bench,69
369,1889,2024,starter,74
200,1890,2015,bench,97
193,1890,2016,starter,79
193,1890,2017,rotation,16
193,1890,2018,rotation,3
193,1890,2019,rotation,4
193,1890,2020,starter,16
193,1890,2021,starter,35
193,1890,2022,rotation,10
193,1890,2023,starter,70
193,1890,2024,starter,5
319,1891,2015,starter,23
319,1891,2016,starter,67
319,1891,2017,bench,28
301,1891,2018,starter,35
301,1891,2019,starter,86
301,1891,2020,starter,28
301,1891,2021,starter,67
301,1891,2022,starter,45
301,1891,2023,bench,50
301,1891,2024,rotation,47
152,1892,2015,bench,80
152,1892,2016,starter,98
152,1892,2017,rotation,48
152,1892,2018,starter,64
152,1892,2019,bench,50
152,1892,2020,rotation,7
152,1892,2021,starter,89
152,1892,2022,starter,3
152,1892,2023,bench,17
194,1892,2024,bench,4
15,1893,2019,starter,96
135,1893,2020,rotation,91
169,1893,2021,starter,56
169,1893,2022,starter,64
169,1893,2023,starter,6
169,1893,2024,starter,49
291,1895,2022,starter,68
291,1895,2023,starter,32
291,1895,2024,starter,35
314,1896,2019,bench,82
314,1896,2020,starter,69
314,1896,2021,rotation,16
314,1896,2022,rotation,5
314,1896,2023,starter,86
277,1896,2024,bench,50
71,1898,2017,starter,91
71,1898,2018,rotation,76
71,1898,2019,starter,27
353,1898,2020,bench,27
353,1898,2021,starter,4
353,1898,2022,starter,86
353,1898,2023,bench,84
353,1898,2024,rotation,80
146,1899,2015,starter,9
146,1899,2016,starter,10
146,1899,2017,bench,9
146,1899,2018,starter,46
146,1899,2019,bench,87
146,1899,2020,starter,40
354,1899,2021,rotation,38
354,1899,2022,starter,8
354,1899,2023,rotation,49
26,1900,2015,starter,94
26,1900,2016,starter,7
26,1900,2017,starter,48
26,1900,2018,rotation,39
26,1900,2019,starter,27
26,1900,2020,starter,92
26,1900,2021,rotation,36
26,1900,2022,starter,57
26,1900,2023,rotation,96
26,1900,2024,starter,28
135,1901,2016,starter,98
135,1901,2017,starter,96
135,1901,2018,bench,79
135,1901,2019,starter,29
135,1901,2020,starter,10
135,1901,2021,starter,65
135,1901,2022,rotation,27
135,1901,2023,starter,26
135,1901,2024,starter,22
20,1902,2018,bench,95
20,1902,2019,rotation,6
20,1902,2020,rotation,47
20,1902,2021,starter,46
20,1902,2022,starter,40
20,1902,2023,starter,22
20,1902,2024,starter,89
210,1903,2021,starter,30
218,1903,2022,starter,29
218,1903,2023,starter,29
218,1903,2024,starter,38
164,1904,2017,starter,26
283,1904,2018,rotation,48
283,1904,2019,starter,21
283,1904,2020,starter,59
283,1904,2021,starter,17
283,1904,2022,starter,75
283,1904,2023,rotation,39
283,1904,2024,rotation,36
358,1905,2015,bench,63
358,1905,2016,starter,89
358,1905,2017,starter,34
358,1905,2018,starter,33
358,1905,2019,starter,81
145,1905,2020,starter,72
145,1905,2021,rotation,20
145,1905,2022,rotation,70
145,1905,2023,starter,79
145,1905,2024,rotation,17
53,1906,2015,starter,11
53,1906,2016,bench,34
53,1906,2017,starter,83
292,1906,2018,starter,61
292,1906,2019,starter,19
292,1906,2020,bench,26
292,1906,2021,starter,97
292,1906,2022,starter,88
292,1906,2023,starter,33
292,1906,2024,rotation,27
148,1907,2021,rotation,36
148,1907,2022,starter,63
148,1907,2023,starter,82
148,1907,2024,starter,73
356,1908,2015,bench,43
356,1908,2016,starter,82
356,1908,2017,starter,71
356,1908,2018,starter,91
356,1908,2019,starter,48
308,1908,2020,rotation,1
308,1908,2021,rotation,34
308,1908,2022,rotation,98
65,1908,2023,starter,45
65,1908,2024,starter,48
323,1909,2015,starter,50
323,1909,2016,rotation,93
323,1909,2017,bench,64
323,1909,2018,starter,11
323,1909,2019,bench,40
352,1909,2020,starter,14
352,1909,2021,rotation,12
167,1909,2022,starter,46
167,1909,2023,starter,81
167,1909,2024,starter,60
169,1910,2015,rotation,7
169,1910,2016,rotation,89
169,1910,2017,starter,14
169,1910,2018,starter,5
169,1910,2019,bench,70
169,1910,2020,starter,56
169,1910,2021,rotation,66
169,1910,2022,starter,89
169,1910,2023,rotation,39
169,1910,2024,bench,62
367,1911,2015,starter,61
367,1911,2016,starter,64
236,1911,2017,starter,70
236,1911,2018,starter,80
236,1911,2019,starter,46
236,1911,2020,starter,96
236,1911,2021,starter,27
33,1911,2022,rotation,90
33,1911,2023,rotation,58
191,1911,2024,starter,56
348,1912,2020,starter,37
348,1912,2021,rotation,43
348,1912,2022,starter,87
348,1912,2023,starter,54
352,1912,2024,rotation,93
371,1914,2015,rotation,14
371,1914,2016,starter,74
371,1914,2017,starter,18
371,1914,2018,starter,56
371,1914,2019,rotation,55
371,1914,2020,starter,54
371,1914,2021,starter,35
371,1914,2022,starter,89
371,1914,2023,rotation,12
371,1914,2024,starter,29
353,1915,2017,rotation,74
353,1915,2018,rotation,76
353,1915,2019,starter,48
361,1915,2020,bench,30
361,1915,2021,starter,89
361,1915,2022,rotation,22
361,1915,2023,starter,84
361,1915,2024,starter,89
135,1916,2015,rotation,59
135,1916,2016,starter,27
135,1916,2017,starter,31
135,1916,2018,starter,75
135,1916,2019,rotation,53
135,1916,2020,rotation,28
135,1916,2021,bench,4
135,1916,2022,starter,43
135,1916,2023,bench,72
135,1916,2024,starter,59
160,1917,2021,bench,69
160,1917,2022,rotation,49
201,1917,2023,starter,8
201,1917,2024,starter,64
318,1918,2021,bench,42
318,1918,2022,starter,58
318,1918,2023,starter,2
318,1918,2024,starter,13
78,1919,2022,starter,33
78,1919,2023,rotation,86
78,1919,2024,bench,71
33,1920,2019,starter,81
33,1920,2020,starter,74
33,1920,2021,starter,70
33,1920,2022,starter,51
33,1920,2023,starter,85
33,1920,2024,starter,65
176,1922,2015,rotation,73
176,1922,2016,bench,85
176,1922,2017,bench,14
176,1922,2018,rotation,37
176,1922,2019,starter,87
176,1922,2020,starter,89
176,1922,2021,starter,61
176,1922,2022,rotation,12
176,1922,2023,starter,13
176,1922,2024,starter,75
83,1923,2017,rotation,2
83,1923,2018,bench,93
83,1923,2019,starter,11
83,1923,2020,starter,14
83,1923,2021,rotation,87
83,1923,2022,starter,94
83,1923,2023,bench,89
83,1923,2024,starter,8
310,1924,2021,rotation,97
310,1924,2022,starter,1
310,1924,2023,rotation,84
310,1924,2024,rotation,59
273,1925,2015,rotation,78
313,1925,2016,bench,23
313,1925,2017,starter,57
313,1925,2018,starter,40
313,1925,2019,starter,52
313,1925,2020,starter,59
313,1925,2021,starter,44
139,1925,2022,starter,9
190,1925,2023,rotation,19
190,1925,2024,starter,65
217,1926,2018,bench,4
217,1926,2019,rotation,97
217,1926,2020,rotation,36
217,1926,2021,rotation,58
217,1926,2022,starter,84
217,1926,2023,bench,95
217,1926,2024,rotation,88
306,1927,2015,starter,14
306,1927,2016,bench,83
306,1927,2017,rotation,68
306,1927,2018,starter,93
306,1927,2019,bench,14
306,1927,2020,starter,30
306,1927,2021,starter,93
306,1927,2022,starter,88
306,1927,2023,starter,3
306,1927,2024,rotation,81
242,1928,2015,starter,73
242,1928,2016,starter,39
242,1928,2017,starter,15
242,1928,2018,starter,20
163,1928,2019,rotation,60
163,1928,2020,rotation,58
163,1928,2021,starter,93
163,1928,2022,bench,32
163,1928,2023,bench,17
163,1928,2024,starter,64
213,1930,2015,rotation,35
213,1930,2016,rotation,83
213,1930,2017,rotation,34
213,1930,2018,starter,91
213,1930,2019,starter,23
213,1930,2020,starter,22
213,1930,2021,starter,37
213,1930,2022,starter,26
151,1930,2023,starter,77
151,1930,2024,starter,80
371,1931,2015,starter,47
294,1931,2016,bench,32
294,1931,2017,starter,89
294,1931,2018,bench,73
294,1931,2019,starter,35
294,1931,2020,starter,13
294,1931,2021,starter,49
294,1931,2022,starter,83
294,1931,2023,starter,12
120,1931,2024,bench,87
277,1932,2015,rotation,75
231,1932,2016,bench,41
231,1932,2017,starter,6
231,1932,2018,starter,85
231,1932,2019,starter,54
231,1932,2020,starter,65
231,1932,2021,rotation,56
231,1932,2022,starter,17
231,1932,2023,starter,79
231,1932,2024,starter,97
206,1933,2015,rotation,27
206,1933,2016,bench,43
206,1933,2017,starter,5
206,1933,2018,rotation,54
206,1933,2019,starter,22
206,1933,2020,bench,53
206,1933,2021,rotation,52
206,1933,2022,starter,44
206,1933,2023,rotation,28
206,1933,2024,starter,65
340,1934,2015,starter,93
340,1934,2016,rotation,69
340,1934,2017,starter,80
340,1934,2018,starter,85
340,1934,2019,starter,37
340,1934,2020,bench,65
340,1934,2021,bench,34
340,1934,2022,rotation,71
340,1934,2023,starter,42
340,1934,2024,starter,21
185,1935,2019,rotation,63
185,1935,2020,rotation,46
185,1935,2021,starter,94
185,1935,2022,starter,33
185,1935,2023,rotation,48
185,1935,2024,rotation,91
125,1936,2015,starter,46
125,1936,2016,starter,73
125,1936,2017,starter,4
125,1936,2018,starter,52
125,1936,2019,rotation,29
125,1936,2020,starter,76
125,1936,2021,starter,84
173,1936,2022,starter,43
1,1936,2023,starter,15
1,1936,2024,starter,96
324,1937,2023,starter,27
324,1937,2024,starter,55
214,1938,2015,starter,57
214,1938,2016,bench,92
214,1938,2017,starter,44
214,1938,2018,starter,1
214,1938,2019,starter,94
214,1938,2020,rotation,81
319,1939,2015,starter,4
319,1939,2016,starter,15
319,1939,2017,rotation,28
319,1939,2018,starter,65
319,1939,2019,rotation,6
322,1939,2020,starter,10
322,1939,2021,starter,59
322,1939,2022,bench,70
322,1939,2023,starter,51
322,1939,2024,bench,40
369,1940,2019,rotation,19
369,1940,2020,starter,52
369,1940,2021,starter,3
369,1940,2022,starter,13
369,1940,2023,rotation,37
369,1940,2024,starter,69
116,1941,2017,bench,33
116,1941,2018,starter,6
116,1941,2019,rotation,21
116,1941,2020,starter,47
116,1941,2021,starter,22
116,1941,2022,rotation,53
116,1941,2023,rotation,28
116,1941,2024,bench,89
258,1943,2015,starter,89
258,1943,2016,starter,94
258,1943,2017,starter,96
205,1943,2018,rotation,59
205,1943,2019,starter,43
205,1943,2020,starter,82
205,1943,2021,rotation,79
205,1943,2022,starter,9
205,1943,2023,starter,94
205,1943,2024,starter,77
362,1944,2016,rotation,78
362,1944,2017,rotation,94
362,1944,2018,starter,98
362,1944,2019,starter,31
362,1944,2020,starter,38
362,1944,2021,starter,74
362,1944,2022,starter,16
362,1944,2023,rotation,41
362,1944,2024,rotation,36
362,1945,2022,starter,23
362,1945,2023,starter,83
362,1945,2024,bench,95
359,1946,2022,starter,89
359,1946,2023,rotation,80
359,1946,2024,bench,42
157,1947,2015,starter,97
204,1947,2016,rotation,94
204,1947,2017,starter,47
204,1947,2018,rotation,47
204,1947,2019,bench,27
204,1947,2020,rotation,7
204,1947,2021,starter,42
204,1947,2022,rotation,21
204,1947,2023,starter,24
204,1947,2024,starter,6
296,1949,2019,starter,53
296,1949,2020,rotation,43
296,1949,2021,rotation,89
296,1949,2022,bench,76
241,1949,2023,starter,13
241,1949,2024,starter,46
216,1950,2015,bench,17
216,1950,2016,rotation,14
216,1950,2017,starter,66
216,1950,2018,rotation,5
216,1950,2019,rotation,2
216,1950,2020,starter,53
216,1950,2021,starter,41
216,1950,2022,rotation,17
216,1950,2023,rotation,18
216,1950,2024,rotation,64
180,1951,2023,starter,24
180,1951,2024,starter,95
189,1953,2015,bench,30
189,1953,2016,rotation,87
189,1953,2017,starter,10
189,1953,2018,starter,38
189,1953,2019,bench,81
189,1953,2020,starter,9
189,1953,2021,starter,49
189,1953,2022,rotation,1
99,1954,2015,starter,15
99,1954,2016,starter,51
99,1954,2017,rotation,78
99,1954,2018,starter,73
99,1954,2019,starter,57
99,1954,2020,starter,88
147,1956,2015,starter,89
353,1956,2016,starter,67
353,1956,2017,starter,78
353,1956,2018,bench,18
353,1956,2019,starter,81
353,1956,2020,bench,71
323,1956,2021,rotation,6
323,1956,2022,starter,24
323,1956,2023,starter,33
323,1956,2024,rotation,68
322,1957,2015,bench,68
322,1957,2016,starter,65
322,1957,2017,starter,13
322,1957,2018,starter,84
322,1957,2019,starter,94
322,1957,2020,rotation,12
322,1957,2021,starter,34
322,1957,2022,starter,62
322,1957,2023,starter,49
322,1957,2024,starter,43
185,1958,2019,starter,4
185,1958,2020,rotation,7
185,1958,2021,starter,41
185,1958,2022,starter,67
185,1958,2023,starter,31
185,1958,2024,starter,4
89,1959,2024,starter,8
289,1960,2015,starter,72
331,1960,2016,bench,49
331,1960,2017,rotation,39
331,1960,2018,starter,74
331,1960,2019,bench,16
331,1960,2020,starter,82
163,1960,2021,starter,1
163,1960,2022,bench,39
163,1960,2023,bench,9
163,1960,2024,bench,49
368,1961,2015,starter,75
368,1961,2016,starter,98
368,1961,2017,starter,37
368,1961,2018,rotation,82
156,1961,2019,starter,81
156,1961,2020,starter,84
156,1961,2021,rotation,40
156,1961,2022,rotation,22
156,1961,2023,starter,36
156,1961,2024,starter,51
348,1962,2024,starter,41
334,1963,2015,starter,50
334,1963,2016,starter,73
334,1963,2017,starter,85
334,1963,2018,bench,50
334,1963,2019,starter,77
339,1963,2020,starter,23
339,1963,2021,starter,6
339,1963,2022,rotation,53
339,1963,2023,starter,76
339,1963,2024,rotation,62
99,1964,2019,starter,90
99,1964,2020,rotation,82
99,1964,2021,starter,53
23,1964,2022,rotation,61
23,1964,2023,starter,31
339,1964,2024,rotation,71
59,1965,2015,starter,54
59,1965,2016,bench,80
59,1965,2017,starter,44
59,1965,2018,rotation,45
59,1965,2019,starter,35
59,1965,2020,starter,53
59,1965,2021,rotation,62
59,1965,2022,starter,80
283,1965,2023,rotation,27
364,1965,2024,rotation,64
339,1966,2018,starter,17
277,1966,2019,rotation,12
277,1966,2020,starter,39
277,1966,2021,rotation,39
124,1966,2022,bench,32
124,1966,2023,rotation,68
124,1966,2024,starter,55
119,1967,2015,rotation,15
119,1967,2016,starter,34
119,1967,2017,starter,58
119,1967,2018,starter,6
119,1967,2019,bench,66
119,1967,2020,bench,45
119,1967,2021,starter,9
119,1967,2022,starter,77
368,1967,2023,rotation,80
276,1967,2024,starter,24
319,1968,2015,starter,38
319,1968,2016,starter,16
319,1968,2017,starter,81
357,1968,2018,starter,27
357,1968,2019,starter,47
357,1968,2020,starter,79
357,1968,2021,starter,65
357,1968,2022,bench,27
153,1968,2023,starter,84
153,1968,2024,bench,48
348,1969,2015,bench,64
348,1969,2016,starter,56
348,1969,2017,rotation,75
348,1969,2018,starter,81
348,1969,2019,rotation,37
348,1969,2020,starter,30
348,1969,2021,starter,17
348,1969,2022,starter,91
348,1969,2023,starter,7
348,1969,2024,starter,47
91,1970,2015,starter,91
91,1970,2016,starter,22
91,1970,2017,rotation,76
91,1970,2018,starter,7
91,1970,2019,starter,94
91,1970,2020,rotation,80
91,1970,2021,rotation,24
91,1970,2022,starter,34
91,1970,2023,starter,96
91,1970,2024,rotation,91
19,1971,2015,starter,69
19,1971,2016,starter,42
19,1971,2017,starter,69
19,1971,2018,rotation,70
19,1971,2019,rotation,86
19,1971,2020,starter,11
19,1971,2021,rotation,27
19,1971,2022,starter,41
19,1971,2023,rotation,90
19,1971,2024,bench,22
268,1972,2015,rotation,9
268,1972,2016,rotation,94
268,1972,2017,rotation,25
268,1972,2018,rotation,7
268,1972,2019,starter,31
268,1972,2020,rotation,73
268,1972,2021,bench,86
268,1972,2022,starter,1
268,1972,2023,rotation,38
268,1972,2024,starter,66
253,1974,2020,starter,49
253,1974,2021,starter,45
253,1974,2022,starter,24
253,1974,2023,starter,39
253,1974,2024,starter,92
270,1975,2017,starter,85
270,1975,2018,starter,75
270,1975,2019,bench,69
270,1975,2020,starter,54
270,1975,2021,starter,39
270,1975,2022,starter,68
270,1975,2023,starter,66
270,1975,2024,starter,24
228,1976,2015,rotation,72
228,1976,2016,rotation,51
228,1976,2017,starter,49
228,1976,2018,bench,65
228,1976,2019,bench,45
228,1976,2020,starter,85
228,1976,2021,starter,79
76,1976,2022,starter,25
76,1976,2023,starter,85
76,1976,2024,starter,7
350,1978,2022,bench,44
350,1978,2023,starter,74
350,1978,2024,starter,56
254,1979,2015,starter,32
254,1979,2016,rotation,12
254,1979,2017,starter,6
254,1979,2018,starter,46
254,1979,2019,starter,84
254,1979,2020,bench,92
254,1979,2021,starter,94
254,1979,2022,starter,26
254,1979,2023,bench,49
254,1979,2024,starter,77
369,1980,2022,starter,18
369,1980,2023,starter,19
369,1980,2024,starter,98
353,1981,2015,starter,78
311,1981,2016,rotation,92
311,1981,2017,starter,45
311,1981,2018,starter,49
311,1981,2019,starter,39
311,1981,2020,rotation,39
294,1981,2021,starter,83
294,1981,2022,starter,73
294,1981,2023,starter,59
294,1981,2024,bench,16
343,1982,2015,starter,92
343,1982,2016,starter,56
343,1982,2017,starter,57
343,1982,2018,starter,97
343,1982,2019,starter,82
325,1982,2020,starter,47
325,1982,2021,starter,6
325,1982,2022,starter,49
325,1982,2023,starter,33
59,1982,2024,rotation,28
297,1983,2019,rotation,14
297,1983,2020,starter,88
297,1983,2021,bench,9
297,1983,2022,starter,10
297,1983,2023,starter,61
297,1983,2024,starter,74
311,1984,2015,starter,23
211,1984,2016,starter,60
316,1984,2017,starter,42
316,1984,2018,starter,16
316,1984,2019,bench,27
316,1984,2020,bench,54
316,1984,2021,starter,96
316,1984,2022,rotation,35
316,1984,2023,rotation,24
316,1984,2024,starter,53
364,1985,2022,bench,23
364,1985,2023,bench,95
287,1985,2024,starter,48
237,1987,2024,bench,29
267,1989,2024,bench,88
195,1990,2015,bench,29
195,1990,2016,starter,67
195,1990,2017,starter,91
195,1990,2018,starter,74
195,1990,2019,rotation,2
195,1990,2020,starter,65
195,1990,2021,starter,30
195,1990,2022,rotation,44
195,1990,2023,starter,5
195,1990,2024,starter,31
129,1991,2016,starter,94
362,1991,2017,starter,4
362,1991,2018,starter,58
156,1991,2019,starter,87
156,1991,2020,bench,42
156,1991,2021,starter,94
156,1991,2022,rotation,90
156,1991,2023,starter,17
156,1991,2024,bench,78
53,1992,2015,rotation,37
53,1992,2016,starter,52
53,1992,2017,starter,14
53,1992,2018,starter,30
53,1992,2019,rotation,15
53,1992,2020,starter,13
53,1992,2021,starter,34
53,1992,2022,rotation,22
53,1992,2023,starter,87
53,1992,2024,rotation,82
315,1993,2016,starter,87
315,1993,2017,starter,90
315,1993,2018,starter,42
315,1993,2019,rotation,21
315,1993,2020,rotation,20
17,1993,2021,starter,78
17,1993,2022,starter,66
43,1993,2023,starter,50
43,1993,2024,rotation,78
51,1994,2018,starter,57
51,1994,2019,starter,2
51,1994,2020,starter,76
51,1994,2021,starter,93
51,1994,2022,starter,61
51,1994,2023,rotation,16
51,1994,2024,starter,63
372,1996,2017,starter,44
372,1996,2018,rotation,78
372,1996,2019,starter,15
372,1996,2020,rotation,88
372,1996,2021,starter,57
372,1996,2022,rotation,91
372,1996,2023,starter,55
372,1996,2024,starter,89
212,1998,2016,starter,97
212,1998,2017,starter,24
212,1998,2018,starter,1
212,1998,2019,rotation,65
212,1998,2020,starter,35
212,1998,2021,rotation,51
212,1998,2022,bench,31
212,1998,2023,rotation,51
212,1998,2024,starter,13
335,1999,2015,starter,38
335,1999,2016,starter,48
335,1999,2017,rotation,52
335,1999,2018,rotation,43
335,1999,2019,rotation,26
335,1999,2020,starter,97
335,1999,2021,starter,24
335,1999,2022,rotation,67
335,1999,2023,starter,93
335,1999,2024,starter,88
99,2000,2024,starter,22
344,2001,2020,starter,39
344,2001,2021,rotation,29
372,2001,2022,starter,52
372,2001,2023,rotation,39
372,2001,2024,starter,85
326,2002,2015,starter,55
326,2002,2016,starter,65
162,2002,2017,rotation,61
162,2002,2018,rotation,41
162,2002,2019,starter,33
162,2002,2020,bench,64
162,2002,2021,starter,48
162,2002,2022,starter,33
221,2003,2015,rotation,32
221,2003,2016,bench,56
221,2003,2017,starter,34
221,2003,2018,bench,30
221,2003,2019,starter,54
221,2003,2020,starter,56
221,2003,2021,rotation,24
221,2003,2022,starter,50
221,2003,2023,rotation,49
221,2003,2024,bench,3
349,2005,2015,starter,33
349,2005,2016,starter,29
349,2005,2017,rotation,95
349,2005,2018,starter,2
349,2005,2019,starter,77
349,2005,2020,starter,62
349,2005,2021,starter,98
349,2005,2022,rotation,55
349,2005,2023,rotation,3
349,2005,2024,starter,43
355,2006,2015,rotation,90
355,2006,2016,starter,77
45,2006,2017,starter,93
45,2006,2018,rotation,37
45,2006,2019,starter,83
45,2006,2020,starter,84
209,2006,2021,rotation,4
209,2006,2022,rotation,78
209,2006,2023,starter,69
209,2006,2024,starter,95
362,2007,2015,starter,66
226,2007,2016,bench,6
226,2007,2017,starter,1
226,2007,2018,rotation,74
226,2007,2019,bench,59
226,2007,2020,starter,74
226,2007,2021,starter,57
226,2007,2022,starter,92
353,2007,2023,starter,60
353,2007,2024,starter,56
166,2008,2017,bench,82
166,2008,2018,starter,8
31,2008,2019,starter,87
31,2008,2020,starter,13
31,2008,2021,rotation,48
365,2008,2022,starter,17
365,2008,2023,starter,78
365,2008,2024,starter,55
209,2010,2015,starter,64
209,2010,2016,starter,11
277,2010,2017,starter,96
277,2010,2018,bench,7
277,2010,2019,starter,48
277,2010,2020,starter,40
277,2010,2021,starter,87
277,2010,2022,starter,1
277,2010,2023,rotation,33
277,2010,2024,starter,27
144,2012,2015,starter,24
144,2012,2016,starter,66
144,2012,2017,starter,35
144,2012,2018,bench,87
144,2012,2019,starter,27
122,2012,2020,starter,67
122,2012,2021,starter,53
122,2012,2022,starter,61
122,2012,2023,starter,25
122,2012,2024,starter,82
149,2013,2015,rotation,77
149,2013,2016,bench,97
149,2013,2017,starter,27
149,2013,2018,starter,75
149,2013,2019,rotation,8
220,2013,2020,starter,61
220,2013,2021,starter,86
220,2013,2022,starter,20
220,2013,2023,rotation,70
220,2013,2024,starter,66
269,2014,2015,starter,73
269,2014,2016,starter,14
328,2014,2017,starter,5
328,2014,2018,bench,85
328,2014,2019,starter,14
328,2014,2020,rotation,23
328,2014,2021,starter,93
328,2014,2022,starter,46
328,2014,2023,starter,15
328,2014,2024,starter,37
367,2015,2015,starter,19
367,2015,2016,starter,85
367,2015,2017,bench,79
367,2015,2018,rotation,49
367,2015,2019,starter,9
367,2015,2020,starter,74
367,2015,2021,starter,39
367,2015,2022,starter,45
184,2015,2023,starter,73
184,2015,2024,starter,9
328,2016,2022,starter,77
328,2016,2023,starter,22
328,2016,2024,starter,15
77,2017,2018,starter,8
77,2017,2019,bench,93
77,2017,2020,rotation,75
77,2017,2021,starter,43
77,2017,2022,starter,80
77,2017,2023,rotation,84
77,2017,2024,rotation,82
183,2019,2015,starter,67
183,2019,2016,starter,35
183,2019,2017,bench,3
183,2019,2018,rotation,10
183,2019,2019,starter,12
183,2019,2020,rotation,37
183,2019,2021,bench,75
183,2019,2022,starter,81
183,2019,2023,starter,18
183,2019,2024,starter,98
346,2020,2015,starter,1
346,2020,2016,starter,52
346,2020,2017,starter,87
346,2020,2018,starter,79
346,2020,2019,starter,53
346,2020,2020,starter,48
346,2020,2021,starter,95
220,2020,2022,starter,7
185,2021,2019,starter,31
185,2021,2020,rotation,98
185,2021,2021,rotation,12
185,2021,2022,starter,82
185,2021,2023,starter,24
292,2021,2024,starter,47
361,2022,2022,starter,22
361,2022,2023,rotation,69
361,2022,2024,rotation,37
26,2023,2015,starter,24
266,2023,2016,rotation,49
266,2023,2017,starter,55
266,2023,2018,starter,93
266,2023,2019,bench,89
266,2023,2020,rotation,68
266,2023,2021,rotation,49
266,2023,2022,starter,14
266,2023,2023,starter,68
266,2023,2024,rotation,51
261,2024,2015,starter,93
261,2024,2016,starter,82
261,2024,2017,starter,82
261,2024,2018,bench,80
261,2024,2019,starter,46
261,2024,2020,starter,74
261,2024,2021,starter,97
261,2024,2022,starter,10
261,2024,2023,rotation,31
261,2024,2024,starter,10
103,2025,2018,starter,71
103,2025,2019,starter,46
103,2025,2020,rotation,83
103,2025,2021,starter,11
103,2025,2022,starter,31
103,2025,2023,starter,28
103,2025,2024,starter,57
5,2026,2018,starter,33
5,2026,2019,starter,15
5,2026,2020,starter,64
5,2026,2021,starter,86
5,2026,2022,rotation,43
5,2026,2023,starter,2
5,2026,2024,rotation,37
361,2027,2017,starter,30
355,2027,2018,rotation,13
355,2027,2019,bench,29
355,2027,2020,bench,91
355,2027,2021,starter,48
355,2027,2022,starter,60
355,2027,2023,bench,16
355,2027,2024,bench,62
228,2028,2021,rotation,60
228,2028,2022,starter,22
228,2028,2023,starter,13
158,2028,2024,rotation,19
143,2029,2023,starter,31
143,2029,2024,rotation,46
258,2030,2022,bench,58
258,2030,2023,bench,7
258,2030,2024,rotation,54
355,2031,2015,starter,97
355,2031,2016,rotation,1
355,2031,2017,starter,33
123,2031,2018,starter,39
123,2031,2019,bench,73
123,2031,2020,starter,57
233,2031,2021,bench,1
233,2031,2022,starter,81
233,2031,2023,starter,7
233,2031,2024,starter,58
105,2032,2015,starter,71
105,2032,2016,starter,71
105,2032,2017,bench,1
105,2032,2018,bench,51
105,2032,2019,bench,90
105,2032,2020,starter,86
105,2032,2021,starter,79
105,2032,2022,starter,70
105,2032,2023,bench,69
327,2033,2015,rotation,46
327,2033,2016,starter,44
327,2033,2017,starter,45
327,2033,2018,starter,42
327,2033,2019,starter,70
327,2033,2020,rotation,67
327,2033,2021,rotation,28
327,2033,2022,rotation,42
327,2033,2023,rotation,47
327,2033,2024,bench,23
348,2034,2024,starter,65
345,2035,2015,starter,65
232,2035,2016,starter,66
307,2035,2017,starter,75
307,2035,2018,rotation,24
307,2035,2019,rotation,21
307,2035,2020,starter,9
328,2035,2021,bench,5
351,2035,2022,bench,65
318,2035,2023,starter,67
318,2035,2024,bench,73
281,2036,2020,starter,55
163,2036,2021,starter,44
163,2036,2022,starter,16
303,2036,2023,starter,21
303,2036,2024,starter,26
205,2037,2015,bench,24
205,2037,2016,starter,81
205,2037,2017,rotation,79
205,2037,2018,rotation,89
205,2037,2019,bench,90
205,2037,2020,starter,81
205,2037,2021,rotation,41
205,2037,2022,starter,22
205,2037,2023,starter,41
205,2037,2024,bench,6
354,2038,2015,starter,97
354,2038,2016,rotation,95
354,2038,2017,bench,44
354,2038,2018,rotation,14
354,2038,2019,starter,61
354,2038,2020,bench,67
354,2038,2021,starter,35
354,2038,2022,starter,6
354,2038,2023,starter,17
354,2038,2024,starter,77
231,2039,2015,starter,51
228,2039,2016,starter,93
131,2039,2017,rotation,88
131,2039,2018,starter,77
131,2039,2019,bench,5
131,2039,2020,bench,30
131,2039,2021,bench,50
131,2039,2022,rotation,81
131,2039,2023,starter,73
131,2039,2024,rotation,30
281,2040,2015,rotation,95
281,2040,2016,starter,49
374,2040,2017,rotation,68
374,2040,2018,starter,8
374,2040,2019,bench,94
374,2040,2020,starter,68
374,2040,2021,rotation,37
374,2040,2022,bench,12
374,2040,2023,starter,47
374,2040,2024,rotation,4
376,2041,2015,starter,46
376,2041,2016,rotation,67
376,2041,2017,starter,69
376,2041,2018,bench,41
376,2041,2019,starter,21
376,2041,2020,starter,94
376,2041,2021,bench,13
260,2042,2015,bench,3
303,2042,2016,rotation,81
303,2042,2017,starter,31
303,2042,2018,starter,66
303,2042,2019,rotation,75
303,2042,2020,rotation,53
303,2042,2021,starter,24
303,2042,2022,starter,62
140,2042,2023,rotation,81
158,2042,2024,starter,26
296,2043,2015,starter,72
296,2043,2016,starter,83
296,2043,2017,starter,80
296,2043,2018,starter,7
296,2043,2019,starter,86
296,2043,2020,starter,92
324,2043,2021,starter,15
324,2043,2022,starter,55
167,2043,2023,rotation,47
184,2043,2024,starter,82
250,2044,2015,rotation,33
156,2044,2016,bench,19
343,2044,2017,starter,73
343,2044,2018,rotation,27
343,2044,2019,starter,64
343,2044,2020,starter,87
343,2044,2021,bench,34
343,2044,2022,rotation,80
343,2044,2023,starter,51
343,2044,2024,rotation,60
349,2045,2022,starter,60
349,2045,2023,starter,63
363,2045,2024,rotation,89
259,2046,2015,bench,35
259,2046,2016,starter,90
259,2046,2017,bench,40
259,2046,2018,starter,8
259,2046,2019,rotation,63
212,2046,2020,rotation,14
212,2046,2021,starter,79
212,2046,2022,starter,41
212,2046,2023,starter,41
189,2047,2018,rotation,59
56,2047,2019,starter,21
56,2047,2020,rotation,44
221,2047,2021,starter,19
221,2047,2022,starter,49
221,2047,2023,starter,47
221,2047,2024,rotation,14
333,2048,2015,rotation,25
333,2048,2016,starter,37
333,2048,2017,starter,38
301,2048,2018,starter,6
301,2048,2019,rotation,89
89,2049,2019,starter,70
89,2049,2020,starter,73
89,2049,2021,starter,68
281,2049,2022,starter,69
281,2049,2023,starter,7
281,2049,2024,starter,93
279,2050,2015,rotation,70
279,2050,2016,bench,63
279,2050,2017,starter,27
279,2050,2018,bench,58
279,2050,2019,starter,82
72,2050,2020,bench,11
72,2050,2021,rotation,79
72,2050,2022,rotation,62
72,2050,2023,starter,53
72,2050,2024,starter,6
377,2051,2020,rotation,44
377,2051,2021,starter,30
377,2051,2022,starter,27
377,2051,2023,starter,78
377,2051,2024,bench,21
357,2052,2022,bench,79
357,2052,2023,starter,10
357,2052,2024,starter,7
170,2053,2024,starter,98
64,2054,2015,rotation,90
64,2054,2016,starter,74
64,2054,2017,starter,2
64,2054,2018,rotation,47
226,2054,2019,rotation,89
107,2054,2020,starter,40
107,2054,2021,starter,13
107,2054,2022,starter,44
107,2054,2023,starter,79
107,2054,2024,bench,86
126,2055,2015,rotation,9
126,2055,2016,starter,42
126,2055,2017,rotation,48
126,2055,2018,bench,18
126,2055,2019,bench,63
126,2055,2020,starter,59
126,2055,2021,starter,79
213,2056,2015,rotation,7
2,2056,2016,starter,13
356,2056,2017,starter,37
356,2056,2018,rotation,16
356,2056,2019,bench,67
356,2056,2020,rotation,76
356,2056,2021,starter,56
356,2056,2022,starter,95
356,2056,2023,bench,57
356,2056,2024,starter,70
116,2057,2022,starter,87
116,2057,2023,rotation,45
116,2057,2024,rotation,79
335,2058,2023,starter,68
335,2058,2024,starter,98
377,2061,2021,starter,76
377,2061,2022,bench,31
377,2061,2023,starter,85
377,2061,2024,rotation,36
366,2062,2024,bench,48
43,2063,2016,starter,55
43,2063,2017,starter,94
43,2063,2018,starter,38
43,2063,2019,starter,18
43,2063,2020,starter,41
43,2063,2021,rotation,85
43,2063,2022,rotation,19
43,2063,2023,starter,48
43,2063,2024,starter,49
147,2064,2022,bench,82
147,2064,2023,starter,2
147,2064,2024,rotation,4
87,2065,2015,starter,28
357,2065,2016,rotation,29
319,2065,2017,starter,13
319,2065,2018,starter,75
319,2065,2019,rotation,27
319,2065,2020,starter,19
279,2066,2015,starter,11
266,2066,2016,starter,14
266,2066,2017,starter,75
266,2066,2018,starter,33
276,2066,2019,rotation,57
294,2066,2020,starter,20
294,2066,2021,rotation,34
294,2066,2022,rotation,77
294,2066,2023,rotation,8
161,2066,2024,starter,46
375,2067,2022,bench,34
375,2067,2023,starter,98
375,2067,2024,starter,10
364,2068,2015,starter,4
364,2068,2016,rotation,54
363,2068,2017,starter,9
363,2068,2018,rotation,36
363,2068,2019,starter,62
363,2068,2020,starter,71
363,2068,2021,starter,15
166,2069,2015,starter,2
166,2069,2016,starter,57
166,2069,2017,bench,86
166,2069,2018,rotation,83
166,2069,2019,starter,2
166,2069,2020,bench,86
379,2069,2021,bench,72
165,2069,2022,bench,52
348,2070,2022,starter,25
348,2070,2023,rotation,19
348,2070,2024,starter,98
35,2071,2015,starter,3
345,2071,2016,starter,28
345,2071,2017,rotation,54
345,2071,2018,rotation,86
345,2071,2019,bench,39
345,2071,2020,rotation,40
345,2071,2021,starter,80
345,2071,2022,starter,7
345,2071,2023,starter,25
346,2071,2024,rotation,85
121,2072,2015,starter,46
115,2072,2016,rotation,49
115,2072,2017,starter,87
115,2072,2018,starter,81
358,2072,2019,starter,82
358,2072,2020,bench,62
358,2072,2021,starter,35
358,2072,2022,bench,64
358,2072,2023,starter,15
358,2072,2024,starter,36
310,2073,2021,rotation,13
310,2073,2022,starter,92
310,2073,2023,bench,4
310,2073,2024,starter,62
158,2074,2020,starter,39
208,2074,2021,starter,64
208,2074,2022,starter,88
208,2074,2023,starter,72
208,2074,2024,starter,10
221,2075,2015,starter,84
221,2075,2016,rotation,78
221,2075,2017,starter,17
221,2075,2018,rotation,43
221,2075,2019,starter,67
221,2075,2020,starter,20
221,2075,2021,rotation,4
221,2075,2022,starter,17
351,2075,2023,bench,23
351,2075,2024,starter,49
146,2077,2018,rotation,96
146,2077,2019,starter,60
146,2077,2020,bench,72
278,2077,2021,starter,60
278,2077,2022,rotation,40
278,2077,2023,starter,2
278,2077,2024,bench,74
148,2078,2015,bench,21
148,2078,2016,rotation,42
148,2078,2017,rotation,9
148,2078,2018,starter,79
148,2078,2019,starter,37
148,2078,2020,rotation,21
148,2078,2021,starter,85
148,2078,2022,starter,35
148,2078,2023,starter,5
148,2078,2024,starter,1
365,2079,2015,bench,74
365,2079,2016,starter,78
365,2079,2017,starter,35
259,2079,2018,starter,89
259,2079,2019,bench,41
259,2079,2020,starter,17
327,2079,2021,starter,90
327,2079,2022,starter,52
327,2079,2023,bench,31
327,2079,2024,rotation,73
349,2080,2015,rotation,7
349,2080,2016,starter,1
354,2080,2017,rotation,79
354,2080,2018,starter,34
354,2080,2019,starter,97
184,2081,2015,starter,74
184,2081,2016,bench,89
184,2081,2017,rotation,62
184,2081,2018,starter,61
184,2081,2019,starter,15
371,2083,2015,bench,50
371,2083,2016,bench,72
371,2083,2017,starter,13
371,2083,2018,starter,16
371,2083,2019,starter,52
371,2083,2020,bench,14
371,2083,2021,starter,68
280,2084,2015,rotation,89
280,2084,2016,rotation,1
280,2084,2017,bench,96
280,2084,2018,starter,5
280,2084,2019,starter,10
280,2084,2020,starter,33
354,2085,2015,starter,90
354,2085,2016,bench,2
354,2085,2017,rotation,30
354,2085,2018,bench,74
354,2085,2019,starter,57
354,2085,2020,rotation,78
354,2085,2021,rotation,74
354,2085,2022,rotation,16
354,2085,2023,bench,34
354,2085,2024,starter,87
49,2086,2022,starter,66
49,2086,2023,rotation,83
49,2086,2024,starter,68
286,2087,2015,starter,1
286,2087,2016,rotation,16
286,2087,2017,rotation,39
1,2087,2018,bench,67
275,2087,2019,rotation,37
298,2087,2020,starter,62
298,2087,2021,starter,42
298,2087,2022,rotation,36
298,2087,2023,bench,32
298,2087,2024,starter,27
285,2088,2015,starter,59
285,2088,2016,starter,16
285,2088,2017,starter,2
285,2088,2018,starter,55
285,2088,2019,starter,39
285,2088,2020,starter,46
285,2088,2021,rotation,70
285,2088,2022,starter,32
285,2088,2023,starter,30
285,2088,2024,starter,33
257,2089,2024,rotation,11
372,2090,2020,starter,63
372,2090,2021,starter,8
372,2090,2022,bench,87
372,2090,2023,bench,58
372,2090,2024,starter,27
170,2091,2015,rotation,72
170,2091,2016,starter,87
170,2091,2017,starter,98
170,2091,2018,rotation,37
170,2091,2019,rotation,11
170,2091,2020,starter,9
170,2091,2021,bench,4
170,2091,2022,rotation,27
170,2091,2023,starter,30
170,2091,2024,starter,28
253,2092,2023,starter,8
253,2092,2024,rotation,2
164,2093,2015,starter,66
164,2093,2016,starter,37
220,2093,2017,bench,7
220,2093,2018,starter,70
220,2093,2019,bench,37
220,2093,2020,rotation,27
220,2093,2021,rotation,20
220,2093,2022,bench,3
220,2093,2023,rotation,65
220,2093,2024,starter,3
356,2094,2015,starter,30
2,2094,2016,starter,67
216,2094,2017,rotation,13
216,2094,2018,rotation,74
216,2094,2019,starter,51
367,2094,2020,rotation,28
367,2094,2021,starter,63
367,2094,2022,starter,4
367,2094,2023,starter,20
367,2094,2024,starter,26
152,2095,2015,rotation,39
152,2095,2016,starter,65
152,2095,2017,starter,78
152,2095,2018,bench,31
152,2095,2019,starter,16
152,2095,2020,starter,35
152,2095,2021,starter,23
152,2095,2022,starter,30
152,2095,2023,rotation,23
152,2095,2024,bench,15
340,2097,2015,starter,8
340,2097,2016,rotation,59
340,2097,2017,starter,59
340,2097,2018,starter,98
186,2097,2019,starter,68
186,2097,2020,rotation,7
186,2097,2021,starter,58
207,2097,2022,starter,23
207,2097,2023,starter,81
207,2097,2024,rotation,7
365,2098,2015,bench,55
365,2098,2016,starter,29
365,2098,2017,rotation,89
365,2098,2018,starter,34
365,2098,2019,rotation,47
365,2098,2020,starter,51
365,2098,2021,starter,72
365,2098,2022,starter,75
365,2098,2023,starter,62
365,2098,2024,starter,9
276,2099,2015,starter,90
129,2099,2016,starter,41
129,2099,2017,bench,7
129,2099,2018,rotation,11
129,2099,2019,bench,41
129,2099,2020,starter,6
326,2099,2021,rotation,27
326,2099,2022,starter,4
326,2099,2023,starter,14
326,2099,2024,rotation,35
146,2100,2015,starter,72
146,2100,2016,starter,44
146,2100,2017,rotation,83
146,2100,2018,bench,63
146,2100,2019,rotation,70
146,2100,2020,starter,5
146,2100,2021,rotation,65
146,2100,2022,starter,55
146,2100,2023,starter,32
146,2100,2024,rotation,78
39,2101,2015,starter,85
39,2101,2016,bench,13
39,2101,2017,starter,35
39,2101,2018,starter,92
237,2101,2019,rotation,93
237,2101,2020,rotation,73
237,2101,2021,rotation,82
237,2101,2022,bench,66
237,2101,2023,starter,45
237,2101,2024,starter,96
179,2102,2024,starter,78
251,2103,2016,starter,25
251,2103,2017,rotation,59
251,2103,2018,rotation,57
251,2103,2019,bench,77
251,2103,2020,bench,85
251,2103,2021,bench,95
251,2103,2022,starter,91
251,2103,2023,starter,33
251,2103,2024,rotation,29
112,2104,2016,rotation,29
112,2104,2017,bench,79
112,2104,2018,starter,42
112,2104,2019,starter,24
112,2104,2020,starter,8
112,2104,2021,bench,12
112,2104,2022,starter,46
112,2104,2023,bench,70
112,2104,2024,starter,93
331,2106,2015,starter,79
331,2106,2016,starter,22
331,2106,2017,bench,30
331,2106,2018,starter,11
331,2106,2019,bench,62
331,2106,2020,starter,95
331,2106,2021,starter,32
331,2106,2022,starter,31
191,2106,2023,starter,55
191,2106,2024,starter,12
281,2107,2023,rotation,51
281,2107,2024,starter,60
174,2108,2016,starter,35
174,2108,2017,bench,38
174,2108,2018,bench,59
174,2108,2019,starter,92
174,2108,2020,rotation,29
174,2108,2021,bench,57
174,2108,2022,rotation,38
174,2108,2023,bench,81
174,2108,2024,starter,5
22,2110,2018,starter,6
22,2110,2019,starter,35
22,2110,2020,starter,55
22,2110,2021,rotation,89
233,2110,2022,rotation,12
233,2110,2023,rotation,55
233,2110,2024,starter,28
319,2111,2016,starter,5
319,2111,2017,starter,41
319,2111,2018,starter,9
319,2111,2019,rotation,87
319,2111,2020,starter,1
319,2111,2021,starter,21
319,2111,2022,rotation,93
319,2111,2023,bench,92
319,2111,2024,starter,55
229,2112,2018,starter,96
229,2112,2019,starter,10
229,2112,2020,rotation,3
229,2112,2021,starter,18
229,2112,2022,starter,38
229,2112,2023,starter,65
229,2112,2024,starter,72
345,2113,2015,starter,80
345,2113,2016,starter,3
345,2113,2017,rotation,22
345,2113,2018,rotation,62
345,2113,2019,starter,95
345,2113,2020,starter,24
345,2113,2021,rotation,42
345,2113,2022,starter,92
345,2113,2023,rotation,63
158,2114,2022,bench,45
113,2114,2023,starter,35
113,2114,2024,rotation,53
157,2115,2016,bench,93
157,2115,2017,starter,63
157,2115,2018,rotation,45
157,2115,2019,rotation,23
157,2115,2020,rotation,41
157,2115,2021,rotation,3
157,2115,2022,starter,80
157,2115,2023,rotation,47
157,2115,2024,starter,96
50,2116,2015,starter,69
50,2116,2016,starter,19
50,2116,2017,starter,37
50,2116,2018,starter,65
50,2116,2019,starter,45
50,2116,2020,starter,65
50,2116,2021,starter,69
50,2116,2022,rotation,33
380,2116,2023,starter,46
380,2116,2024,starter,88
378,2117,2015,starter,8
378,2117,2016,rotation,69
378,2117,2017,starter,70
378,2117,2018,bench,57
310,2117,2019,rotation,46
310,2117,2020,starter,43
310,2117,2021,starter,57
310,2117,2022,rotation,49
310,2117,2023,starter,15
310,2117,2024,starter,62
171,2118,2015,rotation,68
171,2118,2016,starter,87
171,2118,2017,starter,90
171,2118,2018,bench,23
171,2118,2019,rotation,8
171,2118,2020,rotation,1
171,2118,2021,starter,96
171,2118,2022,bench,83
171,2118,2023,starter,71
171,2118,2024,starter,47
84,2119,2015,rotation,90
84,2119,2016,bench,63
84,2119,2017,starter,20
84,2119,2018,starter,38
84,2119,2019,rotation,76
84,2119,2020,starter,85
84,2119,2021,rotation,57
84,2119,2022,starter,90
84,2119,2023,starter,36
84,2119,2024,starter,96
380,2120,2015,starter,39
380,2120,2016,starter,17
380,2120,2017,starter,32
380,2120,2018,starter,12
358,2120,2019,rotation,55
358,2120,2020,starter,97
358,2120,2021,starter,62
358,2120,2022,rotation,87
358,2120,2023,starter,94
358,2120,2024,starter,18
365,2121,2015,starter,77
365,2121,2016,rotation,26
365,2121,2017,starter,70
365,2121,2018,starter,89
365,2121,2019,rotation,76
365,2121,2020,starter,80
75,2121,2021,starter,82
75,2121,2022,rotation,81
75,2121,2023,starter,96
75,2121,2024,rotation,64
237,2122,2015,bench,51
237,2122,2016,starter,9
237,2122,2017,starter,48
237,2122,2018,starter,56
237,2122,2019,starter,77
237,2122,2020,rotation,75
237,2122,2021,rotation,89
237,2122,2022,starter,12
237,2122,2023,starter,52
237,2122,2024,rotation,71
16,2123,2015,starter,27
16,2123,2016,starter,9
16,2123,2017,starter,81
175,2123,2018,starter,43
175,2123,2019,starter,90
175,2123,2020,starter,24
175,2123,2021,rotation,3
220,2124,2015,rotation,25
220,2124,2016,rotation,33
220,2124,2017,bench,22
220,2124,2018,starter,67
220,2124,2019,starter,62
42,2124,2020,rotation,81
322,2124,2021,starter,67
322,2124,2022,starter,41
66,2124,2023,rotation,87
66,2124,2024,starter,19
168,2125,2015,starter,61
168,2125,2016,rotation,80
168,2125,2017,starter,74
168,2125,2018,rotation,63
168,2125,2019,starter,83
168,2125,2020,starter,32
168,2125,2021,starter,92
168,2125,2022,rotation,55
168,2125,2023,starter,59
168,2125,2024,rotation,5
120,2126,2015,starter,65
120,2126,2016,starter,66
120,2126,2017,starter,83
248,2126,2018,starter,15
248,2126,2019,starter,49
248,2126,2020,rotation,17
248,2126,2021,starter,80
248,2126,2022,starter,28
248,2126,2023,starter,22
248,2126,2024,starter,96
239,2127,2024,rotation,73
294,2129,2015,rotation,66
294,2129,2016,starter,15
294,2129,2017,starter,70
294,2129,2018,starter,48
294,2129,2019,starter,48
294,2129,2020,starter,90
294,2129,2021,starter,25
294,2129,2022,bench,21
294,2129,2023,starter,87
294,2129,2024,rotation,88
134,2131,2019,bench,29
134,2131,2020,rotation,17
279,2131,2021,starter,49
279,2131,2022,starter,25
125,2131,2023,rotation,72
125,2131,2024,starter,84
47,2132,2015,starter,35
47,2132,2016,starter,44
47,2132,2017,bench,84
145,2132,2018,starter,45
145,2132,2019,starter,87
145,2132,2020,bench,71
145,2132,2021,starter,2
145,2132,2022,starter,62
145,2132,2023,starter,55
145,2132,2024,rotation,75
134,2133,2015,starter,20
134,2133,2016,rotation,27
134,2133,2017,rotation,63
134,2133,2018,rotation,1
134,2133,2019,starter,70
134,2133,2020,starter,12
134,2133,2021,starter,85
134,2133,2022,rotation,18
134,2133,2023,bench,35
134,2133,2024,starter,68
159,2134,2015,starter,65
159,2134,2016,starter,46
159,2134,2017,rotation,29
159,2134,2018,rotation,92
159,2134,2019,rotation,93
219,2134,2020,rotation,20
219,2134,2021,starter,15
54,2134,2022,starter,47
300,2135,2019,starter,4
300,2135,2020,bench,98
300,2135,2021,starter,30
300,2135,2022,starter,96
300,2135,2023,rotation,64
300,2135,2024,starter,7
279,2137,2016,starter,71
279,2137,2017,bench,21
279,2137,2018,rotation,13
279,2137,2019,starter,26
279,2137,2020,starter,36
279,2137,2021,starter,40
279,2137,2022,starter,96
279,2137,2023,bench,51
279,2137,2024,rotation,86
163,2138,2018,starter,39
163,2138,2019,starter,81
163,2138,2020,starter,4
163,2138,2021,starter,86
163,2138,2022,starter,60
163,2138,2023,rotation,8
163,2138,2024,starter,97
186,2139,2018,bench,86
186,2139,2019,rotation,1
186,2139,2020,starter,8
98,2139,2021,rotation,29
98,2139,2022,starter,50
98,2139,2023,bench,2
98,2139,2024,starter,9
8,2140,2015,bench,88
8,2140,2016,starter,65
162,2140,2017,starter,40
162,2140,2018,starter,22
162,2140,2019,starter,33
162,2140,2020,starter,3
101,2140,2021,starter,94
295,2140,2022,rotation,81
295,2140,2023,starter,63
295,2140,2024,starter,12
216,2141,2015,bench,31
216,2141,2016,starter,52
216,2141,2017,rotation,86
216,2141,2018,starter,45
216,2141,2019,starter,67
216,2141,2020,starter,14
216,2141,2021,starter,59
216,2141,2022,rotation,5
216,2141,2023,starter,93
216,2141,2024,rotation,79
329,2143,2015,rotation,97
329,2143,2016,bench,5
329,2143,2017,rotation,79
329,2143,2018,rotation,66
329,2143,2019,starter,17
329,2143,2020,starter,75
329,2143,2021,starter,98
329,2143,2022,starter,69
329,2143,2023,starter,87
144,2144,2019,rotation,16
144,2144,2020,bench,55
144,2144,2021,starter,7
189,2144,2022,starter,50
189,2144,2023,rotation,2
189,2144,2024,starter,82
222,2146,2015,starter,95
222,2146,2016,rotation,4
222,2146,2017,bench,75
222,2146,2018,rotation,96
222,2146,2019,starter,4
222,2146,2020,starter,64
302,2146,2021,bench,5
302,2146,2022,bench,51
302,2146,2023,starter,70
302,2146,2024,bench,59
289,2147,2015,rotation,6
289,2147,2016,starter,76
289,2147,2017,starter,7
289,2147,2018,starter,56
289,2147,2019,starter,6
289,2147,2020,rotation,46
289,2147,2021,rotation,36
289,2147,2022,rotation,74
310,2148,2018,starter,52
310,2148,2019,starter,49
310,2148,2020,bench,25
310,2148,2021,rotation,94
310,2148,2022,rotation,15
306,2148,2023,rotation,9
306,2148,2024,rotation,40
159,2149,2015,bench,26
159,2149,2016,starter,84
159,2149,2017,starter,68
159,2149,2018,starter,72
159,2149,2019,bench,12
267,2149,2020,rotation,46
267,2149,2021,starter,50
267,2149,2022,rotation,90
267,2149,2023,starter,8
267,2149,2024,rotation,9
193,2150,2015,rotation,86
193,2150,2016,starter,24
193,2150,2017,bench,80
193,2150,2018,rotation,35
363,2150,2019,rotation,84
363,2150,2020,rotation,53
363,2150,2021,starter,77
363,2150,2022,rotation,65
363,2150,2023,starter,63
363,2150,2024,starter,19
164,2151,2015,starter,50
164,2151,2016,rotation,57
164,2151,2017,starter,10
164,2151,2018,starter,90
164,2151,2019,bench,47
164,2151,2020,starter,37
164,2151,2021,starter,54
164,2151,2022,bench,40
164,2151,2023,bench,70
164,2151,2024,rotation,81
137,2152,2015,rotation,60
137,2152,2016,starter,92
137,2152,2017,starter,6
137,2152,2018,starter,37
137,2152,2019,starter,1
137,2152,2020,bench,88
137,2152,2021,rotation,15
137,2152,2022,rotation,76
137,2152,2023,bench,44
156,2152,2024,rotation,81
372,2153,2019,starter,7
357,2153,2020,rotation,49
357,2153,2021,starter,24
357,2153,2022,starter,46
374,2153,2023,starter,40
374,2153,2024,starter,96
227,2154,2018,starter,57
308,2154,2019,starter,94
308,2154,2020,starter,16
308,2154,2021,rotation,52
308,2154,2022,starter,68
308,2154,2023,starter,74
308,2154,2024,starter,68
156,2155,2015,rotation,17
156,2155,2016,starter,40
156,2155,2017,bench,76
92,2155,2018,rotation,82
92,2155,2019,bench,24
92,2155,2020,starter,16
92,2155,2021,starter,55
92,2155,2022,rotation,50
144,2156,2015,starter,90
144,2156,2016,bench,67
144,2156,2017,starter,88
144,2156,2018,rotation,52
174,2156,2019,starter,33
174,2156,2020,bench,33
174,2156,2021,starter,6
174,2156,2022,starter,12
174,2156,2023,starter,40
327,2156,2024,starter,86
18,2157,2015,starter,42
112,2157,2016,starter,22
112,2157,2017,rotation,85
112,2157,2018,starter,80
112,2157,2019,starter,39
112,2157,2020,starter,71
112,2157,2021,starter,81
112,2157,2022,starter,66
112,2157,2023,rotation,59
335,2157,2024,starter,93
371,2158,2020,rotation,34
371,2158,2021,starter,38
371,2158,2022,rotation,77
371,2158,2023,starter,83
371,2158,2024,bench,71
376,2159,2018,starter,82
376,2159,2019,starter,27
376,2159,2020,rotation,83
376,2159,2021,starter,60
376,2159,2022,rotation,30
376,2159,2023,starter,84
376,2159,2024,starter,16
374,2160,2020,starter,30
374,2160,2021,starter,7
374,2160,2022,rotation,49
374,2160,2023,starter,31
364,2160,2024,rotation,5
290,2162,2019,starter,71
290,2162,2020,bench,49
290,2162,2021,starter,76
290,2162,2022,starter,21
290,2162,2023,rotation,92
290,2162,2024,bench,36
231,2163,2020,bench,81
231,2163,2021,starter,59
48,2163,2022,starter,61
48,2163,2023,bench,30
48,2163,2024,starter,51
170,2164,2024,rotation,13
346,2166,2015,rotation,63
346,2166,2016,bench,90
346,2166,2017,rotation,79
332,2166,2018,starter,83
332,2166,2019,bench,28
332,2166,2020,starter,20
228,2166,2021,starter,93
353,2167,2015,rotation,37
353,2167,2016,starter,32
114,2167,2017,bench,20
114,2167,2018,starter,29
114,2167,2019,rotation,86
114,2167,2020,starter,69
114,2167,2021,starter,59
114,2167,2022,starter,96
114,2167,2023,starter,6
114,2167,2024,rotation,71
318,2168,2020,starter,5
318,2168,2021,starter,76
318,2168,2022,bench,37
318,2168,2023,rotation,79
318,2168,2024,starter,76
287,2169,2015,starter,10
287,2169,2016,rotation,4
370,2169,2017,starter,26
370,2169,2018,starter,78
370,2169,2019,starter,45
370,2169,2020,starter,26
370,2169,2021,bench,50
370,2169,2022,rotation,91
370,2169,2023,starter,22
150,2169,2024,starter,91
154,2170,2015,starter,6
160,2170,2016,rotation,96
160,2170,2017,starter,60
160,2170,2018,starter,21
160,2170,2019,bench,68
380,2170,2020,rotation,36
380,2170,2021,starter,25
380,2170,2022,starter,47
380,2170,2023,starter,71
380,2170,2024,rotation,71
44,2172,2016,starter,62
282,2172,2017,starter,6
282,2172,2018,bench,32
282,2172,2019,starter,92
282,2172,2020,bench,20
155,2172,2021,bench,28
155,2172,2022,starter,83
155,2172,2023,bench,5
155,2172,2024,starter,32
223,2174,2018,starter,22
223,2174,2019,starter,65
223,2174,2020,starter,87
223,2174,2021,starter,5
223,2174,2022,starter,18
223,2174,2023,bench,6
223,2174,2024,starter,83
10,2175,2015,starter,88
10,2175,2016,starter,46
10,2175,2017,starter,73
10,2175,2018,starter,34
10,2175,2019,rotation,5
10,2175,2020,starter,25
10,2175,2021,bench,85
10,2175,2022,starter,16
10,2175,2023,rotation,88
10,2175,2024,starter,36
380,2176,2018,bench,93
380,2176,2019,starter,8
380,2176,2020,starter,89
380,2176,2021,bench,3
322,2176,2022,rotation,81
322,2176,2023,starter,45
322,2176,2024,bench,30
341,2177,2024,rotation,72
26,2179,2020,rotation,87
26,2179,2021,starter,52
26,2179,2022,rotation,97
143,2179,2023,bench,37
143,2179,2024,bench,31
360,2180,2015,bench,53
360,2180,2016,starter,11
360,2180,2017,starter,54
363,2180,2018,starter,43
363,2180,2019,starter,19
363,2180,2020,starter,25
363,2180,2021,starter,9
363,2180,2022,rotation,14
363,2180,2023,starter,48
363,2180,2024,rotation,79
368,2181,2020,starter,42
368,2181,2021,starter,79
368,2181,2022,starter,90
368,2181,2023,rotation,74
177,2181,2024,starter,39
137,2182,2015,rotation,13
137,2182,2016,starter,43
137,2182,2017,bench,7
137,2182,2018,starter,79
137,2182,2019,starter,70
137,2182,2020,starter,71
137,2182,2021,rotation,72
137,2182,2022,starter,48
137,2182,2023,rotation,23
137,2182,2024,starter,24
194,2183,2015,rotation,68
194,2183,2016,starter,92
194,2183,2017,rotation,85
194,2183,2018,rotation,28
194,2183,2019,bench,88
194,2183,2020,starter,78
194,2183,2021,starter,27
194,2183,2022,bench,17
194,2183,2023,starter,62
194,2183,2024,starter,59
181,2185,2024,starter,23
10,2186,2015,starter,19
10,2186,2016,starter,97
10,2186,2017,bench,32
10,2186,2018,starter,27
10,2186,2019,bench,37
10,2186,2020,rotation,67
10,2186,2021,starter,3
10,2186,2022,starter,68
302,2187,2023,starter,65
302,2187,2024,bench,51
104,2188,2015,bench,35
137,2188,2016,starter,49
375,2188,2017,starter,47
375,2188,2018,bench,7
162,2188,2019,bench,18
162,2188,2020,starter,81
162,2188,2021,rotation,38
162,2188,2022,bench,52
162,2188,2023,starter,53
162,2188,2024,starter,49
351,2189,2021,starter,13
42,2189,2022,starter,13
42,2189,2023,starter,68
42,2189,2024,starter,17
101,2192,2017,starter,46
101,2192,2018,starter,86
101,2192,2019,rotation,6
101,2192,2020,starter,44
101,2192,2021,rotation,90
101,2192,2022,starter,19
101,2192,2023,bench,61
101,2192,2024,starter,14
86,2193,2023,bench,10
86,2193,2024,bench,97
118,2195,2015,rotation,8
118,2195,2016,bench,56
118,2195,2017,starter,89
118,2195,2018,starter,13
118,2195,2019,bench,9
118,2195,2020,starter,39
131,2195,2021,starter,74
131,2195,2022,bench,75
131,2195,2023,starter,39
131,2196,2015,bench,87
131,2196,2016,rotation,10
131,2196,2017,starter,43
131,2196,2018,bench,64
131,2196,2019,starter,10
131,2196,2020,bench,39
131,2196,2021,rotation,53
131,2196,2022,starter,76
131,2196,2023,rotation,3
131,2196,2024,starter,92
121,2197,2015,starter,67
121,2197,2016,rotation,21
121,2197,2017,starter,32
121,2197,2018,bench,62
121,2197,2019,starter,35
121,2197,2020,starter,58
121,2197,2021,starter,27
121,2197,2022,starter,29
121,2197,2023,starter,27
121,2197,2024,starter,36
55,2198,2015,starter,33
55,2198,2016,rotation,78
55,2198,2017,rotation,5
55,2198,2018,rotation,72
55,2198,2019,starter,28
55,2198,2020,bench,35
322,2199,2015,rotation,25
322,2199,2016,rotation,59
322,2199,2017,starter,23
322,2199,2018,starter,11
47,2199,2019,starter,43
47,2199,2020,starter,17
47,2199,2021,starter,87
47,2199,2022,starter,19
377,2199,2023,bench,94
354,2199,2024,starter,53
161,2200,2015,starter,79
161,2200,2016,starter,86
161,2200,2017,starter,76
161,2200,2018,bench,15
161,2200,2019,starter,16
161,2200,2020,starter,5
161,2200,2021,bench,50
161,2200,2022,starter,8
161,2200,2023,starter,73
161,2200,2024,starter,39
305,2201,2015,starter,64
305,2201,2016,bench,44
305,2201,2017,starter,41
305,2201,2018,starter,26
305,2201,2019,starter,64
305,2201,2020,starter,19
305,2201,2021,starter,42
305,2201,2022,bench,16
305,2201,2023,starter,26
306,2203,2015,starter,2
306,2203,2016,rotation,57
306,2203,2017,starter,98
306,2203,2018,starter,75
306,2203,2019,starter,31
306,2203,2020,starter,2
110,2203,2021,starter,63
110,2203,2022,starter,36
110,2203,2023,starter,39
110,2203,2024,bench,24
2,2204,2021,starter,31
2,2204,2022,starter,24
2,2204,2023,starter,7
2,2204,2024,starter,78
210,2205,2015,starter,83
210,2205,2016,starter,73
210,2205,2017,rotation,4
210,2205,2018,starter,42
210,2205,2019,starter,87
210,2205,2020,rotation,30
210,2205,2021,starter,56
210,2205,2022,bench,73
29,2206,2015,rotation,22
29,2206,2016,rotation,38
162,2206,2017,starter,47
162,2206,2018,rotation,67
162,2206,2019,starter,44
162,2206,2020,starter,76
162,2206,2021,rotation,13
307,2206,2022,starter,77
307,2206,2023,starter,81
307,2206,2024,bench,62
285,2207,2023,starter,44
285,2207,2024,rotation,77
349,2208,2018,starter,35
349,2208,2019,rotation,18
349,2208,2020,rotation,34
349,2208,2021,starter,57
349,2208,2022,starter,72
360,2208,2023,starter,91
360,2208,2024,starter,64
142,2209,2022,bench,35
142,2209,2023,starter,26
142,2209,2024,starter,95
246,2210,2021,bench,29
246,2210,2022,starter,1
246,2210,2023,rotation,42
246,2210,2024,starter,9
51,2211,2015,rotation,84
51,2211,2016,starter,77
51,2211,2017,starter,59
320,2211,2018,rotation,3
320,2211,2019,rotation,11
320,2211,2020,starter,48
11,2212,2021,rotation,56
11,2212,2022,rotation,52
11,2212,2023,rotation,65
11,2212,2024,starter,9
375,2213,2021,rotation,9
375,2213,2022,bench,59
375,2213,2023,bench,67
129,2213,2024,starter,4
254,2214,2015,rotation,81
254,2214,2016,starter,88
254,2214,2017,starter,83
254,2214,2018,starter,64
254,2214,2019,starter,55
254,2214,2020,starter,72
360,2215,2017,starter,59
79,2215,2018,rotation,98
79,2215,2019,starter,80
79,2215,2020,starter,33
79,2215,2021,rotation,38
130,2215,2022,starter,36
130,2215,2023,starter,59
130,2215,2024,starter,59
358,2216,2016,starter,52
358,2216,2017,starter,27
358,2216,2018,starter,17
169,2216,2019,rotation,47
98,2216,2020,starter,12
98,2216,2021,rotation,51
98,2216,2022,starter,24
98,2216,2023,starter,62
98,2216,2024,rotation,67
58,2217,2017,starter,26
58,2217,2018,starter,69
58,2217,2019,rotation,21
58,2217,2020,bench,7
58,2217,2021,starter,53
380,2217,2022,rotation,71
380,2217,2023,starter,14
380,2217,2024,bench,42
306,2218,2022,starter,24
306,2218,2023,starter,72
82,2218,2024,starter,85
72,2219,2018,starter,80
100,2219,2019,starter,44
374,2219,2020,starter,88
374,2219,2021,bench,54
374,2219,2022,starter,41
374,2219,2023,bench,98
244,2219,2024,bench,59
259,2220,2015,rotation,56
259,2220,2016,starter,17
259,2220,2017,rotation,72
259,2220,2018,starter,3
259,2220,2019,starter,51
35,2221,2015,bench,24
35,2221,2016,rotation,64
355,2221,2017,starter,86
109,2221,2018,bench,38
109,2221,2019,starter,66
109,2221,2020,starter,52
109,2221,2021,bench,11
109,2221,2022,starter,97
109,2221,2023,starter,75
109,2221,2024,rotation,23
103,2222,2015,starter,60
103,2222,2016,rotation,70
103,2222,2017,rotation,51
103,2222,2018,bench,55
103,2222,2019,bench,71
103,2222,2020,rotation,49
129,2222,2021,starter,34
129,2222,2022,starter,98
330,2222,2023,rotation,86
330,2222,2024,starter,66
278,2223,2015,rotation,1
278,2223,2016,rotation,12
278,2223,2017,rotation,82
278,2223,2018,rotation,1
278,2223,2019,starter,54
278,2223,2020,starter,10
278,2223,2021,rotation,84
363,2223,2022,bench,40
97,2223,2023,bench,96
351,2224,2015,starter,98
342,2224,2016,starter,51
342,2224,2017,starter,12
342,2224,2018,bench,60
342,2224,2019,starter,29
342,2224,2020,starter,5
362,2224,2021,starter,36
362,2224,2022,starter,15
362,2224,2023,starter,4
362,2224,2024,bench,17
364,2225,2024,starter,65
171,2227,2015,starter,20
99,2227,2016,bench,5
99,2227,2017,rotation,54
99,2227,2018,rotation,58
99,2227,2019,starter,3
99,2227,2020,starter,32
159,2227,2021,rotation,97
159,2227,2022,bench,83
159,2227,2023,starter,57
159,2227,2024,rotation,17
170,2228,2023,starter,74
170,2228,2024,starter,68
168,2229,2017,starter,51
168,2229,2018,rotation,18
168,2229,2019,rotation,1
168,2229,2020,rotation,79
168,2229,2021,starter,49
124,2229,2022,starter,70
124,2229,2023,rotation,15
124,2229,2024,bench,47
110,2231,2015,bench,62
110,2231,2016,rotation,24
110,2231,2017,starter,59
110,2231,2018,starter,52
110,2231,2019,starter,90
110,2231,2020,starter,76
110,2231,2021,starter,93
348,2232,2015,starter,48
348,2232,2016,starter,14
348,2232,2017,starter,28
302,2232,2018,starter,52
302,2232,2019,starter,3
302,2232,2020,starter,44
302,2232,2021,starter,73
302,2232,2022,starter,37
302,2232,2023,rotation,28
302,2232,2024,starter,36
343,2233,2015,starter,42
343,2233,2016,starter,40
343,2233,2017,starter,23
343,2233,2018,starter,67
343,2233,2019,starter,47
343,2233,2020,starter,60
343,2233,2021,starter,15
343,2233,2022,bench,36
343,2233,2023,starter,82
343,2233,2024,starter,19
362,2234,2015,rotation,63
362,2234,2016,starter,85
362,2234,2017,starter,93
347,2234,2018,bench,90
347,2234,2019,starter,22
347,2234,2020,starter,37
347,2234,2021,starter,34
347,2234,2022,starter,26
347,2234,2023,rotation,58
347,2234,2024,bench,19
49,2235,2015,starter,95
219,2235,2016,starter,51
219,2235,2017,starter,61
219,2235,2018,starter,91
219,2235,2019,rotation,81
219,2235,2020,starter,63
219,2235,2021,rotation,37
219,2235,2022,starter,25
219,2235,2023,starter,39
219,2235,2024,starter,87
210,2236,2015,bench,88
210,2236,2016,starter,14
210,2236,2017,bench,47
210,2236,2018,starter,25
210,2236,2019,starter,4
210,2236,2020,starter,97
210,2236,2021,bench,78
210,2236,2022,starter,43
210,2236,2023,starter,79
210,2236,2024,bench,94
232,2237,2015,rotation,41
232,2237,2016,rotation,5
232,2237,2017,starter,93
232,2237,2018,starter,20
288,2237,2019,starter,73
288,2237,2020,starter,3
288,2237,2021,starter,39
288,2237,2022,bench,50
288,2237,2023,starter,14
288,2237,2024,bench,41
174,2238,2015,starter,76
174,2238,2016,starter,80
176,2238,2017,rotation,40
176,2238,2018,starter,98
277,2238,2019,starter,37
277,2238,2020,rotation,5
377,2238,2021,bench,14
377,2238,2022,bench,74
377,2238,2023,rotation,13
377,2238,2024,starter,12
72,2239,2015,starter,73
72,2239,2016,starter,26
72,2239,2017,starter,77
160,2239,2018,starter,6
160,2239,2019,starter,20
160,2239,2020,starter,79
160,2239,2021,starter,23
160,2239,2022,rotation,92
160,2239,2023,bench,2
160,2239,2024,starter,52
373,2240,2015,starter,1
311,2240,2016,starter,50
311,2240,2017,rotation,63
338,2240,2018,starter,55
338,2240,2019,starter,6
338,2240,2020,starter,75
338,2240,2021,starter,53
338,2240,2022,starter,74
338,2240,2023,rotation,16
338,2240,2024,bench,77
356,2241,2017,starter,84
356,2241,2018,bench,88
356,2241,2019,rotation,81
356,2241,2020,starter,70
356,2241,2021,bench,44
356,2241,2022,rotation,54
356,2241,2023,rotation,33
356,2241,2024,bench,34
376,2242,2015,starter,97
376,2242,2016,rotation,19
376,2242,2017,rotation,33
262,2242,2018,starter,49
262,2242,2019,rotation,39
262,2242,2020,starter,63
311,2243,2015,rotation,73
311,2243,2016,rotation,46
311,2243,2017,rotation,47
311,2243,2018,starter,51
311,2243,2019,rotation,39
311,2243,2020,rotation,5
311,2243,2021,bench,88
316,2243,2022,bench,42
316,2243,2023,rotation,8
196,2244,2015,rotation,60
196,2244,2016,starter,30
196,2244,2017,starter,7
196,2244,2018,starter,35
196,2244,2019,starter,82
196,2244,2020,starter,28
196,2244,2021,starter,13
196,2244,2022,starter,3
196,2244,2023,bench,41
279,2244,2024,starter,55
359,2245,2017,rotation,75
359,2245,2018,rotation,11
359,2245,2019,bench,72
359,2245,2020,starter,90
359,2245,2021,starter,25
359,2245,2022,starter,89
359,2245,2023,starter,4
359,2245,2024,bench,86
220,2246,2015,starter,25
360,2246,2016,starter,60
360,2246,2017,starter,96
161,2246,2018,bench,49
161,2246,2019,starter,23
161,2246,2020,starter,77
161,2246,2021,bench,35
161,2246,2022,starter,13
293,2246,2023,starter,89
293,2246,2024,rotation,4
200,2247,2015,rotation,13
200,2247,2016,bench,57
346,2247,2017,bench,33
35,2247,2018,rotation,18
315,2247,2019,bench,33
315,2247,2020,starter,9
315,2247,2021,starter,76
315,2247,2022,starter,24
315,2247,2023,bench,94
315,2247,2024,starter,98
269,2249,2023,starter,34
269,2249,2024,rotation,96
369,2250,2015,starter,55
369,2250,2016,starter,63
369,2250,2017,rotation,65
369,2250,2018,starter,66
369,2250,2019,starter,40
369,2250,2020,starter,97
369,2250,2021,rotation,94
369,2250,2022,starter,72
369,2250,2023,rotation,40
369,2250,2024,rotation,53
7,2251,2015,starter,84
7,2251,2016,rotation,76
7,2251,2017,starter,41
7,2251,2018,bench,49
7,2251,2019,starter,45
7,2251,2020,starter,51
138,2251,2021,starter,12
138,2251,2022,starter,7
260,2251,2023,starter,90
260,2251,2024,starter,6
323,2252,2019,starter,61
323,2252,2020,starter,96
323,2252,2021,rotation,88
349,2252,2022,starter,94
349,2252,2023,rotation,26
64,2252,2024,rotation,80
367,2253,2015,starter,78
52,2253,2016,bench,89
52,2253,2017,bench,5
52,2253,2018,starter,76
52,2253,2019,rotation,10
52,2253,2020,starter,75
50,2254,2015,starter,37
50,2254,2016,bench,27
50,2254,2017,starter,94
50,2254,2018,starter,66
50,2254,2019,rotation,42
50,2254,2020,rotation,20
50,2254,2021,starter,22
50,2254,2022,bench,9
50,2254,2023,rotation,64
50,2254,2024,bench,19
72,2255,2015,bench,10
72,2255,2016,starter,6
72,2255,2017,starter,40
72,2255,2018,starter,47
72,2255,2019,starter,84
72,2255,2020,starter,24
72,2255,2021,starter,25
242,2255,2022,starter,37
242,2255,2023,starter,73
242,2255,2024,starter,62
217,2256,2015,starter,18
217,2256,2016,bench,6
217,2256,2017,starter,57
73,2256,2018,rotation,4
189,2256,2019,rotation,93
189,2256,2020,starter,89
189,2256,2021,rotation,76
189,2256,2022,bench,6
189,2256,2023,rotation,44
189,2256,2024,starter,50
136,2258,2015,starter,20
136,2258,2016,starter,16
136,2258,2017,starter,28
136,2258,2018,rotation,71
136,2258,2019,starter,40
136,2258,2020,rotation,26
136,2258,2021,starter,11
136,2258,2022,rotation,22
136,2258,2023,bench,72
136,2258,2024,starter,76
317,2261,2015,rotation,80
317,2261,2016,starter,69
317,2261,2017,rotation,68
317,2261,2018,bench,4
317,2261,2019,bench,56
317,2261,2020,rotation,91
317,2261,2021,rotation,40
317,2261,2022,starter,11
317,2261,2023,starter,15
317,2261,2024,starter,15
38,2262,2015,starter,76
38,2262,2016,starter,32
38,2262,2017,rotation,19
380,2262,2018,rotation,88
380,2262,2019,starter,11
380,2262,2020,starter,64
380,2262,2021,starter,74
380,2262,2022,starter,65
380,2262,2023,bench,78
284,2264,2019,starter,74
284,2264,2020,starter,75
284,2264,2021,starter,6
284,2264,2022,starter,68
284,2264,2023,starter,4
284,2264,2024,bench,82
372,2265,2015,starter,22
372,2265,2016,starter,70
372,2265,2017,starter,67
372,2265,2018,starter,80
372,2265,2019,rotation,67
372,2265,2020,starter,50
372,2265,2021,rotation,53
372,2265,2022,starter,4
372,2265,2023,starter,13
372,2265,2024,starter,70
238,2267,2015,starter,40
238,2267,2016,starter,60
238,2267,2017,starter,3
238,2267,2018,starter,20
238,2267,2019,rotation,87
102,2267,2020,starter,44
102,2267,2021,bench,26
102,2267,2022,bench,18
102,2267,2023,starter,51
375,2267,2024,bench,30
208,2268,2019,starter,29
208,2268,2020,bench,67
208,2268,2021,starter,94
208,2268,2022,bench,15
208,2268,2023,rotation,29
208,2268,2024,rotation,28
287,2269,2015,rotation,47
287,2269,2016,rotation,78
287,2269,2017,starter,11
287,2269,2018,rotation,36
287,2269,2019,rotation,96
287,2269,2020,starter,66
162,2269,2021,starter,90
162,2269,2022,starter,71
162,2269,2023,starter,94
162,2269,2024,starter,9
99,2270,2015,rotation,61
99,2270,2016,starter,28
99,2270,2017,starter,84
99,2270,2018,starter,9
99,2270,2019,starter,96
356,2270,2020,starter,28
356,2270,2021,rotation,76
356,2270,2022,starter,84
356,2270,2023,starter,61
356,2270,2024,starter,64
20,2271,2023,starter,35
20,2271,2024,starter,62
269,2272,2023,starter,83
269,2272,2024,starter,6
364,2273,2015,starter,27
364,2273,2016,rotation,77
364,2273,2017,starter,43
364,2273,2018,rotation,90
364,2273,2019,starter,92
220,2273,2020,starter,41
220,2273,2021,bench,74
93,2273,2022,starter,72
93,2273,2023,rotation,29
93,2273,2024,starter,14
377,2274,2015,rotation,91
377,2274,2016,starter,32
377,2274,2017,rotation,53
377,2274,2018,starter,82
377,2274,2019,starter,75
377,2274,2020,bench,43
377,2274,2021,bench,72
377,2274,2022,starter,73
377,2274,2023,bench,67
198,2275,2022,bench,28
198,2275,2023,rotation,6
232,2275,2024,starter,32
366,2276,2022,starter,66
366,2276,2023,starter,55
366,2276,2024,bench,97
243,2277,2015,starter,62
243,2277,2016,starter,80
243,2277,2017,starter,62
243,2277,2018,rotation,93
243,2277,2019,rotation,11
243,2277,2020,starter,87
243,2277,2021,rotation,98
347,2277,2022,starter,68
347,2277,2023,bench,61
347,2277,2024,starter,96
29,2280,2015,rotation,5
29,2280,2016,starter,5
29,2280,2017,bench,62
29,2280,2018,starter,92
29,2280,2019,starter,31
29,2280,2020,starter,96
29,2280,2021,rotation,30
29,2280,2022,starter,21
29,2280,2023,starter,13
29,2280,2024,bench,47
291,2281,2016,rotation,90
291,2281,2017,rotation,75
291,2281,2018,rotation,59
291,2281,2019,starter,53
291,2281,2020,rotation,11
291,2281,2021,starter,55
291,2281,2022,starter,69
291,2281,2023,rotation,3
291,2281,2024,rotation,85
379,2282,2015,bench,42
379,2282,2016,starter,16
379,2282,2017,bench,26
379,2282,2018,starter,14
379,2282,2019,starter,18
379,2282,2020,starter,6
379,2282,2021,starter,62
246,2283,2015,rotation,75
246,2283,2016,starter,95
246,2283,2017,starter,56
246,2283,2018,starter,55
246,2283,2019,starter,64
224,2283,2020,starter,75
224,2283,2021,starter,80
224,2283,2022,rotation,19
224,2283,2023,rotation,23
345,2284,2020,starter,62
345,2284,2021,bench,12
318,2284,2022,starter,96
318,2284,2023,starter,20
318,2284,2024,rotation,39
355,2286,2015,starter,18
355,2286,2016,starter,29
355,2286,2017,starter,40
176,2286,2018,starter,52
176,2286,2019,starter,69
176,2286,2020,starter,32
251,2286,2021,bench,13
251,2286,2022,starter,65
251,2286,2023,starter,50
251,2286,2024,bench,73
153,2287,2015,starter,22
153,2287,2016,rotation,88
379,2287,2017,rotation,27
379,2287,2018,starter,71
379,2287,2019,starter,30
379,2287,2020,starter,44
379,2287,2021,starter,47
379,2287,2022,rotation,81
178,2287,2023,starter,24
178,2287,2024,bench,63
372,2288,2022,rotation,14
372,2288,2023,bench,54
372,2288,2024,rotation,21
162,2289,2017,rotation,81
162,2289,2018,rotation,7
253,2289,2019,rotation,63
253,2289,2020,starter,89
253,2289,2021,bench,76
253,2289,2022,starter,4
350,2289,2023,starter,57
350,2289,2024,starter,6
364,2290,2015,bench,13
364,2290,2016,starter,32
364,2290,2017,starter,78
364,2290,2018,starter,68
364,2290,2019,rotation,41
364,2290,2020,starter,29
364,2290,2021,starter,54
364,2290,2022,starter,79
364,2290,2023,starter,58
364,2290,2024,bench,88
296,2291,2015,bench,87
214,2291,2016,rotation,75
214,2291,2017,rotation,79
214,2291,2018,starter,52
214,2291,2019,starter,95
214,2291,2020,rotation,2
214,2291,2021,starter,52
214,2291,2022,starter,15
214,2291,2023,starter,86
214,2291,2024,bench,8
313,2292,2019,starter,10
313,2292,2020,starter,1
313,2292,2021,rotation,11
313,2292,2022,starter,24
313,2292,2023,rotation,17
313,2292,2024,starter,53
267,2293,2015,starter,11
267,2293,2016,bench,80
267,2293,2017,starter,85
267,2293,2018,starter,68
267,2293,2019,starter,9
267,2293,2020,bench,21
267,2293,2021,starter,35
267,2293,2022,starter,32
262,2296,2015,starter,1
262,2296,2016,starter,33
262,2296,2017,rotation,29
262,2296,2018,starter,78
208,2296,2019,starter,58
208,2296,2020,starter,32
208,2296,2021,starter,42
186,2296,2022,rotation,11
186,2296,2023,rotation,70
186,2296,2024,starter,63
293,2297,2015,starter,84
293,2297,2016,starter,17
293,2297,2017,starter,78
293,2297,2018,rotation,73
293,2297,2019,rotation,37
293,2297,2020,rotation,86
293,2297,2021,rotation,82
293,2297,2022,starter,75
293,2297,2023,starter,25
293,2297,2024,starter,37
153,2300,2015,starter,55
153,2300,2016,starter,10
153,2300,2017,starter,91
262,2300,2018,bench,45
303,2300,2019,rotation,71
143,2300,2020,starter,10
143,2300,2021,rotation,6
143,2300,2022,rotation,44
143,2300,2023,starter,16
59,2301,2021,bench,81
59,2301,2022,bench,67
59,2301,2023,bench,92
59,2301,2024,starter,94
315,2302,2015,bench,34
315,2302,2016,bench,39
315,2302,2017,starter,27
315,2302,2018,rotation,11
152,2302,2019,starter,47
152,2302,2020,bench,8
152,2302,2021,starter,38
152,2302,2022,bench,6
152,2302,2023,starter,34
152,2302,2024,rotation,83
331,2303,2016,rotation,38
331,2303,2017,starter,69
331,2303,2018,rotation,63
331,2303,2019,rotation,37
331,2303,2020,rotation,97
331,2303,2021,rotation,62
331,2303,2022,starter,24
331,2303,2023,starter,78
331,2303,2024,starter,56
152,2304,2015,starter,78
152,2304,2016,bench,47
152,2304,2017,rotation,5
152,2304,2018,bench,77
152,2304,2019,starter,31
113,2304,2020,starter,76
113,2304,2021,starter,3
113,2304,2022,rotation,57
113,2304,2023,rotation,7
113,2304,2024,starter,94
363,2305,2024,starter,4
50,2306,2015,bench,10
50,2306,2016,starter,45
50,2306,2017,rotation,79
143,2306,2018,rotation,93
143,2306,2019,starter,31
143,2306,2020,rotation,28
143,2306,2021,starter,73
143,2306,2022,starter,29
354,2306,2023,rotation,73
354,2306,2024,rotation,23
142,2307,2015,starter,86
142,2307,2016,rotation,47
142,2307,2017,bench,8
142,2307,2018,starter,92
142,2307,2019,starter,8
142,2307,2020,bench,37
142,2307,2021,starter,54
142,2308,2015,bench,23
142,2308,2016,bench,41
142,2308,2017,bench,90
142,2308,2018,starter,28
142,2308,2019,rotation,92
174,2308,2020,bench,93
174,2308,2021,starter,77
174,2308,2022,starter,2
174,2308,2023,starter,56
286,2308,2024,rotation,34
128,2309,2015,starter,78
128,2309,2016,starter,19
128,2309,2017,starter,30
128,2309,2018,starter,49
128,2309,2019,starter,47
143,2309,2020,rotation,64
143,2309,2021,bench,12
143,2309,2022,rotation,41
143,2309,2023,bench,67
143,2309,2024,rotation,95
152,2310,2024,starter,90
349,2311,2015,starter,88
349,2311,2016,bench,51
349,2311,2017,starter,84
349,2311,2018,starter,24
157,2311,2019,bench,11
157,2311,2020,rotation,85
157,2311,2021,starter,53
157,2311,2022,bench,4
157,2311,2023,starter,67
313,2314,2018,rotation,62
313,2314,2019,starter,54
313,2314,2020,starter,69
313,2314,2021,bench,35
313,2314,2022,starter,65
313,2314,2023,starter,66
313,2314,2024,starter,64
5,2319,2024,starter,5
282,2320,2021,starter,54
282,2320,2022,rotation,52
282,2320,2023,starter,81
282,2320,2024,starter,36
380,2321,2022,rotation,50
380,2321,2023,starter,82
380,2321,2024,starter,10
322,2322,2019,starter,26
322,2322,2020,starter,89
322,2322,2021,bench,44
322,2322,2022,bench,85
322,2322,2023,starter,71
322,2322,2024,starter,11
52,2323,2019,rotation,9
52,2323,2020,starter,40
52,2323,2021,starter,71
52,2323,2022,starter,83
52,2323,2023,starter,49
52,2323,2024,rotation,90
196,2326,2015,rotation,67
196,2326,2016,rotation,35
196,2326,2017,bench,19
196,2326,2018,starter,92
196,2326,2019,starter,91
196,2326,2020,starter,79
196,2326,2021,starter,54
22,2327,2015,starter,96
22,2327,2016,starter,62
22,2327,2017,starter,19
111,2327,2018,starter,10
111,2327,2019,rotation,61
111,2327,2020,bench,15
226,2328,2017,bench,9
226,2328,2018,rotation,63
226,2328,2019,rotation,64
226,2328,2020,starter,48
226,2328,2021,bench,50
226,2328,2022,starter,69
226,2328,2023,rotation,12
226,2328,2024,starter,30
113,2329,2015,bench,93
113,2329,2016,rotation,59
113,2329,2017,bench,90
113,2329,2018,starter,73
113,2329,2019,bench,96
113,2329,2020,starter,55
113,2329,2021,rotation,51
113,2329,2022,starter,1
113,2329,2023,starter,51
4,2330,2015,bench,65
379,2330,2016,starter,12
379,2330,2017,starter,58
379,2330,2018,starter,2
379,2330,2019,starter,64
379,2330,2020,rotation,55
379,2330,2021,starter,96
379,2330,2022,starter,11
379,2330,2023,rotation,58
373,2331,2016,starter,78
373,2331,2017,starter,33
373,2331,2018,rotation,20
373,2331,2019,starter,94
258,2331,2020,starter,34
258,2331,2021,starter,53
258,2331,2022,rotation,30
258,2331,2023,rotation,67
258,2331,2024,starter,80
366,2332,2015,starter,24
366,2332,2016,bench,20
366,2332,2017,rotation,87
366,2332,2018,rotation,31
366,2332,2019,rotation,8
366,2332,2020,starter,2
366,2332,2021,starter,13
366,2332,2022,starter,7
366,2332,2023,bench,94
366,2332,2024,bench,27
159,2334,2015,starter,90
159,2334,2016,starter,20
159,2334,2017,starter,63
159,2334,2018,rotation,20
159,2334,2019,rotation,67
109,2334,2020,starter,4
109,2334,2021,rotation,9
109,2334,2022,starter,24
109,2334,2023,bench,11
109,2334,2024,starter,54
353,2336,2022,starter,77
353,2336,2023,rotation,3
353,2336,2024,starter,10
365,2337,2015,starter,44
365,2337,2016,rotation,55
365,2337,2017,bench,16
365,2337,2018,rotation,83
365,2337,2019,rotation,56
365,2337,2020,starter,40
94,2338,2020,starter,69
94,2338,2021,starter,6
94,2338,2022,rotation,16
94,2338,2023,starter,85
76,2338,2024,rotation,26
251,2339,2015,starter,5
251,2339,2016,rotation,16
251,2339,2017,bench,39
251,2339,2018,rotation,61
251,2339,2019,bench,57
305,2341,2018,starter,90
305,2341,2019,rotation,54
305,2341,2020,rotation,84
305,2341,2021,starter,60
305,2341,2022,starter,55
305,2341,2023,starter,69
305,2341,2024,starter,55
15,2342,2022,starter,30
15,2342,2023,starter,57
15,2342,2024,starter,58
54,2343,2015,starter,79
54,2343,2016,bench,19
54,2343,2017,starter,83
54,2343,2018,starter,98
54,2343,2019,starter,5
202,2343,2020,starter,35
241,2343,2021,starter,74
241,2343,2022,rotation,85
241,2343,2023,rotation,89
305,2343,2024,starter,2
279,2344,2016,bench,47
279,2344,2017,starter,55
279,2344,2018,bench,41
279,2344,2019,starter,30
340,2344,2020,bench,18
340,2344,2021,rotation,42
329,2344,2022,rotation,41
329,2344,2023,starter,43
329,2344,2024,bench,29
295,2345,2021,starter,88
295,2345,2022,rotation,10
295,2345,2023,bench,49
295,2345,2024,rotation,67
114,2347,2015,starter,53
114,2347,2016,bench,44
268,2347,2017,bench,28
268,2347,2018,starter,18
268,2347,2019,starter,16
317,2347,2020,starter,9
317,2347,2021,rotation,20
317,2347,2022,starter,27
317,2347,2023,rotation,27
317,2347,2024,bench,86
86,2348,2015,rotation,92
86,2348,2016,bench,24
86,2348,2017,starter,78
86,2348,2018,starter,60
86,2348,2019,starter,27
86,2348,2020,rotation,58
86,2348,2021,starter,58
86,2348,2022,starter,52
86,2348,2023,starter,98
86,2348,2024,starter,11
350,2349,2024,rotation,78
259,2351,2017,starter,71
25,2351,2018,starter,93
25,2351,2019,starter,61
25,2351,2020,starter,56
25,2351,2021,rotation,57
83,2351,2022,starter,11
83,2351,2023,starter,5
83,2351,2024,bench,25
371,2353,2015,bench,80
371,2353,2016,rotation,82
371,2353,2017,rotation,65
371,2353,2018,starter,83
371,2353,2019,starter,45
371,2353,2020,bench,17
371,2353,2021,rotation,9
371,2353,2022,starter,50
371,2353,2023,bench,90
371,2353,2024,starter,80
32,2354,2016,bench,13
32,2354,2017,starter,1
32,2354,2018,starter,94
32,2354,2019,bench,38
32,2354,2020,starter,33
32,2354,2021,starter,32
32,2354,2022,rotation,87
357,2354,2023,rotation,38
357,2354,2024,starter,12
295,2355,2016,rotation,30
295,2355,2017,starter,15
295,2355,2018,starter,6
295,2355,2019,starter,71
295,2355,2020,starter,72
295,2355,2021,starter,71
295,2355,2022,rotation,6
295,2355,2023,rotation,62
295,2355,2024,starter,54
19,2356,2016,rotation,34
19,2356,2017,starter,36
379,2356,2018,rotation,1
102,2356,2019,starter,75
102,2356,2020,starter,45
102,2356,2021,starter,23
334,2356,2022,bench,48
334,2356,2023,bench,54
334,2356,2024,starter,37
207,2357,2015,starter,4
207,2357,2016,starter,22
207,2357,2017,starter,70
207,2357,2018,starter,44
207,2357,2019,starter,62
207,2357,2020,bench,41
207,2357,2021,bench,83
317,2358,2019,starter,82
317,2358,2020,starter,42
185,2358,2021,rotation,39
185,2358,2022,starter,98
185,2358,2023,starter,69
186,2358,2024,starter,15
312,2359,2015,rotation,55
312,2359,2016,rotation,52
312,2359,2017,starter,13
312,2359,2018,starter,40
312,2359,2019,bench,47
312,2359,2020,bench,8
312,2359,2021,starter,24
312,2359,2022,starter,54
65,2359,2023,rotation,50
332,2359,2024,starter,9
312,2360,2015,starter,54
312,2360,2016,starter,11
312,2360,2017,bench,24
312,2360,2018,bench,91
7,2360,2019,starter,93
360,2360,2020,starter,51
360,2360,2021,starter,27
360,2360,2022,rotation,21
18,2361,2018,starter,9
18,2361,2019,starter,17
18,2361,2020,rotation,33
18,2361,2021,rotation,46
18,2361,2022,starter,33
18,2361,2023,starter,94
18,2361,2024,rotation,67
375,2362,2020,rotation,84
375,2362,2021,rotation,25
375,2362,2022,starter,59
375,2362,2023,starter,48
375,2362,2024,starter,69
177,2363,2015,starter,79
177,2363,2016,starter,10
177,2363,2017,rotation,17
177,2363,2018,starter,93
177,2363,2019,starter,89
177,2363,2020,rotation,31
177,2363,2021,starter,84
177,2363,2022,bench,56
177,2363,2023,starter,96
177,2363,2024,starter,77
20,2364,2015,starter,15
360,2364,2016,starter,88
360,2364,2017,starter,97
360,2364,2018,starter,86
186,2364,2019,rotation,86
186,2364,2020,bench,34
361,2365,2015,starter,18
361,2365,2016,starter,9
361,2365,2017,starter,15
361,2365,2018,rotation,78
361,2365,2019,starter,62
67,2365,2020,rotation,83
67,2365,2021,starter,59
67,2365,2022,starter,51
67,2365,2023,starter,20
67,2365,2024,rotation,5
34,2366,2017,starter,36
34,2366,2018,starter,48
34,2366,2019,starter,76
34,2366,2020,rotation,22
34,2366,2021,rotation,22
34,2366,2022,starter,78
34,2366,2023,bench,71
34,2366,2024,rotation,66
335,2367,2020,rotation,87
335,2367,2021,rotation,45
335,2367,2022,starter,52
335,2367,2023,starter,69
335,2367,2024,bench,34
245,2368,2015,starter,71
245,2368,2016,bench,3
245,2368,2017,starter,43
245,2368,2018,rotation,39
245,2368,2019,rotation,74
245,2368,2020,starter,26
245,2368,2021,rotation,29
245,2368,2022,starter,97
245,2368,2023,starter,14
161,2368,2024,starter,66
256,2369,2023,starter,14
163,2369,2024,bench,92
103,2372,2015,starter,16
103,2372,2016,starter,43
103,2372,2017,rotation,50
103,2372,2018,rotation,51
103,2372,2019,bench,59
103,2372,2020,bench,7
103,2372,2021,starter,21
103,2372,2022,starter,22
103,2372,2023,bench,70
103,2372,2024,starter,27
294,2375,2022,starter,30
294,2375,2023,starter,25
294,2375,2024,rotation,23
104,2376,2015,rotation,3
104,2376,2016,bench,57
104,2376,2017,bench,57
104,2376,2018,rotation,3
204,2376,2019,rotation,22
204,2376,2020,starter,67
79,2376,2021,starter,42
79,2376,2022,starter,49
79,2376,2023,starter,28
353,2376,2024,starter,17
357,2377,2015,starter,98
357,2377,2016,rotation,73
357,2377,2017,starter,27
357,2377,2018,rotation,88
357,2377,2019,bench,95
125,2377,2020,bench,38
265,2377,2021,starter,59
265,2377,2022,starter,76
265,2377,2023,rotation,20
265,2377,2024,rotation,6
251,2378,2015,starter,4
251,2378,2016,starter,39
251,2378,2017,rotation,66
251,2378,2018,starter,42
251,2378,2019,starter,45
251,2378,2020,starter,60
113,2378,2021,starter,70
113,2378,2022,bench,7
113,2378,2023,starter,79
113,2378,2024,starter,2
290,2379,2019,rotation,83
290,2379,2020,starter,13
290,2379,2021,starter,6
290,2379,2022,rotation,65
290,2379,2023,rotation,84
290,2379,2024,bench,45
108,2380,2021,starter,61
108,2380,2022,starter,15
108,2380,2023,bench,93
108,2380,2024,rotation,75
206,2381,2015,bench,60
206,2381,2016,starter,33
206,2381,2017,starter,5
206,2381,2018,bench,17
206,2381,2019,starter,63
333,2381,2020,starter,9
333,2381,2021,starter,53
333,2381,2022,starter,66
238,2383,2015,starter,19
238,2383,2016,rotation,3
238,2383,2017,starter,60
238,2383,2018,starter,6
238,2383,2019,starter,32
375,2383,2020,starter,60
375,2383,2021,rotation,50
375,2383,2022,starter,51
375,2383,2023,rotation,67
375,2383,2024,starter,90
168,2384,2017,rotation,95
168,2384,2018,starter,25
168,2384,2019,starter,96
168,2384,2020,starter,33
168,2384,2021,starter,40
168,2384,2022,rotation,87
168,2384,2023,starter,10
168,2384,2024,rotation,49
32,2385,2015,starter,55
32,2385,2016,starter,98
32,2385,2017,rotation,66
32,2385,2018,starter,72
32,2385,2019,starter,9
32,2385,2020,starter,34
32,2385,2021,starter,8
175,2385,2022,starter,85
277,2385,2023,rotation,60
49,2385,2024,rotation,41
358,2386,2023,rotation,33
358,2386,2024,starter,43
107,2387,2021,bench,75
158,2387,2022,starter,53
107,2387,2023,rotation,81
107,2387,2024,rotation,82
12,2388,2016,rotation,89
12,2388,2017,rotation,67
12,2388,2018,starter,30
12,2388,2019,starter,51
12,2388,2020,starter,63
12,2388,2021,starter,36
267,2388,2022,starter,46
267,2388,2023,rotation,22
267,2388,2024,bench,41
36,2389,2020,starter,2
36,2389,2021,starter,62
36,2389,2022,starter,34
36,2389,2023,rotation,96
36,2389,2024,starter,43
47,2390,2017,rotation,23
279,2390,2018,rotation,72
279,2390,2019,starter,72
279,2390,2020,starter,19
263,2390,2021,starter,38
263,2390,2022,starter,18
263,2390,2023,rotation,69
273,2390,2024,starter,87
167,2391,2015,starter,47
167,2391,2016,starter,18
359,2391,2017,starter,5
359,2391,2018,rotation,76
359,2391,2019,starter,78
359,2391,2020,rotation,19
359,2391,2021,rotation,48
359,2391,2022,starter,73
359,2391,2023,starter,71
359,2391,2024,bench,61
101,2393,2017,starter,95
101,2393,2018,bench,38
101,2393,2019,bench,92
101,2393,2020,bench,89
101,2393,2021,rotation,63
101,2393,2022,starter,44
101,2393,2023,rotation,51
101,2393,2024,starter,6
318,2394,2015,bench,66
318,2394,2016,starter,33
190,2394,2017,rotation,24
190,2394,2018,starter,82
190,2394,2019,starter,87
190,2394,2020,rotation,96
98,2394,2021,starter,74
181,2394,2022,starter,39
181,2394,2023,bench,72
151,2395,2023,starter,30
151,2395,2024,rotation,65
101,2396,2015,bench,73
101,2396,2016,starter,24
101,2396,2017,starter,9
101,2396,2018,starter,53
101,2396,2019,starter,25
101,2396,2020,rotation,66
101,2396,2021,starter,51
101,2396,2022,starter,53
101,2396,2023,starter,69
101,2396,2024,starter,9
104,2397,2015,starter,12
104,2397,2016,rotation,69
104,2397,2017,rotation,81
104,2397,2018,starter,22
104,2397,2019,starter,44
104,2397,2020,starter,19
104,2397,2021,starter,53
104,2397,2022,rotation,95
104,2397,2023,starter,76
104,2397,2024,starter,70
92,2398,2020,bench,47
92,2398,2021,bench,69
92,2398,2022,starter,47
92,2398,2023,starter,15
92,2398,2024,rotation,64
124,2399,2015,bench,95
124,2399,2016,bench,9
124,2399,2017,starter,27
124,2399,2018,bench,31
124,2399,2019,starter,37
124,2399,2020,starter,21
124,2399,2021,starter,31
124,2399,2022,starter,16
124,2399,2023,bench,10
124,2399,2024,starter,6
261,2400,2015,bench,80
261,2400,2016,starter,60
261,2400,2017,bench,81
261,2400,2018,starter,75
261,2400,2019,starter,89
261,2400,2020,starter,14
261,2400,2021,starter,44
261,2400,2022,starter,5
257,2401,2020,bench,60
167,2401,2021,starter,82
167,2401,2022,bench,40
167,2401,2023,bench,84
167,2401,2024,rotation,75
361,2402,2015,starter,9
361,2402,2016,starter,74
361,2402,2017,rotation,27
361,2402,2018,rotation,79
361,2402,2019,rotation,32
361,2402,2020,starter,46
361,2402,2021,rotation,69
372,2404,2015,rotation,83
372,2404,2016,rotation,14
372,2404,2017,rotation,27
372,2404,2018,rotation,83
372,2404,2019,starter,9
372,2404,2020,rotation,27
372,2404,2021,starter,94
372,2404,2022,bench,87
372,2404,2023,rotation,75
372,2404,2024,rotation,80
368,2405,2015,starter,10
374,2405,2016,starter,75
374,2405,2017,bench,81
374,2405,2018,bench,16
374,2405,2019,starter,12
322,2406,2015,rotation,75
322,2406,2016,starter,30
322,2406,2017,bench,69
322,2406,2018,starter,78
322,2406,2019,bench,20
322,2406,2020,rotation,52
322,2406,2021,rotation,42
322,2406,2022,bench,64
322,2406,2023,starter,48
340,2407,2015,starter,82
340,2407,2016,rotation,49
340,2407,2017,starter,38
340,2407,2018,starter,26
340,2407,2019,starter,62
340,2407,2020,bench,77
340,2407,2021,starter,63
340,2407,2022,starter,46
340,2407,2023,starter,63
340,2407,2024,starter,75
9,2408,2022,rotation,8
9,2408,2023,rotation,55
9,2408,2024,rotation,73
320,2409,2024,starter,71
140,2410,2015,starter,33
140,2410,2016,rotation,57
140,2410,2017,rotation,52
140,2410,2018,starter,37
167,2410,2019,bench,60
167,2410,2020,starter,7
167,2410,2021,rotation,71
63,2410,2022,bench,89
63,2410,2023,starter,28
63,2410,2024,rotation,32
51,2411,2015,starter,78
51,2411,2016,starter,42
51,2411,2017,rotation,78
51,2411,2018,starter,23
51,2411,2019,starter,33
51,2411,2020,bench,67
51,2411,2021,starter,13
51,2411,2022,rotation,13
211,2411,2023,starter,55
211,2411,2024,starter,86
342,2412,2021,rotation,33
342,2412,2022,starter,57
342,2412,2023,starter,45
342,2412,2024,rotation,26
297,2413,2015,rotation,35
297,2413,2016,starter,31
297,2413,2017,rotation,28
297,2413,2018,starter,19
297,2413,2019,starter,46
362,2413,2020,starter,85
362,2413,2021,starter,14
362,2413,2022,rotation,23
362,2413,2023,rotation,13
362,2413,2024,starter,89
353,2414,2015,bench,56
353,2414,2016,starter,80
353,2414,2017,starter,70
353,2414,2018,starter,97
353,2414,2019,rotation,63
353,2414,2020,starter,56
353,2414,2021,starter,19
353,2414,2022,bench,32
353,2414,2023,starter,69
263,2414,2024,starter,76
198,2415,2020,bench,9
198,2415,2021,bench,73
198,2415,2022,rotation,63
124,2415,2023,rotation,64
124,2415,2024,starter,18
102,2416,2022,starter,46
102,2416,2023,rotation,70
102,2416,2024,starter,70
162,2417,2015,starter,27
162,2417,2016,starter,74
162,2417,2017,starter,92
162,2417,2018,starter,14
162,2417,2019,starter,34
162,2417,2020,starter,85
162,2417,2021,starter,63
162,2417,2022,starter,1
162,2417,2023,starter,35
162,2417,2024,bench,84
217,2418,2015,starter,34
217,2418,2016,starter,82
217,2418,2017,rotation,69
217,2418,2018,bench,35
217,2418,2019,bench,51
217,2418,2020,rotation,1
217,2418,2021,starter,11
217,2418,2022,starter,49
217,2418,2023,starter,14
217,2418,2024,bench,20
301,2419,2022,starter,42
301,2419,2023,rotation,26
301,2419,2024,starter,90
314,2420,2015,rotation,10
314,2420,2016,starter,45
314,2420,2017,starter,5
376,2420,2018,bench,96
376,2420,2019,rotation,65
376,2420,2020,rotation,73
376,2420,2021,starter,98
310,2420,2022,starter,29
310,2420,2023,starter,18
310,2420,2024,starter,86
79,2421,2015,rotation,24
79,2421,2016,starter,75
79,2421,2017,starter,82
79,2421,2018,rotation,98
324,2421,2019,rotation,19
324,2421,2020,bench,57
324,2421,2021,bench,44
309,2421,2022,rotation,3
309,2421,2023,starter,11
309,2421,2024,starter,61
318,2422,2016,starter,91
318,2422,2017,rotation,97
318,2422,2018,starter,25
318,2422,2019,starter,31
318,2422,2020,starter,67
318,2422,2021,rotation,80
318,2422,2022,bench,79
318,2422,2023,bench,16
318,2422,2024,rotation,87
182,2423,2018,starter,25
182,2423,2019,rotation,42
182,2423,2020,starter,13
182,2423,2021,starter,69
182,2423,2022,starter,70
331,2423,2023,starter,35
331,2423,2024,bench,16
167,2424,2015,starter,75
136,2424,2016,rotation,61
136,2424,2017,bench,87
136,2424,2018,starter,1
136,2424,2019,starter,2
136,2424,2020,starter,70
282,2424,2021,rotation,68
282,2424,2022,starter,44
282,2424,2023,starter,90
282,2424,2024,bench,34
264,2425,2015,starter,3
264,2425,2016,starter,72
264,2425,2017,rotation,96
264,2425,2018,starter,46
264,2425,2019,rotation,78
264,2425,2020,bench,97
264,2425,2021,rotation,93
208,2426,2015,starter,25
63,2426,2016,starter,59
63,2426,2017,starter,54
63,2426,2018,bench,59
104,2426,2019,starter,90
104,2426,2020,starter,52
104,2426,2021,starter,48
104,2426,2022,starter,95
104,2426,2023,rotation,75
366,2427,2015,starter,42
53,2427,2016,starter,30
53,2427,2017,rotation,15
53,2427,2018,rotation,51
53,2427,2019,starter,82
53,2427,2020,starter,38
20,2427,2021,starter,47
20,2427,2022,starter,93
327,2428,2015,starter,62
119,2428,2016,starter,34
326,2428,2017,rotation,2
326,2428,2018,starter,96
326,2428,2019,starter,79
347,2428,2020,rotation,52
347,2428,2021,rotation,10
347,2428,2022,starter,19
126,2428,2023,bench,29
203,2428,2024,starter,51
252,2429,2022,rotation,16
252,2429,2023,starter,60
252,2429,2024,starter,89
277,2431,2017,rotation,2
277,2431,2018,starter,48
373,2431,2019,rotation,80
373,2431,2020,bench,58
263,2431,2021,rotation,44
263,2431,2022,rotation,67
263,2431,2023,starter,49
263,2431,2024,starter,97
266,2432,2020,starter,94
266,2432,2021,starter,95
266,2432,2022,rotation,27
266,2432,2023,starter,22
266,2432,2024,starter,36
197,2434,2015,starter,21
197,2434,2016,bench,58
197,2434,2017,starter,38
197,2434,2018,starter,33
197,2434,2019,starter,77
197,2434,2020,starter,50
197,2434,2021,rotation,21
344,2435,2015,rotation,16
344,2435,2016,starter,78
344,2435,2017,bench,51
344,2435,2018,starter,62
171,2435,2019,rotation,37
171,2435,2020,starter,11
171,2435,2021,bench,72
171,2435,2022,rotation,89
171,2435,2023,starter,57
171,2435,2024,rotation,44
357,2436,2023,starter,97
357,2436,2024,starter,62
119,2437,2018,starter,1
119,2437,2019,starter,14
119,2437,2020,rotation,76
119,2437,2021,starter,78
119,2437,2022,starter,59
119,2437,2023,rotation,19
119,2437,2024,starter,64
88,2438,2015,starter,29
88,2438,2016,bench,43
88,2438,2017,rotation,79
88,2438,2018,starter,83
88,2438,2019,rotation,85
88,2438,2020,rotation,20
144,2438,2021,rotation,72
26,2439,2015,starter,39
26,2439,2016,starter,92
26,2439,2017,starter,82
26,2439,2018,starter,78
26,2439,2019,starter,48
26,2439,2020,rotation,93
26,2439,2021,rotation,55
26,2439,2022,starter,21
2,2439,2023,starter,73
2,2439,2024,rotation,36
36,2441,2015,starter,3
36,2441,2016,starter,18
36,2441,2017,rotation,49
36,2441,2018,rotation,50
36,2441,2019,rotation,58
36,2441,2020,starter,53
36,2441,2021,starter,72
36,2441,2022,rotation,48
36,2441,2023,rotation,62
36,2441,2024,starter,56
67,2442,2015,starter,51
67,2442,2016,rotation,77
67,2442,2017,bench,56
67,2442,2018,starter,50
67,2442,2019,starter,59
67,2442,2020,starter,75
67,2442,2021,bench,94
370,2443,2015,starter,68
205,2443,2016,bench,40
205,2443,2017,starter,2
205,2443,2018,starter,91
205,2443,2019,rotation,51
205,2443,2020,bench,84
205,2443,2021,rotation,60
205,2443,2022,starter,81
205,2443,2023,bench,75
205,2443,2024,starter,37
201,2444,2023,bench,51
201,2444,2024,starter,77
194,2445,2015,rotation,46
194,2445,2016,starter,90
194,2445,2017,bench,23
194,2445,2018,bench,21
194,2445,2019,starter,80
194,2445,2020,starter,54
194,2445,2021,starter,38
107,2447,2015,starter,2
107,2447,2016,starter,20
107,2447,2017,rotation,40
107,2447,2018,bench,46
107,2447,2019,bench,6
107,2447,2020,starter,30
76,2448,2020,starter,20
287,2448,2021,starter,48
252,2448,2022,starter,91
19,2448,2023,starter,97
19,2448,2024,starter,41
269,2450,2015,starter,40
378,2450,2016,starter,3
229,2450,2017,rotation,48
229,2450,2018,bench,77
229,2450,2019,starter,80
229,2450,2020,starter,49
207,2450,2021,rotation,88
207,2450,2022,starter,22
207,2450,2023,rotation,27
350,2451,2015,starter,54
350,2451,2016,starter,11
350,2451,2017,bench,93
350,2451,2018,starter,47
218,2451,2019,starter,42
218,2451,2020,rotation,15
218,2451,2021,starter,10
218,2451,2022,rotation,73
218,2451,2023,starter,28
218,2451,2024,starter,41
265,2452,2020,rotation,81
265,2452,2021,rotation,35
265,2452,2022,starter,6
265,2452,2023,starter,21
265,2452,2024,starter,50
233,2453,2015,starter,47
233,2453,2016,bench,51
233,2453,2017,starter,94
233,2453,2018,starter,53
233,2453,2019,rotation,17
233,2453,2020,starter,78
233,2453,2021,starter,37
233,2453,2022,rotation,32
233,2453,2023,rotation,43
233,2453,2024,rotation,86
218,2454,2023,starter,28
218,2454,2024,rotation,26
356,2455,2015,bench,73
356,2455,2016,starter,37
356,2455,2017,starter,17
356,2455,2018,starter,53
356,2455,2019,starter,25
356,2455,2020,rotation,87
356,2455,2021,starter,6
356,2455,2022,starter,90
172,2455,2023,starter,32
172,2455,2024,starter,9
362,2456,2017,bench,63
362,2456,2018,starter,83
362,2456,2019,bench,4
362,2456,2020,bench,92
370,2456,2021,starter,49
362,2456,2022,bench,7
362,2456,2023,bench,72
362,2456,2024,starter,11
343,2458,2018,bench,71
343,2458,2019,starter,33
332,2458,2020,starter,20
332,2458,2021,starter,2
332,2458,2022,starter,93
332,2458,2023,rotation,93
332,2458,2024,starter,82
109,2459,2021,starter,41
109,2459,2022,starter,51
109,2459,2023,rotation,88
109,2459,2024,starter,47
120,2461,2019,starter,93
120,2461,2020,starter,42
120,2461,2021,bench,89
120,2461,2022,starter,19
120,2461,2023,rotation,75
128,2461,2024,rotation,64
150,2462,2020,starter,47
132,2462,2021,starter,2
132,2462,2022,rotation,35
302,2462,2023,bench,83
302,2462,2024,starter,63
309,2463,2015,starter,41
309,2463,2016,starter,62
309,2463,2017,starter,53
309,2463,2018,rotation,23
309,2463,2019,rotation,62
309,2463,2020,starter,20
309,2463,2021,starter,56
309,2463,2022,starter,20
309,2463,2023,starter,66
309,2463,2024,rotation,39
109,2464,2015,starter,87
334,2464,2016,rotation,48
334,2464,2017,starter,56
334,2464,2018,starter,17
334,2464,2019,bench,30
334,2464,2020,bench,46
334,2464,2021,rotation,12
334,2464,2022,starter,49
296,2465,2018,starter,23
296,2465,2019,starter,40
296,2465,2020,starter,12
296,2465,2021,starter,22
296,2465,2022,starter,10
296,2465,2023,bench,39
296,2465,2024,starter,18
239,2466,2015,rotation,90
117,2466,2016,starter,89
117,2466,2017,starter,16
117,2466,2018,starter,52
117,2466,2019,starter,36
184,2466,2020,starter,74
184,2466,2021,starter,6
184,2466,2022,starter,26
184,2466,2023,rotation,91
184,2466,2024,bench,87
286,2467,2015,starter,47
286,2467,2016,starter,1
286,2467,2017,rotation,60
286,2467,2018,rotation,76
286,2467,2019,rotation,2
28,2467,2020,starter,68
28,2467,2021,starter,88
374,2467,2022,starter,86
100,2467,2023,starter,89
100,2467,2024,starter,1
152,2468,2015,starter,90
152,2468,2016,starter,13
152,2468,2017,rotation,14
152,2468,2018,starter,47
152,2468,2019,bench,93
152,2468,2020,starter,66
152,2468,2021,bench,35
332,2468,2022,starter,35
332,2468,2023,starter,9
332,2468,2024,starter,44
337,2469,2015,starter,96
269,2469,2016,rotation,66
269,2469,2017,rotation,38
269,2469,2018,starter,90
269,2469,2019,starter,87
269,2469,2020,starter,11
269,2469,2021,starter,79
269,2469,2022,bench,28
269,2469,2023,starter,75
340,2469,2024,starter,86
135,2470,2023,starter,43
135,2470,2024,rotation,7
237,2471,2015,bench,52
237,2471,2016,rotation,21
237,2471,2017,rotation,44
237,2471,2018,starter,49
237,2471,2019,starter,98
237,2471,2020,rotation,37
237,2471,2021,rotation,25
86,2472,2015,bench,87
86,2472,2016,starter,59
86,2472,2017,bench,79
86,2472,2018,rotation,21
86,2472,2019,rotation,14
299,2472,2020,starter,72
299,2472,2021,starter,48
158,2473,2021,starter,94
158,2473,2022,starter,23
158,2473,2023,starter,55
151,2473,2024,starter,1
222,2475,2015,starter,76
222,2475,2016,rotation,32
222,2475,2017,bench,13
222,2475,2018,starter,65
222,2475,2019,starter,39
176,2475,2020,starter,31
104,2475,2021,starter,62
104,2475,2022,rotation,70
104,2475,2023,bench,46
326,2476,2016,starter,26
75,2476,2017,starter,98
75,2476,2018,starter,81
75,2476,2019,rotation,3
75,2476,2020,rotation,34
75,2476,2021,starter,87
75,2476,2022,rotation,83
75,2476,2023,starter,4
75,2476,2024,starter,7
169,2477,2021,starter,53
169,2477,2022,bench,53
169,2477,2023,starter,60
379,2477,2024,starter,25
121,2478,2024,starter,94
156,2479,2022,rotation,4
156,2479,2023,starter,6
156,2479,2024,starter,29
154,2480,2015,starter,88
359,2480,2016,rotation,7
359,2480,2017,rotation,69
359,2480,2018,starter,17
359,2480,2019,bench,40
359,2480,2020,bench,61
359,2480,2021,rotation,83
375,2480,2022,starter,40
375,2480,2023,bench,58
375,2480,2024,bench,47
240,2481,2015,starter,47
240,2481,2016,starter,40
20,2481,2017,rotation,96
20,2481,2018,rotation,28
20,2481,2019,bench,74
20,2481,2020,bench,52
20,2481,2021,starter,48
20,2481,2022,rotation,38
330,2481,2023,starter,74
330,2481,2024,rotation,18
296,2482,2015,starter,90
296,2482,2016,bench,54
296,2482,2017,starter,70
296,2482,2018,starter,94
296,2482,2019,rotation,70
296,2482,2020,rotation,6
277,2482,2021,starter,88
277,2482,2022,starter,30
277,2482,2023,rotation,42
277,2482,2024,rotation,48
254,2483,2015,rotation,34
347,2483,2016,rotation,71
347,2483,2017,bench,52
347,2483,2018,starter,24
347,2483,2019,bench,88
347,2483,2020,starter,15
347,2483,2021,starter,76
347,2483,2022,starter,14
347,2483,2023,starter,68
347,2483,2024,bench,31
332,2484,2024,starter,27
353,2485,2024,rotation,8
377,2486,2015,starter,55
377,2486,2016,starter,16
377,2486,2017,starter,17
377,2486,2018,rotation,62
377,2486,2019,starter,85
377,2486,2020,starter,71
377,2486,2021,rotation,97
377,2486,2022,starter,21
377,2486,2023,rotation,17
330,2488,2021,starter,30
330,2488,2022,bench,4
330,2488,2023,bench,76
330,2488,2024,bench,20
39,2489,2023,bench,45
39,2489,2024,starter,21
13,2490,2016,bench,85
13,2490,2017,starter,23
13,2490,2018,bench,44
13,2490,2019,rotation,89
13,2490,2020,starter,78
13,2490,2021,starter,60
13,2490,2022,rotation,6
13,2490,2023,bench,82
13,2490,2024,rotation,21
80,2491,2015,starter,78
80,2491,2016,starter,6
377,2491,2017,bench,26
377,2491,2018,rotation,4
72,2491,2019,rotation,71
72,2491,2020,starter,32
72,2491,2021,rotation,61
72,2491,2022,rotation,57
72,2491,2023,starter,96
72,2491,2024,starter,95
319,2492,2015,rotation,13
319,2492,2016,rotation,8
319,2492,2017,starter,98
319,2492,2018,starter,25
319,2492,2019,starter,43
319,2492,2020,bench,15
319,2492,2021,rotation,61
319,2492,2022,starter,88
319,2492,2023,starter,40
319,2492,2024,starter,39
114,2493,2015,rotation,79
114,2493,2016,starter,60
114,2493,2017,starter,61
114,2493,2018,rotation,57
114,2493,2019,starter,92
114,2493,2020,starter,19
114,2493,2021,starter,13
114,2493,2022,starter,21
348,2494,2023,starter,76
348,2494,2024,starter,32
334,2495,2015,starter,50
334,2495,2016,bench,16
334,2495,2017,starter,42
334,2495,2018,starter,15
334,2495,2019,starter,60
334,2495,2020,starter,48
169,2495,2021,starter,6
169,2495,2022,rotation,44
169,2495,2023,starter,82
169,2495,2024,starter,80
302,2497,2015,bench,41
4,2497,2016,rotation,82
4,2497,2017,bench,34
4,2497,2018,starter,10
4,2497,2019,starter,83
4,2497,2020,rotation,7
4,2497,2021,starter,84
4,2497,2022,starter,22
4,2497,2023,starter,45
4,2497,2024,bench,13
337,2498,2017,starter,49
337,2498,2018,starter,90
337,2498,2019,starter,23
337,2498,2020,rotation,76
317,2498,2021,starter,44
317,2498,2022,starter,12
317,2498,2023,rotation,86
317,2498,2024,bench,36
266,2499,2022,bench,97
150,2499,2023,starter,26
150,2499,2024,starter,3
136,2500,2015,starter,33
136,2500,2016,starter,29
37,2500,2017,starter,89
37,2500,2018,rotation,75
37,2500,2019,starter,47
37,2500,2020,starter,67
37,2500,2021,starter,9
37,2500,2022,bench,74
37,2500,2023,starter,43
218,2500,2024,rotation,61
370,2502,2015,starter,74
370,2502,2016,starter,40
370,2502,2017,bench,98
370,2502,2018,starter,64
370,2502,2019,bench,2
370,2502,2020,starter,86
370,2502,2021,starter,8
370,2502,2022,starter,14
370,2502,2023,starter,18
370,2502,2024,starter,88
314,2503,2015,bench,22
314,2503,2016,bench,72
314,2503,2017,starter,39
314,2503,2018,rotation,96
314,2503,2019,bench,17
107,2503,2020,bench,50
351,2505,2018,bench,11
351,2505,2019,rotation,16
351,2505,2020,rotation,72
351,2505,2021,starter,78
351,2505,2022,bench,3
351,2505,2023,bench,87
351,2505,2024,bench,63
252,2506,2015,starter,88
252,2506,2016,rotation,80
252,2506,2017,starter,72
252,2506,2018,starter,62
252,2506,2019,rotation,10
252,2506,2020,starter,9
252,2506,2021,rotation,70
204,2507,2015,rotation,43
204,2507,2016,starter,3
204,2507,2017,starter,60
204,2507,2018,starter,81
204,2507,2019,rotation,49
204,2507,2020,bench,31
204,2507,2021,rotation,16
204,2507,2022,rotation,69
204,2507,2023,starter,46
204,2507,2024,starter,51
228,2508,2019,rotation,58
299,2508,2020,starter,93
299,2508,2021,rotation,26
299,2508,2022,starter,66
354,2508,2023,starter,59
354,2508,2024,starter,17
312,2509,2019,starter,51
312,2509,2020,starter,92
312,2509,2021,starter,59
312,2509,2022,starter,92
312,2509,2023,starter,11
312,2509,2024,bench,81
276,2511,2015,bench,54
276,2511,2016,rotation,19
276,2511,2017,bench,76
276,2511,2018,rotation,97
276,2511,2019,bench,28
276,2511,2020,bench,17
276,2511,2021,bench,71
276,2511,2022,bench,93
276,2511,2023,starter,83
276,2511,2024,starter,23
184,2512,2015,starter,81
184,2512,2016,rotation,21
184,2512,2017,bench,5
184,2512,2018,starter,51
184,2512,2019,bench,25
184,2512,2020,starter,81
291,2512,2021,rotation,10
291,2512,2022,starter,26
291,2512,2023,rotation,55
291,2512,2024,starter,62
285,2513,2017,starter,30
285,2513,2018,starter,2
285,2513,2019,starter,95
285,2513,2020,starter,53
285,2513,2021,rotation,52
285,2513,2022,starter,55
285,2513,2023,starter,92
285,2513,2024,starter,83
76,2514,2016,starter,80
367,2514,2017,rotation,23
367,2514,2018,starter,14
367,2514,2019,rotation,3
367,2514,2020,starter,59
367,2514,2021,bench,48
367,2514,2022,bench,82
367,2514,2023,rotation,6
349,2514,2024,bench,97
353,2515,2020,starter,55
268,2515,2021,rotation,13
268,2515,2022,starter,52
268,2515,2023,bench,45
268,2515,2024,starter,16
377,2516,2019,starter,64
377,2516,2020,starter,67
377,2516,2021,rotation,90
377,2516,2022,starter,21
377,2516,2023,starter,21
377,2516,2024,bench,8
175,2517,2017,rotation,77
213,2517,2018,starter,44
213,2517,2019,starter,62
213,2517,2020,rotation,93
213,2517,2021,starter,49
213,2517,2022,starter,36
213,2517,2023,starter,59
213,2517,2024,bench,65
359,2518,2022,rotation,2
359,2518,2023,bench,64
359,2518,2024,starter,95
376,2519,2022,starter,69
376,2519,2023,starter,22
229,2519,2024,starter,8
29,2520,2016,starter,87
29,2520,2017,rotation,4
29,2520,2018,starter,92
29,2520,2019,starter,84
29,2520,2020,starter,72
29,2520,2021,starter,67
29,2520,2022,bench,23
29,2520,2023,starter,73
29,2520,2024,rotation,84
131,2521,2017,starter,46
131,2521,2018,starter,16
236,2521,2019,bench,49
236,2521,2020,bench,68
236,2521,2021,rotation,19
236,2521,2022,starter,14
236,2521,2023,starter,86
236,2521,2024,starter,50
251,2522,2020,starter,40
251,2522,2021,starter,38
251,2522,2022,starter,32
342,2522,2023,bench,10
342,2522,2024,starter,63
98,2523,2021,starter,26
98,2523,2022,starter,64
98,2523,2023,starter,68
98,2523,2024,rotation,11
362,2524,2016,starter,32
362,2524,2017,starter,15
362,2524,2018,rotation,4
362,2524,2019,starter,20
362,2524,2020,starter,6
362,2524,2021,rotation,20
362,2524,2022,starter,75
362,2524,2023,bench,60
362,2524,2024,starter,82
293,2525,2015,bench,66
293,2525,2016,starter,94
293,2525,2017,starter,74
293,2525,2018,bench,38
293,2525,2019,starter,20
259,2525,2020,starter,95
335,2525,2021,starter,42
335,2525,2022,bench,95
335,2525,2023,starter,62
335,2525,2024,rotation,48
211,2526,2015,starter,7
211,2526,2016,rotation,34
355,2526,2017,bench,55
355,2526,2018,starter,34
355,2526,2019,rotation,86
355,2526,2020,bench,67
355,2526,2021,starter,13
355,2526,2022,bench,59
345,2526,2023,rotation,17
166,2526,2024,starter,12
101,2528,2017,starter,59
101,2528,2018,rotation,1
101,2528,2019,rotation,16
101,2528,2020,starter,4
101,2528,2021,rotation,39
101,2528,2022,starter,78
101,2528,2023,rotation,36
179,2528,2024,starter,61
149,2529,2015,starter,63
149,2529,2016,bench,81
149,2529,2017,starter,13
149,2529,2018,starter,75
149,2529,2019,starter,83
149,2529,2020,bench,40
149,2529,2021,bench,22
149,2529,2022,starter,76
149,2529,2023,starter,53
149,2529,2024,starter,93
258,2531,2024,starter,65
70,2532,2015,rotation,90
70,2532,2016,starter,54
70,2532,2017,starter,85
70,2532,2018,starter,97
82,2532,2019,bench,10
82,2532,2020,starter,12
82,2532,2021,rotation,18
82,2532,2022,starter,30
82,2532,2023,bench,51
82,2532,2024,bench,32
316,2533,2019,rotation,32
316,2533,2020,starter,26
316,2533,2021,starter,74
316,2533,2022,starter,77
316,2533,2023,starter,58
316,2533,2024,starter,21
42,2534,2015,starter,53
42,2534,2016,rotation,84
42,2534,2017,rotation,78
42,2534,2018,starter,81
42,2534,2019,rotation,58
42,2534,2020,bench,39
42,2534,2021,starter,77
42,2534,2022,starter,42
42,2534,2023,rotation,98
42,2534,2024,bench,32
304,2535,2018,bench,35
304,2535,2019,bench,93
373,2535,2020,starter,3
373,2535,2021,bench,64
373,2535,2022,rotation,19
373,2535,2023,starter,51
373,2535,2024,bench,22
37,2536,2017,starter,83
37,2536,2018,bench,11
37,2536,2019,starter,33
37,2536,2020,rotation,38
37,2536,2021,starter,80
37,2536,2022,rotation,22
37,2536,2023,starter,32
37,2536,2024,bench,21
13,2537,2015,rotation,41
13,2537,2016,starter,60
13,2537,2017,rotation,71
13,2537,2018,rotation,32
13,2537,2019,bench,69
13,2537,2020,rotation,81
313,2537,2021,starter,10
313,2537,2022,starter,77
313,2537,2023,rotation,36
313,2537,2024,rotation,77
131,2538,2015,rotation,35
131,2538,2016,starter,64
262,2538,2017,bench,40
262,2538,2018,starter,44
262,2538,2019,starter,84
262,2538,2020,starter,18
262,2538,2021,rotation,53
262,2538,2022,rotation,71
262,2538,2023,starter,94
262,2538,2024,bench,68
72,2539,2021,starter,53
72,2539,2022,bench,69
72,2539,2023,starter,59
72,2539,2024,starter,8
152,2540,2018,rotation,8
152,2540,2019,starter,93
152,2540,2020,starter,15
152,2540,2021,starter,24
152,2540,2022,rotation,4
152,2540,2023,starter,87
152,2540,2024,starter,27
289,2541,2015,bench,23
324,2541,2016,starter,17
324,2541,2017,starter,18
324,2541,2018,starter,5
193,2541,2019,starter,15
193,2541,2020,starter,93
169,2541,2021,rotation,43
169,2541,2022,starter,90
169,2541,2023,starter,89
169,2541,2024,starter,51
368,2542,2020,starter,80
368,2542,2021,bench,21
368,2542,2022,rotation,84
368,2542,2023,starter,13
368,2542,2024,rotation,45
303,2543,2015,rotation,1
303,2543,2016,starter,90
303,2543,2017,rotation,16
303,2543,2018,starter,9
303,2543,2019,bench,37
303,2543,2020,starter,78
285,2543,2021,starter,75
193,2543,2022,bench,88
193,2543,2023,rotation,31
193,2543,2024,bench,75
371,2544,2015,starter,78
371,2544,2016,starter,76
371,2544,2017,bench,92
371,2544,2018,starter,24
371,2544,2019,starter,68
371,2544,2020,starter,66
371,2544,2021,starter,76
371,2544,2022,starter,98
371,2544,2023,rotation,1
371,2544,2024,starter,5
206,2545,2015,starter,97
206,2545,2016,starter,66
331,2545,2017,starter,45
331,2545,2018,starter,84
331,2545,2019,starter,94
331,2545,2020,starter,72
331,2545,2021,starter,79
331,2545,2022,rotation,25
331,2545,2023,starter,81
331,2545,2024,rotation,39
244,2546,2020,rotation,29
244,2546,2021,bench,11
244,2546,2022,rotation,79
244,2546,2023,rotation,86
244,2546,2024,bench,83
124,2547,2015,bench,29
124,2547,2016,starter,87
124,2547,2017,bench,45
124,2547,2018,rotation,63
124,2547,2019,rotation,41
124,2547,2020,rotation,22
124,2547,2021,starter,65
124,2547,2022,starter,76
291,2547,2023,starter,34
280,2548,2015,rotation,88
280,2548,2016,starter,26
280,2548,2017,starter,73
280,2548,2018,rotation,61
280,2548,2019,rotation,71
280,2548,2020,rotation,49
280,2548,2021,rotation,19
280,2548,2022,starter,49
280,2548,2023,bench,85
280,2548,2024,starter,77
29,2549,2024,bench,19
213,2550,2015,bench,85
213,2550,2016,starter,58
213,2550,2017,bench,95
213,2550,2018,starter,8
213,2550,2019,starter,12
213,2550,2020,rotation,47
213,2550,2021,starter,83
213,2550,2022,starter,1
213,2550,2023,starter,29
213,2550,2024,starter,15
364,2551,2015,starter,43
364,2551,2016,bench,74
364,2551,2017,rotation,12
364,2551,2018,rotation,40
97,2551,2019,starter,57
97,2551,2020,bench,47
97,2551,2021,starter,34
97,2551,2022,bench,93
97,2551,2023,starter,25
97,2551,2024,rotation,29
332,2552,2016,rotation,72
332,2552,2017,starter,20
332,2552,2018,rotation,40
332,2552,2019,starter,61
11,2552,2020,starter,41
11,2552,2021,starter,28
11,2552,2022,starter,32
11,2552,2023,starter,64
11,2552,2024,starter,80
141,2553,2015,starter,78
172,2553,2016,starter,61
172,2553,2017,starter,23
172,2553,2018,starter,39
172,2553,2019,starter,52
270,2553,2020,rotation,42
290,2553,2021,starter,82
345,2553,2022,starter,60
345,2553,2023,rotation,9
349,2553,2024,bench,82
117,2554,2020,starter,55
117,2554,2021,starter,7
117,2554,2022,bench,21
117,2554,2023,starter,52
117,2554,2024,starter,46
82,2555,2015,bench,5
82,2555,2016,starter,37
82,2555,2017,bench,45
82,2555,2018,rotation,20
82,2555,2019,starter,96
82,2555,2020,rotation,43
82,2555,2021,starter,36
82,2555,2022,starter,2
82,2555,2023,bench,80
183,2555,2024,starter,30
307,2556,2015,starter,29
307,2556,2016,starter,84
307,2556,2017,rotation,37
268,2556,2018,starter,12
268,2556,2019,bench,69
268,2556,2020,bench,46
268,2556,2021,rotation,63
268,2556,2022,bench,88
307,2556,2023,rotation,48
307,2556,2024,starter,29
161,2558,2021,starter,6
161,2558,2022,bench,16
161,2558,2023,rotation,96
161,2558,2024,starter,41
232,2559,2019,starter,71
232,2559,2020,starter,18
232,2559,2021,starter,81
232,2559,2022,starter,66
232,2559,2023,starter,62
232,2559,2024,starter,41
196,2561,2022,starter,50
196,2561,2023,starter,71
196,2561,2024,bench,57
89,2562,2015,rotation,63
89,2562,2016,starter,58
89,2562,2017,starter,33
89,2562,2018,rotation,53
227,2562,2019,bench,78
227,2562,2020,starter,86
227,2562,2021,bench,72
227,2562,2022,rotation,4
227,2562,2023,starter,18
227,2562,2024,rotation,1
334,2563,2015,starter,7
334,2563,2016,rotation,96
334,2563,2017,starter,5
334,2563,2018,rotation,90
355,2563,2019,starter,45
355,2563,2020,rotation,97
355,2563,2021,bench,29
355,2563,2022,rotation,97
355,2563,2023,starter,29
355,2563,2024,rotation,44
252,2564,2015,starter,14
252,2564,2016,starter,72
252,2564,2017,starter,38
252,2564,2018,rotation,77
252,2564,2019,rotation,22
252,2564,2020,rotation,32
252,2564,2021,bench,31
362,2565,2015,starter,4
362,2565,2016,bench,44
362,2565,2017,rotation,41
362,2565,2018,starter,11
362,2565,2019,starter,10
362,2565,2020,starter,13
362,2565,2021,starter,24
285,2566,2015,rotation,88
285,2566,2016,starter,19
285,2566,2017,starter,50
285,2566,2018,bench,47
285,2566,2019,starter,84
285,2566,2020,rotation,65
285,2566,2021,starter,87
162,2566,2022,starter,52
162,2566,2023,starter,20
162,2566,2024,starter,83
346,2568,2015,starter,31
346,2568,2016,bench,37
346,2568,2017,starter,83
346,2568,2018,starter,75
346,2568,2019,starter,33
346,2568,2020,starter,16
346,2568,2021,starter,91
346,2568,2022,rotation,68
346,2568,2023,starter,60
346,2568,2024,starter,4
354,2569,2015,bench,54
354,2569,2016,bench,95
354,2569,2017,bench,7
354,2569,2018,starter,71
354,2569,2019,bench,83
354,2569,2020,starter,23
354,2569,2021,starter,8
354,2569,2022,starter,34
42,2569,2023,starter,64
42,2569,2024,bench,13
263,2570,2015,starter,90
263,2570,2016,bench,4
263,2570,2017,starter,46
263,2570,2018,starter,68
146,2570,2019,starter,61
146,2570,2020,starter,6
146,2570,2021,rotation,37
146,2570,2022,rotation,16
146,2570,2023,bench,3
146,2570,2024,starter,19
107,2571,2015,starter,77
249,2571,2016,rotation,22
249,2571,2017,starter,86
249,2571,2018,bench,48
249,2571,2019,rotation,55
249,2571,2020,starter,17
249,2571,2021,bench,81
249,2571,2022,starter,50
249,2571,2023,starter,66
249,2571,2024,rotation,19
220,2572,2015,starter,52
220,2572,2016,bench,21
220,2572,2017,starter,86
220,2572,2018,starter,34
220,2572,2019,rotation,50
220,2572,2020,starter,83
220,2572,2021,starter,13
220,2572,2022,starter,27
220,2572,2023,starter,6
220,2572,2024,starter,18
147,2573,2015,starter,40
100,2573,2016,rotation,30
100,2573,2017,starter,32
100,2573,2018,starter,65
100,2573,2019,rotation,33
100,2573,2020,starter,37
100,2573,2021,rotation,87
100,2573,2022,starter,60
100,2573,2023,bench,40
100,2573,2024,rotation,87
301,2574,2016,starter,52
155,2574,2017,bench,24
155,2574,2018,starter,37
197,2574,2019,starter,18
210,2574,2020,starter,78
210,2574,2021,rotation,65
210,2574,2022,starter,67
210,2574,2023,rotation,52
355,2574,2024,starter,83
120,2575,2015,starter,4
244,2575,2016,rotation,35
244,2575,2017,starter,71
244,2575,2018,starter,59
244,2575,2019,starter,33
244,2575,2020,starter,18
353,2575,2021,starter,39
353,2575,2022,rotation,65
353,2575,2023,starter,52
137,2576,2015,bench,91
137,2576,2016,starter,40
137,2576,2017,starter,34
137,2576,2018,starter,25
137,2576,2019,bench,12
137,2576,2020,starter,94
137,2576,2021,starter,40
137,2576,2022,starter,97
137,2576,2023,bench,40
137,2576,2024,starter,10
278,2577,2023,starter,75
278,2577,2024,bench,30
298,2578,2019,bench,89
298,2578,2020,starter,40
298,2578,2021,starter,38
298,2578,2022,starter,23
298,2578,2023,bench,64
298,2578,2024,rotation,78
355,2579,2019,rotation,50
355,2579,2020,rotation,76
355,2579,2021,rotation,28
355,2579,2022,starter,54
355,2579,2023,starter,96
355,2579,2024,rotation,20
293,2580,2019,starter,64
293,2580,2020,rotation,39
293,2580,2021,starter,3
293,2580,2022,starter,87
293,2580,2023,starter,80
293,2580,2024,rotation,50
363,2581,2015,starter,83
363,2581,2016,starter,7
363,2581,2017,starter,32
363,2581,2018,starter,72
363,2581,2019,starter,14
363,2581,2020,starter,76
98,2581,2021,bench,89
98,2581,2022,starter,7
98,2581,2023,bench,32
98,2581,2024,starter,45
330,2582,2015,rotation,22
330,2582,2016,starter,71
330,2582,2017,starter,80
330,2582,2018,starter,1
330,2582,2019,starter,27
330,2582,2020,rotation,67
330,2582,2021,starter,2
330,2582,2022,starter,18
330,2582,2023,rotation,23
330,2582,2024,starter,26
369,2583,2015,starter,98
369,2583,2016,rotation,54
369,2583,2017,rotation,90
369,2583,2018,starter,54
369,2583,2019,starter,49
369,2583,2020,starter,20
369,2583,2021,bench,16
369,2583,2022,starter,11
369,2583,2023,rotation,88
332,2583,2024,starter,4
267,2584,2015,bench,36
267,2584,2016,starter,74
267,2584,2017,bench,44
151,2584,2018,rotation,45
151,2584,2019,starter,95
151,2584,2020,starter,59
151,2584,2021,starter,5
151,2584,2022,rotation,4
316,2584,2023,bench,98
357,2586,2015,bench,65
357,2586,2016,rotation,53
357,2586,2017,rotation,6
357,2586,2018,bench,49
357,2586,2019,starter,60
357,2586,2020,starter,40
357,2586,2021,bench,33
357,2586,2022,bench,37
357,2586,2023,rotation,52
357,2586,2024,starter,20
5,2587,2020,starter,60
5,2587,2021,starter,74
5,2587,2022,starter,3
5,2587,2023,starter,91
5,2587,2024,starter,55
252,2588,2015,starter,64
252,2588,2016,starter,11
252,2588,2017,starter,78
252,2588,2018,bench,54
314,2588,2019,bench,8
314,2588,2020,starter,58
314,2588,2021,rotation,80
314,2588,2022,rotation,97
319,2588,2023,starter,65
319,2588,2024,starter,91
165,2589,2020,starter,6
165,2589,2021,bench,44
165,2589,2022,rotation,71
165,2589,2023,starter,38
165,2589,2024,starter,9
223,2590,2015,bench,96
223,2590,2016,rotation,10
223,2590,2017,starter,10
223,2590,2018,starter,42
223,2590,2019,rotation,69
223,2590,2020,starter,64
223,2590,2021,starter,74
223,2590,2022,starter,5
223,2590,2023,starter,27
293,2590,2024,starter,50
220,2591,2015,bench,32
220,2591,2016,starter,39
12,2591,2017,rotation,5
12,2591,2018,starter,80
12,2591,2019,bench,26
373,2591,2020,starter,68
373,2591,2021,starter,4
373,2591,2022,rotation,59
373,2591,2023,rotation,64
373,2591,2024,starter,84
152,2592,2016,bench,54
152,2592,2017,rotation,50
152,2592,2018,starter,72
152,2592,2019,starter,21
152,2592,2020,starter,96
152,2592,2021,starter,84
152,2592,2022,bench,33
152,2592,2023,starter,57
152,2592,2024,starter,77
347,2593,2021,starter,23
347,2593,2022,starter,17
347,2593,2023,starter,57
347,2593,2024,rotation,14
346,2594,2015,starter,18
75,2594,2016,starter,60
75,2594,2017,rotation,5
75,2594,2018,starter,33
75,2594,2019,rotation,63
75,2594,2020,starter,47
346,2594,2021,starter,56
346,2594,2022,bench,32
346,2594,2023,starter,11
346,2594,2024,starter,17
307,2595,2015,rotation,95
307,2595,2016,starter,83
256,2595,2017,starter,87
256,2595,2018,starter,18
256,2595,2019,starter,42
256,2595,2020,rotation,34
256,2595,2021,rotation,22
256,2595,2022,starter,60
171,2595,2023,starter,80
164,2596,2020,rotation,39
164,2596,2021,starter,19
164,2596,2022,starter,61
164,2596,2023,starter,89
164,2596,2024,starter,16
171,2597,2016,bench,84
171,2597,2017,starter,48
171,2597,2018,rotation,62
171,2597,2019,starter,22
171,2597,2020,starter,7
171,2597,2021,rotation,41
171,2597,2022,starter,65
171,2597,2023,starter,74
171,2597,2024,rotation,71
106,2598,2024,starter,36
310,2599,2015,bench,94
310,2599,2016,rotation,4
310,2599,2017,starter,74
310,2599,2018,bench,79
310,2599,2019,starter,31
310,2599,2020,starter,4
310,2599,2021,rotation,5
310,2599,2022,starter,70
310,2599,2023,starter,67
310,2599,2024,rotation,50
52,2600,2015,starter,5
366,2600,2016,starter,25
366,2600,2017,bench,13
366,2600,2018,starter,20
366,2600,2019,starter,66
366,2600,2020,starter,70
378,2602,2015,starter,86
378,2602,2016,bench,3
378,2602,2017,starter,47
378,2602,2018,starter,49
378,2602,2019,rotation,6
378,2602,2020,starter,8
378,2602,2021,starter,25
266,2603,2015,starter,48
181,2603,2016,starter,26
154,2603,2017,rotation,65
116,2603,2018,starter,17
116,2603,2019,starter,90
116,2603,2020,starter,38
116,2603,2021,bench,42
116,2603,2022,rotation,47
116,2603,2023,rotation,61
251,2603,2024,rotation,49
362,2604,2015,starter,22
362,2604,2016,starter,37
362,2604,2017,starter,91
362,2604,2018,starter,3
362,2604,2019,bench,45
362,2604,2020,starter,26
362,2604,2021,starter,14
362,2604,2022,starter,35
362,2604,2023,rotation,74
362,2604,2024,rotation,2
261,2605,2022,rotation,62
261,2605,2023,rotation,73
44,2605,2024,starter,51
374,2606,2015,starter,92
374,2606,2016,rotation,48
374,2606,2017,starter,64
374,2606,2018,starter,43
374,2606,2019,starter,27
374,2606,2020,starter,23
374,2606,2021,starter,77
374,2606,2022,starter,28
374,2606,2023,rotation,70
253,2606,2024,starter,41
170,2607,2023,starter,74
170,2607,2024,bench,12
275,2608,2018,starter,1
275,2608,2019,rotation,27
275,2608,2020,starter,40
275,2608,2021,rotation,69
275,2608,2022,starter,29
275,2608,2023,bench,25
275,2608,2024,starter,64
324,2609,2021,rotation,36
324,2609,2022,starter,41
324,2609,2023,starter,8
258,2609,2024,starter,97
333,2610,2015,starter,46
333,2610,2016,rotation,79
333,2610,2017,starter,57
333,2610,2018,starter,79
333,2610,2019,starter,59
333,2610,2020,rotation,96
333,2610,2021,starter,22
19,2610,2022,starter,20
19,2610,2023,starter,70
19,2610,2024,starter,46
319,2611,2015,rotation,10
319,2611,2016,starter,70
319,2611,2017,starter,35
319,2611,2018,rotation,12
319,2611,2019,rotation,58
319,2611,2020,starter,49
319,2611,2021,starter,53
319,2611,2022,rotation,56
319,2611,2023,starter,66
319,2611,2024,starter,18
223,2612,2015,starter,85
223,2612,2016,starter,63
223,2612,2017,starter,50
223,2612,2018,starter,22
223,2612,2019,starter,60
223,2612,2020,bench,87
223,2612,2021,bench,5
223,2612,2022,starter,36
223,2612,2023,starter,64
223,2612,2024,rotation,28
13,2613,2017,bench,1
13,2613,2018,starter,15
13,2613,2019,rotation,91
13,2613,2020,bench,81
13,2613,2021,rotation,27
13,2613,2022,bench,43
13,2613,2023,starter,29
13,2613,2024,starter,70
287,2614,2015,bench,49
287,2614,2016,rotation,70
287,2614,2017,rotation,96
287,2614,2018,starter,89
287,2614,2019,bench,24
287,2614,2020,rotation,74
287,2614,2021,starter,20
287,2614,2022,starter,7
287,2614,2023,starter,64
287,2614,2024,starter,19
323,2615,2019,starter,97
323,2615,2020,bench,91
270,2615,2021,bench,91
270,2615,2022,starter,7
270,2615,2023,starter,24
270,2615,2024,rotation,74
23,2616,2015,rotation,61
188,2616,2016,rotation,22
188,2616,2017,rotation,21
188,2616,2018,starter,34
113,2616,2019,starter,48
113,2616,2020,starter,63
113,2616,2021,starter,68
113,2616,2022,starter,60
113,2616,2023,starter,13
335,2616,2024,starter,43
110,2617,2024,bench,94
320,2618,2015,starter,24
350,2618,2016,starter,55
350,2618,2017,starter,9
350,2618,2018,starter,15
350,2618,2019,bench,84
350,2618,2020,bench,42
350,2618,2021,starter,24
350,2618,2022,rotation,22
350,2618,2023,starter,89
350,2618,2024,starter,4
362,2619,2019,starter,62
362,2619,2020,starter,7
362,2619,2021,bench,45
362,2619,2022,bench,70
309,2619,2023,rotation,25
309,2619,2024,starter,62
194,2620,2018,bench,55
194,2620,2019,starter,9
194,2620,2020,starter,67
194,2620,2021,bench,28
194,2620,2022,rotation,87
364,2620,2023,starter,72
364,2620,2024,rotation,91
39,2621,2016,starter,77
39,2621,2017,starter,10
39,2621,2018,bench,60
39,2621,2019,bench,58
39,2621,2020,rotation,45
39,2621,2021,rotation,8
39,2621,2022,bench,31
39,2621,2023,rotation,28
144,2621,2024,bench,82
156,2622,2017,starter,69
156,2622,2018,starter,2
156,2622,2019,starter,96
156,2622,2020,rotation,17
156,2622,2021,starter,97
156,2622,2022,starter,30
156,2622,2023,rotation,26
156,2622,2024,bench,64
141,2624,2016,starter,65
141,2624,2017,starter,55
141,2624,2018,rotation,41
141,2624,2019,starter,21
141,2624,2020,starter,9
141,2624,2021,starter,59
141,2624,2022,starter,10
141,2624,2023,starter,85
141,2624,2024,rotation,80
153,2625,2018,bench,31
153,2625,2019,starter,37
153,2625,2020,starter,36
153,2625,2021,rotation,51
153,2625,2022,starter,64
153,2625,2023,rotation,63
153,2625,2024,rotation,53
165,2626,2015,starter,38
165,2626,2016,bench,90
165,2626,2017,starter,35
307,2626,2018,starter,18
307,2626,2019,rotation,38
307,2626,2020,rotation,77
309,2626,2021,bench,87
309,2626,2022,bench,62
309,2626,2023,starter,97
309,2626,2024,rotation,97
362,2627,2019,starter,27
362,2627,2020,starter,74
362,2627,2021,starter,19
362,2627,2022,rotation,30
238,2627,2023,starter,21
238,2627,2024,starter,93
205,2629,2015,starter,39
205,2629,2016,starter,13
205,2629,2017,bench,42
205,2629,2018,starter,2
205,2629,2019,rotation,41
205,2629,2020,starter,45
205,2629,2021,rotation,40
205,2629,2022,rotation,36
205,2629,2023,starter,32
205,2629,2024,starter,72
304,2631,2022,rotation,73
304,2631,2023,bench,26
304,2631,2024,starter,40
82,2632,2015,rotation,10
335,2632,2016,rotation,22
335,2632,2017,bench,44
335,2632,2018,starter,80
335,2632,2019,rotation,56
335,2632,2020,starter,81
335,2632,2021,starter,73
335,2632,2022,starter,59
335,2632,2023,rotation,23
335,2632,2024,bench,38
181,2633,2016,bench,88
181,2633,2017,rotation,17
181,2633,2018,rotation,10
181,2633,2019,starter,39
181,2633,2020,rotation,68
181,2633,2021,starter,88
181,2633,2022,starter,70
181,2633,2023,starter,56
181,2633,2024,starter,87
175,2634,2015,starter,64
175,2634,2016,starter,28
175,2634,2017,starter,63
175,2634,2018,starter,79
175,2634,2019,starter,73
175,2634,2020,starter,89
175,2634,2021,starter,21
175,2634,2022,bench,97
175,2634,2023,starter,7
266,2634,2024,rotation,37
360,2635,2015,rotation,90
360,2635,2016,starter,80
360,2635,2017,bench,52
360,2635,2018,starter,25
360,2635,2019,rotation,94
360,2635,2020,starter,82
360,2635,2021,starter,49
360,2635,2022,starter,60
360,2635,2023,rotation,39
36,2636,2021,starter,78
109,2636,2022,rotation,43
109,2636,2023,starter,26
109,2636,2024,starter,80
350,2637,2015,bench,29
350,2637,2016,bench,76
369,2637,2017,starter,83
369,2637,2018,rotation,38
369,2637,2019,starter,67
369,2637,2020,rotation,3
369,2637,2021,bench,50
350,2637,2022,starter,71
168,2637,2023,starter,87
145,2638,2015,starter,79
145,2638,2016,bench,69
145,2638,2017,starter,38
145,2638,2018,bench,62
283,2638,2019,starter,87
283,2638,2020,starter,6
283,2638,2021,rotation,48
283,2638,2022,starter,52
283,2638,2023,rotation,9
283,2638,2024,starter,57
274,2639,2015,rotation,18
274,2639,2016,starter,11
274,2639,2017,bench,88
274,2639,2018,rotation,62
274,2639,2019,rotation,72
274,2639,2020,rotation,15
274,2639,2021,bench,10
274,2639,2022,starter,24
371,2640,2015,bench,67
371,2640,2016,starter,10
371,2640,2017,starter,22
371,2640,2018,starter,14
371,2640,2019,starter,21
371,2640,2020,starter,15
371,2640,2021,starter,70
371,2640,2022,bench,28
371,2640,2023,rotation,50
371,2640,2024,starter,6
180,2641,2022,starter,24
180,2641,2023,starter,92
180,2641,2024,starter,34
104,2642,2017,starter,32
104,2642,2018,starter,96
104,2642,2019,bench,70
104,2642,2020,rotation,58
104,2642,2021,starter,72
104,2642,2022,rotation,50
104,2642,2023,bench,61
104,2642,2024,bench,96
376,2643,2019,starter,72
376,2643,2020,bench,18
376,2643,2021,bench,90
376,2643,2022,rotation,56
376,2643,2023,starter,55
376,2643,2024,rotation,45
322,2644,2015,rotation,14
322,2644,2016,rotation,11
322,2644,2017,starter,14
322,2644,2018,rotation,67
322,2644,2019,starter,21
263,2645,2015,starter,74
263,2645,2016,starter,31
263,2645,2017,bench,51
263,2645,2018,starter,34
263,2645,2019,rotation,34
263,2645,2020,rotation,6
263,2645,2021,rotation,10
263,2645,2022,rotation,80
263,2645,2023,starter,79
263,2645,2024,starter,21
125,2646,2015,starter,95
125,2646,2016,starter,86
125,2646,2017,rotation,27
125,2646,2018,starter,37
125,2646,2019,starter,34
125,2646,2020,bench,87
125,2646,2021,rotation,35
125,2646,2022,starter,12
125,2646,2023,bench,87
125,2646,2024,bench,5
210,2647,2024,starter,76
15,2648,2015,rotation,29
121,2648,2016,bench,92
121,2648,2017,starter,15
121,2648,2018,starter,29
121,2648,2019,starter,20
121,2648,2020,bench,28
121,2648,2021,starter,78
121,2648,2022,starter,45
121,2648,2023,rotation,47
121,2648,2024,rotation,84
279,2649,2020,rotation,9
279,2649,2021,starter,96
279,2649,2022,bench,32
279,2649,2023,starter,21
279,2649,2024,starter,54
176,2650,2015,rotation,88
355,2650,2016,starter,63
355,2650,2017,starter,19
355,2650,2018,starter,74
355,2650,2019,starter,43
355,2650,2020,rotation,71
355,2650,2021,starter,49
355,2650,2022,bench,48
379,2650,2023,rotation,86
379,2650,2024,starter,19
54,2651,2016,starter,95
54,2651,2017,starter,79
54,2651,2018,starter,23
54,2651,2019,rotation,54
54,2651,2020,starter,88
54,2651,2021,bench,2
54,2651,2022,rotation,60
54,2651,2023,rotation,93
54,2651,2024,bench,70
339,2653,2018,starter,6
339,2653,2019,starter,44
339,2653,2020,starter,12
250,2653,2021,starter,34
250,2653,2022,starter,67
250,2653,2023,starter,10
250,2653,2024,starter,44
1,2655,2015,starter,65
1,2655,2016,starter,59
1,2655,2017,bench,54
1,2655,2018,bench,71
1,2655,2019,bench,81
1,2655,2020,starter,96
1,2655,2021,starter,68
1,2655,2022,rotation,75
1,2655,2023,starter,47
1,2655,2024,rotation,51
368,2657,2015,starter,88
368,2657,2016,starter,47
368,2657,2017,starter,8
368,2657,2018,starter,24
368,2657,2019,bench,35
368,2657,2020,rotation,7
368,2657,2021,starter,1
368,2657,2022,starter,52
368,2657,2023,starter,97
368,2657,2024,bench,42
55,2658,2024,starter,72
356,2659,2015,starter,79
356,2659,2016,bench,59
200,2659,2017,rotation,31
200,2659,2018,bench,79
200,2659,2019,bench,76
200,2659,2020,bench,75
200,2659,2021,starter,36
200,2659,2022,starter,73
332,2660,2022,bench,51
332,2660,2023,rotation,22
332,2660,2024,starter,47
276,2661,2015,starter,55
276,2661,2016,starter,12
276,2661,2017,bench,64
276,2661,2018,starter,36
276,2661,2019,starter,45
276,2661,2020,starter,91
276,2661,2021,bench,34
276,2661,2022,starter,82
276,2661,2023,rotation,18
276,2661,2024,starter,97
363,2663,2023,starter,84
363,2663,2024,starter,3
22,2664,2015,starter,12
22,2664,2016,starter,87
22,2664,2017,starter,67
22,2664,2018,rotation,4
22,2664,2019,rotation,2
22,2664,2020,rotation,81
22,2664,2021,rotation,59
16,2664,2022,starter,44
16,2664,2023,starter,3
16,2664,2024,bench,89
251,2665,2015,rotation,18
251,2665,2016,starter,26
251,2665,2017,rotation,27
251,2665,2018,starter,68
251,2665,2019,rotation,41
251,2665,2020,starter,93
251,2665,2021,bench,86
251,2665,2022,starter,82
251,2665,2023,starter,8
142,2666,2020,bench,61
142,2666,2021,starter,60
142,2666,2022,starter,6
142,2666,2023,rotation,95
142,2666,2024,bench,75
371,2667,2015,starter,20
371,2667,2016,starter,35
371,2667,2017,starter,8
371,2667,2018,starter,44
371,2667,2019,starter,26
371,2667,2020,rotation,20
371,2667,2021,rotation,29
371,2667,2022,starter,86
371,2667,2023,bench,89
120,2668,2024,starter,54
325,2669,2015,starter,57
325,2669,2016,starter,65
325,2669,2017,rotation,68
80,2669,2018,starter,34
80,2669,2019,starter,84
80,2669,2020,starter,56
80,2669,2021,starter,80
80,2669,2022,rotation,16
80,2669,2023,bench,85
220,2670,2017,starter,74
220,2670,2018,starter,41
220,2670,2019,starter,56
220,2670,2020,starter,21
346,2670,2021,bench,84
346,2670,2022,starter,58
346,2670,2023,starter,33
346,2670,2024,starter,4
172,2671,2024,rotation,50
338,2672,2016,starter,57
371,2672,2017,bench,18
371,2672,2018,rotation,20
371,2672,2019,bench,80
371,2672,2020,starter,79
13,2672,2021,starter,28
13,2672,2022,rotation,72
13,2672,2023,rotation,82
13,2672,2024,starter,68
190,2673,2017,starter,25
190,2673,2018,starter,57
190,2673,2019,rotation,53
190,2673,2020,rotation,42
190,2673,2021,starter,4
190,2673,2022,rotation,6
190,2673,2023,starter,91
190,2673,2024,starter,21
323,2675,2023,bench,22
323,2675,2024,rotation,45
303,2676,2015,starter,10
303,2676,2016,starter,39
303,2676,2017,starter,11
303,2676,2018,bench,89
303,2676,2019,starter,44
303,2676,2020,starter,52
303,2676,2021,starter,29
303,2676,2022,starter,38
303,2676,2023,bench,82
303,2676,2024,starter,41
351,2677,2020,rotation,72
351,2677,2021,rotation,35
371,2677,2022,rotation,75
371,2677,2023,starter,85
371,2677,2024,starter,46
340,2680,2015,starter,18
155,2680,2016,starter,11
155,2680,2017,bench,71
155,2680,2018,rotation,2
196,2680,2019,bench,88
196,2680,2020,starter,27
196,2680,2021,rotation,54
196,2680,2022,starter,33
196,2680,2023,starter,57
196,2680,2024,bench,64
202,2681,2022,rotation,19
202,2681,2023,starter,49
202,2681,2024,rotation,30
330,2682,2015,starter,86
330,2682,2016,bench,93
330,2682,2017,starter,12
330,2682,2018,starter,29
330,2682,2019,rotation,59
330,2682,2020,starter,96
330,2682,2021,bench,4
330,2682,2022,bench,41
330,2682,2023,starter,32
330,2682,2024,starter,45
167,2685,2017,starter,1
271,2685,2018,rotation,57
232,2685,2019,rotation,54
232,2685,2020,rotation,69
232,2685,2021,starter,30
232,2685,2022,starter,11
92,2685,2023,starter,59
92,2685,2024,starter,35
86,2686,2019,rotation,92
121,2686,2020,bench,96
121,2686,2021,starter,82
121,2686,2022,starter,26
121,2686,2023,bench,23
121,2686,2024,rotation,2
312,2687,2020,starter,3
312,2687,2021,starter,60
312,2687,2022,starter,60
312,2687,2023,rotation,87
312,2687,2024,starter,57
232,2688,2015,starter,23
232,2688,2016,bench,4
232,2688,2017,bench,47
232,2688,2018,bench,69
232,2688,2019,starter,21
232,2688,2020,starter,95
232,2688,2021,starter,96
232,2688,2022,rotation,33
232,2688,2023,rotation,87
232,2688,2024,starter,84
208,2689,2015,rotation,63
208,2689,2016,starter,20
208,2689,2017,starter,21
208,2689,2018,starter,71
208,2689,2019,rotation,68
208,2689,2020,starter,2
208,2689,2021,bench,19
94,2689,2022,bench,5
94,2689,2023,bench,61
94,2689,2024,starter,82
368,2690,2015,starter,2
368,2690,2016,starter,17
368,2690,2017,starter,88
368,2690,2018,starter,43
26,2690,2019,bench,36
137,2690,2020,bench,47
234,2690,2021,starter,69
234,2690,2022,rotation,73
234,2690,2023,starter,73
234,2690,2024,rotation,63
125,2691,2018,starter,91
1,2691,2019,starter,44
1,2691,2020,starter,14
1,2691,2021,rotation,68
1,2691,2022,starter,37
1,2691,2023,rotation,55
1,2691,2024,rotation,14
371,2692,2018,starter,53
376,2692,2019,bench,17
376,2692,2020,starter,90
376,2692,2021,bench,3
376,2692,2022,starter,57
376,2692,2023,bench,36
376,2692,2024,rotation,20
17,2693,2015,bench,3
17,2693,2016,starter,45
17,2693,2017,rotation,90
17,2693,2018,rotation,76
17,2693,2019,bench,48
17,2693,2020,starter,7
17,2693,2021,bench,79
17,2693,2022,starter,40
362,2694,2015,starter,52
362,2694,2016,starter,26
362,2694,2017,starter,64
362,2694,2018,starter,29
362,2694,2019,rotation,23
362,2694,2020,starter,68
362,2694,2021,starter,55
362,2694,2022,starter,58
362,2694,2023,starter,84
15,2694,2024,starter,41
208,2695,2015,rotation,14
208,2695,2016,starter,37
208,2695,2017,starter,12
208,2695,2018,bench,74
208,2695,2019,starter,13
208,2695,2020,rotation,69
208,2695,2021,bench,92
208,2695,2022,bench,4
208,2695,2023,starter,67
208,2695,2024,starter,71
307,2696,2016,bench,42
343,2696,2017,starter,23
343,2696,2018,starter,90
375,2696,2019,bench,13
198,2696,2020,starter,35
198,2696,2021,rotation,91
198,2696,2022,bench,84
198,2696,2023,bench,63
292,2696,2024,starter,96
131,2697,2015,starter,10
131,2697,2016,rotation,15
131,2697,2017,rotation,20
131,2697,2018,rotation,79
367,2697,2019,starter,29
367,2697,2020,starter,44
367,2697,2021,starter,73
367,2697,2022,bench,97
367,2697,2023,starter,31
135,2697,2024,rotation,77
328,2698,2021,starter,49
328,2698,2022,bench,37
328,2698,2023,starter,39
361,2698,2024,bench,53
262,2699,2015,bench,52
262,2699,2016,starter,37
262,2699,2017,starter,56
262,2699,2018,starter,56
262,2699,2019,starter,28
262,2699,2020,rotation,45
262,2699,2021,starter,84
262,2699,2022,starter,73
262,2699,2023,rotation,91
262,2699,2024,starter,11
315,2700,2015,starter,28
30,2700,2016,starter,12
30,2700,2017,starter,15
30,2700,2018,rotation,92
30,2700,2019,bench,66
30,2700,2020,starter,12
30,2700,2021,bench,90
30,2700,2022,starter,94
30,2700,2023,rotation,45
210,2700,2024,bench,39
247,2701,2018,bench,81
247,2701,2019,starter,45
247,2701,2020,rotation,46
240,2701,2021,starter,98
240,2701,2022,bench,82
240,2701,2023,starter,15
240,2701,2024,starter,50
127,2702,2019,rotation,39
127,2702,2020,rotation,96
171,2702,2021,starter,69
314,2702,2022,starter,84
132,2702,2023,starter,32
132,2702,2024,starter,91
213,2703,2021,bench,4
213,2703,2022,rotation,73
213,2703,2023,bench,88
324,2703,2024,rotation,32
5,2704,2015,rotation,71
5,2704,2016,starter,7
5,2704,2017,starter,43
5,2704,2018,starter,56
5,2704,2019,starter,4
201,2704,2020,bench,2
201,2704,2021,starter,30
201,2704,2022,bench,8
183,2705,2015,bench,69
183,2705,2016,starter,58
183,2705,2017,starter,92
183,2705,2018,rotation,62
183,2705,2019,starter,49
183,2705,2020,starter,37
183,2705,2021,starter,48
183,2705,2022,starter,40
183,2705,2023,starter,58
183,2705,2024,starter,51
94,2706,2020,starter,8
94,2706,2021,rotation,55
94,2706,2022,starter,12
94,2706,2023,starter,61
94,2706,2024,starter,49
367,2707,2023,rotation,91
367,2707,2024,bench,83
337,2708,2015,rotation,38
337,2708,2016,rotation,80
337,2708,2017,starter,85
337,2708,2018,starter,64
337,2708,2019,bench,94
337,2708,2020,rotation,60
359,2708,2021,bench,21
359,2708,2022,rotation,63
359,2708,2023,starter,97
359,2708,2024,starter,28
247,2709,2015,starter,72
247,2709,2016,bench,55
26,2709,2017,starter,29
26,2709,2018,bench,49
26,2709,2019,starter,10
317,2709,2020,starter,31
317,2709,2021,starter,84
317,2709,2022,rotation,49
317,2709,2023,starter,42
317,2709,2024,bench,85
290,2710,2020,starter,79
290,2710,2021,starter,51
290,2710,2022,starter,9
290,2710,2023,rotation,48
290,2710,2024,starter,44
313,2711,2024,starter,83
161,2712,2017,starter,37
161,2712,2018,starter,43
206,2712,2019,rotation,12
206,2712,2020,starter,19
206,2712,2021,starter,14
206,2712,2022,rotation,40
206,2712,2023,bench,87
206,2712,2024,bench,88
187,2713,2022,bench,68
187,2713,2023,bench,30
187,2713,2024,starter,92
350,2714,2015,starter,27
350,2714,2016,starter,73
350,2714,2017,starter,17
350,2714,2018,rotation,75
350,2714,2019,bench,80
350,2714,2020,bench,54
350,2714,2021,rotation,48
350,2714,2022,starter,50
350,2714,2023,starter,35
213,2714,2024,bench,36
190,2715,2023,starter,70
200,2715,2024,rotation,75
5,2716,2015,starter,93
5,2716,2016,rotation,82
5,2716,2017,starter,34
5,2716,2018,rotation,15
348,2716,2019,bench,9
348,2716,2020,starter,53
348,2716,2021,starter,67
348,2716,2022,starter,84
95,2717,2015,bench,64
95,2717,2016,rotation,11
95,2717,2017,bench,9
95,2717,2018,starter,63
95,2717,2019,starter,3
214,2717,2020,starter,63
214,2717,2021,rotation,45
366,2717,2022,bench,51
44,2719,2015,rotation,21
44,2719,2016,rotation,60
44,2719,2017,starter,45
44,2719,2018,rotation,13
44,2719,2019,bench,70
44,2719,2020,rotation,85
44,2719,2021,starter,88
44,2719,2022,starter,45
44,2719,2023,starter,18
44,2719,2024,bench,2
317,2721,2022,starter,97
317,2721,2023,starter,82
317,2721,2024,starter,39
239,2722,2022,starter,85
239,2722,2023,starter,73
304,2722,2024,starter,80
361,2723,2018,rotation,59
361,2723,2019,starter,95
361,2723,2020,starter,2
361,2723,2021,starter,42
361,2723,2022,starter,97
361,2723,2023,starter,41
361,2723,2024,starter,15
223,2724,2020,rotation,97
223,2724,2021,starter,66
223,2724,2022,bench,70
369,2724,2023,starter,23
369,2724,2024,rotation,17
267,2725,2015,bench,70
267,2725,2016,bench,26
267,2725,2017,starter,56
267,2725,2018,starter,46
267,2725,2019,starter,56
267,2725,2020,rotation,3
267,2725,2021,starter,54
267,2725,2022,bench,30
267,2725,2023,starter,15
267,2725,2024,bench,15
263,2726,2017,starter,43
263,2726,2018,rotation,84
263,2726,2019,starter,32
81,2726,2020,rotation,33
81,2726,2021,starter,80
81,2726,2022,rotation,33
81,2726,2023,starter,57
81,2726,2024,starter,76
50,2727,2015,starter,62
50,2727,2016,starter,42
50,2727,2017,bench,85
50,2727,2018,bench,57
75,2727,2019,rotation,17
75,2727,2020,starter,4
370,2727,2021,bench,79
370,2727,2022,rotation,18
370,2727,2023,bench,21
370,2727,2024,rotation,44
356,2728,2015,rotation,13
314,2728,2016,starter,21
343,2728,2017,rotation,37
343,2728,2018,bench,77
343,2728,2019,starter,26
343,2728,2020,starter,80
343,2728,2021,starter,36
343,2728,2022,starter,77
343,2728,2023,starter,48
343,2728,2024,starter,79
82,2729,2015,rotation,97
82,2729,2016,rotation,83
82,2729,2017,rotation,31
287,2729,2018,starter,11
287,2729,2019,starter,7
287,2729,2020,starter,30
209,2729,2021,starter,80
209,2729,2022,starter,24
209,2729,2023,rotation,69
95,2730,2018,starter,70
142,2730,2019,starter,41
142,2730,2020,starter,94
142,2730,2021,starter,7
142,2730,2022,starter,23
142,2730,2023,starter,49
142,2730,2024,bench,90
291,2731,2020,starter,9
291,2731,2021,starter,26
291,2731,2022,starter,2
291,2731,2023,starter,20
173,2731,2024,rotation,61
109,2732,2017,starter,16
109,2732,2018,rotation,87
109,2732,2019,starter,49
109,2732,2020,starter,27
109,2732,2021,starter,67
109,2732,2022,starter,72
109,2732,2023,rotation,10
109,2732,2024,bench,84
222,2733,2015,starter,19
222,2733,2016,starter,97
150,2733,2017,starter,33
150,2733,2018,starter,34
150,2733,2019,rotation,70
14,2734,2015,rotation,10
14,2734,2016,starter,84
14,2734,2017,starter,90
305,2734,2018,starter,74
305,2734,2019,bench,52
305,2734,2020,starter,41
305,2734,2021,rotation,50
305,2734,2022,starter,65
144,2734,2023,starter,27
144,2734,2024,starter,49
372,2735,2015,starter,18
372,2735,2016,rotation,13
372,2735,2017,starter,91
372,2735,2018,starter,19
372,2735,2019,starter,14
372,2735,2020,starter,19
372,2735,2021,rotation,46
372,2735,2022,rotation,2
372,2735,2023,rotation,89
372,2735,2024,starter,71
82,2736,2016,starter,57
82,2736,2017,starter,91
82,2736,2018,starter,42
82,2736,2019,bench,87
82,2736,2020,starter,42
186,2736,2021,starter,47
186,2736,2022,rotation,44
186,2736,2023,starter,72
186,2736,2024,starter,23
346,2738,2019,starter,44
346,2738,2020,starter,76
346,2738,2021,bench,88
346,2738,2022,bench,66
192,2738,2023,starter,30
192,2738,2024,bench,98
183,2740,2023,starter,68
183,2740,2024,rotation,48
271,2741,2015,starter,32
271,2741,2016,starter,78
271,2741,2017,rotation,5
271,2741,2018,rotation,78
271,2741,2019,bench,11
84,2741,2020,rotation,54
84,2741,2021,bench,33
84,2741,2022,rotation,17
84,2741,2023,starter,6
84,2741,2024,bench,88
367,2742,2019,starter,75
367,2742,2020,starter,7
177,2742,2021,starter,72
177,2742,2022,starter,8
177,2742,2023,starter,84
177,2742,2024,starter,15
141,2744,2019,rotation,63
141,2744,2020,bench,28
159,2744,2021,starter,58
159,2744,2022,rotation,71
159,2744,2023,starter,93
159,2744,2024,rotation,35
332,2746,2018,starter,63
332,2746,2019,rotation,85
332,2746,2020,rotation,49
332,2746,2021,starter,76
54,2746,2022,starter,28
54,2746,2023,starter,39
54,2746,2024,starter,63
109,2747,2015,rotation,53
109,2747,2016,bench,13
109,2747,2017,bench,50
109,2747,2018,bench,80
109,2747,2019,starter,62
109,2747,2020,rotation,52
109,2747,2021,starter,39
155,2747,2022,starter,44
155,2747,2023,starter,60
155,2747,2024,rotation,21
197,2748,2015,rotation,3
197,2748,2016,starter,61
197,2748,2017,starter,40
197,2748,2018,starter,19
197,2748,2019,bench,14
197,2748,2020,starter,88
197,2748,2021,starter,8
197,2748,2022,starter,3
197,2748,2023,rotation,1
197,2748,2024,rotation,42
240,2749,2015,starter,8
240,2749,2016,bench,16
240,2749,2017,starter,66
240,2749,2018,rotation,2
229,2749,2019,rotation,93
229,2749,2020,starter,57
229,2749,2021,starter,81
229,2749,2022,rotation,18
359,2749,2023,bench,30
359,2749,2024,rotation,33
354,2750,2015,starter,88
111,2750,2016,starter,77
111,2750,2017,starter,61
111,2750,2018,bench,84
111,2750,2019,starter,12
111,2750,2020,rotation,11
111,2750,2021,starter,87
111,2750,2022,starter,64
187,2752,2023,rotation,60
187,2752,2024,starter,33
41,2753,2018,rotation,19
41,2753,2019,rotation,21
41,2753,2020,starter,50
41,2753,2021,rotation,30
41,2753,2022,rotation,86
41,2753,2023,starter,87
41,2753,2024,starter,44
206,2754,2017,rotation,3
206,2754,2018,starter,52
70,2754,2019,starter,94
70,2754,2020,starter,51
70,2754,2021,starter,93
70,2754,2022,starter,82
298,2754,2023,rotation,70
298,2754,2024,starter,76
202,2756,2023,bench,33
227,2756,2024,starter,92
115,2757,2015,starter,38
115,2757,2016,starter,86
115,2757,2017,starter,10
115,2757,2018,starter,16
115,2757,2019,starter,90
115,2757,2020,bench,29
230,2757,2021,starter,55
230,2757,2022,starter,89
230,2757,2023,starter,56
230,2757,2024,starter,82
370,2758,2015,bench,3
370,2758,2016,starter,80
370,2758,2017,starter,33
355,2758,2018,rotation,41
355,2758,2019,bench,87
355,2758,2020,rotation,27
355,2758,2021,bench,76
355,2758,2022,starter,30
355,2758,2023,starter,58
355,2758,2024,rotation,5
118,2759,2015,rotation,85
118,2759,2016,rotation,58
118,2759,2017,bench,63
118,2759,2018,starter,42
118,2759,2019,rotation,82
118,2759,2020,bench,90
118,2759,2021,rotation,95
118,2759,2022,starter,75
118,2759,2023,starter,72
118,2759,2024,starter,37
220,2760,2019,starter,71
220,2760,2020,rotation,32
220,2760,2021,starter,69
377,2760,2022,starter,25
377,2760,2023,rotation,68
377,2760,2024,starter,88
311,2761,2015,rotation,94
311,2761,2016,starter,42
311,2761,2017,rotation,23
348,2761,2018,starter,87
348,2761,2019,starter,7
348,2761,2020,starter,83
348,2761,2021,starter,46
348,2761,2022,rotation,6
348,2761,2023,bench,75
348,2761,2024,rotation,88
146,2762,2015,rotation,82
146,2762,2016,starter,5
146,2762,2017,rotation,60
146,2762,2018,rotation,71
146,2762,2019,bench,81
146,2762,2020,starter,43
146,2762,2021,starter,44
327,2762,2022,starter,85
327,2762,2023,starter,45
327,2762,2024,starter,17
154,2763,2015,starter,38
154,2763,2016,starter,30
154,2763,2017,starter,49
154,2763,2018,starter,74
154,2763,2019,bench,9
154,2763,2020,starter,97
207,2763,2021,starter,92
207,2763,2022,rotation,55
70,2764,2020,bench,6
70,2764,2021,starter,77
70,2764,2022,starter,63
70,2764,2023,starter,87
70,2764,2024,rotation,13
351,2766,2015,rotation,12
351,2766,2016,rotation,94
300,2766,2017,starter,95
300,2766,2018,starter,35
300,2766,2019,starter,65
300,2766,2020,starter,68
300,2766,2021,starter,27
300,2766,2022,starter,91
209,2767,2015,starter,8
209,2767,2016,bench,3
209,2767,2017,starter,91
209,2767,2018,starter,30
209,2767,2019,rotation,27
97,2767,2020,bench,18
97,2767,2021,rotation,92
97,2767,2022,starter,87
97,2767,2023,starter,29
97,2767,2024,starter,67
180,2768,2015,starter,57
180,2768,2016,rotation,33
180,2768,2017,starter,73
180,2768,2018,starter,9
180,2768,2019,starter,46
180,2768,2020,rotation,31
180,2768,2021,starter,91
180,2768,2022,rotation,11
180,2768,2023,starter,95
180,2768,2024,starter,29
168,2769,2018,starter,6
168,2769,2019,starter,20
168,2769,2020,rotation,46
168,2769,2021,rotation,18
168,2769,2022,rotation,68
168,2769,2023,starter,77
2,2769,2024,rotation,78
358,2770,2015,rotation,40
358,2770,2016,starter,93
358,2770,2017,starter,70
249,2770,2018,starter,75
249,2770,2019,rotation,41
249,2770,2020,starter,90
249,2770,2021,bench,85
249,2770,2022,starter,19
249,2770,2023,starter,74
249,2770,2024,starter,17
322,2771,2024,starter,85
330,2772,2015,starter,37
330,2772,2016,starter,65
330,2772,2017,starter,36
330,2772,2018,rotation,65
330,2772,2019,rotation,14
330,2772,2020,starter,86
170,2772,2021,rotation,47
170,2772,2022,bench,61
318,2772,2023,starter,37
318,2772,2024,starter,21
348,2773,2015,rotation,29
348,2773,2016,rotation,18
348,2773,2017,starter,98
348,2773,2018,starter,53
348,2773,2019,rotation,91
348,2773,2020,bench,83
348,2773,2021,rotation,20
348,2773,2022,bench,27
348,2773,2023,starter,23
348,2773,2024,starter,70
25,2774,2016,starter,95
25,2774,2017,starter,21
35,2774,2018,starter,23
35,2774,2019,rotation,44
35,2774,2020,rotation,41
35,2774,2021,starter,86
244,2774,2022,bench,48
244,2774,2023,bench,75
244,2774,2024,rotation,37
176,2775,2023,rotation,68
176,2775,2024,rotation,72
366,2776,2015,starter,40
366,2776,2016,starter,56
366,2776,2017,bench,55
366,2776,2018,starter,95
366,2776,2019,starter,45
366,2776,2020,starter,1
366,2776,2021,starter,9
366,2776,2022,starter,22
366,2776,2023,starter,26
361,2777,2017,rotation,33
361,2777,2018,starter,13
361,2777,2019,starter,65
361,2777,2020,starter,25
361,2777,2021,starter,73
361,2777,2022,bench,42
149,2777,2023,rotation,35
149,2777,2024,starter,88
212,2778,2015,starter,81
212,2778,2016,starter,30
212,2778,2017,starter,75
212,2778,2018,bench,35
212,2778,2019,starter,33
184,2779,2018,starter,29
184,2779,2019,rotation,40
184,2779,2020,starter,70
184,2779,2021,starter,37
158,2779,2022,rotation,32
268,2779,2023,rotation,90
268,2779,2024,rotation,15
220,2780,2016,bench,62
220,2780,2017,bench,89
257,2780,2018,rotation,52
257,2780,2019,rotation,81
257,2780,2020,bench,85
257,2780,2021,bench,30
257,2780,2022,bench,49
257,2780,2023,starter,62
257,2780,2024,bench,62
56,2781,2016,bench,92
56,2781,2017,starter,39
56,2781,2018,starter,53
56,2781,2019,rotation,34
56,2781,2020,starter,62
56,2781,2021,starter,59
56,2781,2022,starter,12
56,2781,2023,rotation,36
299,2781,2024,starter,28
297,2782,2024,starter,20
296,2783,2021,rotation,64
296,2783,2022,starter,29
177,2783,2023,starter,58
177,2783,2024,starter,15
53,2785,2023,starter,98
53,2785,2024,starter,49
261,2786,2015,starter,39
261,2786,2016,bench,92
261,2786,2017,starter,97
261,2786,2018,starter,48
261,2786,2019,starter,91
103,2788,2023,starter,54
103,2788,2024,rotation,98
12,2789,2022,rotation,38
12,2789,2023,starter,52
12,2789,2024,starter,12
129,2790,2022,bench,84
129,2790,2023,bench,90
129,2790,2024,starter,8
329,2792,2015,starter,8
339,2792,2016,bench,82
339,2792,2017,bench,76
339,2792,2018,starter,55
339,2792,2019,starter,55
221,2793,2016,starter,81
221,2793,2017,starter,55
221,2793,2018,starter,58
221,2793,2019,starter,55
102,2793,2020,rotation,20
102,2793,2021,rotation,96
102,2793,2022,rotation,26
102,2793,2023,starter,35
102,2793,2024,bench,77
362,2794,2024,starter,58
379,2795,2015,rotation,76
379,2795,2016,bench,51
74,2795,2017,starter,13
74,2795,2018,starter,19
74,2795,2019,starter,79
74,2795,2020,bench,57
74,2795,2021,starter,78
74,2795,2022,rotation,14
74,2795,2023,starter,52
74,2795,2024,starter,39
75,2796,2022,starter,77
75,2796,2023,rotation,34
75,2796,2024,bench,4
354,2797,2024,starter,38
324,2798,2015,starter,65
324,2798,2016,rotation,37
304,2798,2017,rotation,87
312,2798,2018,rotation,2
312,2798,2019,starter,78
312,2798,2020,bench,49
205,2798,2021,starter,89
205,2798,2022,bench,51
205,2798,2023,starter,38
205,2798,2024,starter,47
354,2799,2015,bench,42
110,2799,2016,starter,68
319,2799,2017,starter,28
319,2799,2018,rotation,71
118,2799,2019,rotation,17
118,2799,2020,rotation,25
118,2799,2021,starter,49
118,2799,2022,bench,92
118,2799,2023,rotation,15
118,2799,2024,starter,7
141,2800,2015,starter,23
218,2800,2016,starter,53
218,2800,2017,bench,87
218,2800,2018,rotation,6
145,2800,2019,starter,70
145,2800,2020,rotation,57
145,2800,2021,starter,54
145,2800,2022,starter,96
145,2800,2023,rotation,36
6,2800,2024,starter,64
169,2801,2016,starter,82
169,2801,2017,starter,1
169,2801,2018,rotation,91
253,2801,2019,starter,85
253,2801,2020,starter,66
253,2801,2021,rotation,86
253,2801,2022,rotation,45
253,2801,2023,rotation,34
298,2801,2024,starter,14
262,2802,2015,starter,97
262,2802,2016,starter,92
262,2802,2017,starter,96
262,2802,2018,bench,87
45,2802,2019,starter,52
45,2802,2020,starter,6
45,2802,2021,starter,47
45,2802,2022,starter,24
45,2802,2023,rotation,28
45,2802,2024,rotation,23
152,2804,2015,bench,75
152,2804,2016,starter,44
152,2804,2017,starter,83
152,2804,2018,rotation,29
152,2804,2019,starter,73
152,2804,2020,starter,60
252,2804,2021,starter,2
252,2804,2022,rotation,91
214,2804,2023,rotation,96
343,2805,2016,starter,31
343,2805,2017,bench,67
347,2805,2018,starter,73
347,2805,2019,rotation,16
347,2805,2020,starter,18
347,2805,2021,starter,11
347,2805,2022,starter,60
347,2805,2023,rotation,72
347,2805,2024,rotation,38
98,2806,2021,bench,15
98,2806,2022,starter,50
98,2806,2023,starter,40
98,2806,2024,rotation,88
331,2807,2015,starter,10
331,2807,2016,starter,40
154,2807,2017,starter,81
154,2807,2018,starter,25
154,2807,2019,rotation,58
154,2807,2020,starter,35
154,2807,2021,rotation,82
154,2807,2022,bench,4
369,2808,2015,starter,78
158,2808,2016,bench,6
158,2808,2017,starter,16
158,2808,2018,rotation,55
158,2808,2019,bench,41
158,2808,2020,rotation,4
158,2808,2021,starter,29
158,2808,2022,starter,42
55,2809,2015,rotation,89
55,2809,2016,bench,41
55,2809,2017,starter,95
55,2809,2018,starter,36
55,2809,2019,starter,36
55,2809,2020,starter,64
55,2809,2021,starter,56
55,2809,2022,starter,43
55,2809,2023,starter,90
55,2809,2024,starter,14
265,2810,2020,starter,15
265,2810,2021,rotation,82
86,2810,2022,starter,55
86,2810,2023,starter,61
69,2810,2024,starter,85
373,2811,2023,starter,64
373,2811,2024,starter,88
354,2812,2015,starter,84
354,2812,2016,bench,26
354,2812,2017,starter,98
354,2812,2018,starter,44
354,2812,2019,starter,39
354,2812,2020,starter,38
354,2812,2021,starter,58
354,2812,2022,bench,69
231,2812,2023,starter,6
80,2812,2024,starter,72
180,2813,2022,starter,47
180,2813,2023,starter,50
180,2813,2024,starter,9
361,2814,2020,bench,43
361,2814,2021,bench,54
361,2814,2022,bench,64
361,2814,2023,rotation,77
361,2814,2024,bench,33
116,2815,2015,rotation,12
116,2815,2016,starter,54
347,2815,2017,bench,37
347,2815,2018,rotation,78
347,2815,2019,starter,56
347,2815,2020,bench,22
347,2815,2021,bench,43
347,2815,2022,starter,66
347,2815,2023,starter,7
347,2815,2024,starter,63
379,2816,2022,starter,95
379,2816,2023,rotation,47
379,2816,2024,starter,38
205,2817,2019,starter,62
233,2817,2020,rotation,35
233,2817,2021,starter,55
233,2817,2022,bench,36
233,2817,2023,starter,29
233,2817,2024,starter,96
155,2818,2015,starter,77
155,2818,2016,starter,79
155,2818,2017,starter,33
155,2818,2018,rotation,48
155,2818,2019,rotation,89
155,2818,2020,bench,53
155,2818,2021,bench,95
155,2818,2022,starter,30
155,2818,2023,rotation,73
155,2818,2024,starter,92
164,2819,2020,starter,65
160,2819,2021,starter,48
160,2819,2022,starter,86
160,2819,2023,rotation,11
160,2819,2024,starter,27
69,2820,2020,starter,98
213,2820,2021,starter,38
213,2820,2022,bench,74
213,2820,2023,starter,90
213,2820,2024,rotation,90
266,2821,2021,starter,85
266,2821,2022,starter,16
188,2821,2023,rotation,48
188,2821,2024,starter,8
41,2822,2015,rotation,13
41,2822,2016,starter,90
41,2822,2017,bench,96
41,2822,2018,starter,96
41,2822,2019,starter,7
41,2822,2020,rotation,82
41,2822,2021,starter,90
41,2822,2022,bench,63
41,2822,2023,starter,11
41,2822,2024,starter,64
122,2823,2021,starter,41
122,2823,2022,starter,29
122,2823,2023,starter,15
122,2823,2024,starter,1
313,2825,2019,starter,10
313,2825,2020,bench,52
313,2825,2021,rotation,5
313,2825,2022,starter,71
313,2825,2023,bench,28
313,2825,2024,rotation,22
368,2826,2020,starter,25
368,2826,2021,starter,65
368,2826,2022,rotation,96
366,2826,2023,starter,16
366,2826,2024,starter,8
346,2827,2019,rotation,56
346,2827,2020,starter,71
346,2827,2021,starter,35
346,2827,2022,bench,70
346,2827,2023,rotation,25
346,2827,2024,starter,43
221,2828,2021,starter,24
16,2828,2022,rotation,88
148,2828,2023,rotation,46
148,2828,2024,bench,57
267,2829,2019,bench,64
267,2829,2020,rotation,50
267,2829,2021,rotation,58
267,2829,2022,rotation,52
267,2829,2023,starter,10
267,2829,2024,starter,85
302,2830,2015,bench,44
302,2830,2016,starter,71
302,2830,2017,starter,73
302,2830,2018,bench,68
243,2830,2019,starter,35
243,2830,2020,starter,91
243,2830,2021,starter,66
243,2830,2022,starter,82
243,2830,2023,starter,91
243,2830,2024,starter,59
294,2831,2015,rotation,84
294,2831,2016,rotation,39
294,2831,2017,starter,78
294,2831,2018,rotation,20
294,2831,2019,starter,85
294,2831,2020,starter,62
294,2831,2021,starter,60
294,2831,2022,rotation,8
294,2831,2023,rotation,37
294,2831,2024,rotation,46
124,2832,2015,starter,97
124,2832,2016,starter,52
124,2832,2017,rotation,11
124,2832,2018,starter,45
124,2832,2019,starter,38
336,2832,2020,starter,75
336,2832,2021,bench,17
336,2832,2022,rotation,70
336,2832,2023,rotation,62
336,2832,2024,starter,46
204,2835,2015,bench,38
365,2835,2016,starter,17
378,2835,2017,starter,39
378,2835,2018,starter,41
378,2835,2019,starter,81
378,2835,2020,rotation,76
378,2835,2021,starter,77
378,2835,2022,rotation,92
191,2835,2023,starter,62
297,2835,2024,rotation,37
326,2836,2020,starter,3
326,2836,2021,starter,27
326,2836,2022,rotation,52
326,2836,2023,starter,87
326,2836,2024,starter,16
19,2838,2015,starter,18
153,2838,2016,starter,91
153,2838,2017,starter,13
153,2838,2018,starter,64
153,2838,2019,starter,14
153,2838,2020,starter,43
153,2838,2021,starter,17
153,2838,2022,rotation,22
153,2838,2023,starter,13
153,2838,2024,rotation,97
332,2839,2015,starter,34
332,2839,2016,starter,86
332,2839,2017,rotation,2
332,2839,2018,starter,96
332,2839,2019,starter,39
332,2839,2020,starter,6
332,2839,2021,starter,80
332,2839,2022,starter,57
332,2839,2023,starter,30
332,2839,2024,starter,68
183,2840,2020,rotation,39
183,2840,2021,starter,63
183,2840,2022,starter,54
183,2840,2023,starter,69
183,2840,2024,starter,11
355,2841,2022,rotation,78
355,2841,2023,starter,17
355,2841,2024,starter,37
56,2842,2015,starter,6
56,2842,2016,starter,80
357,2842,2017,starter,50
357,2842,2018,rotation,13
357,2842,2019,rotation,82
357,2842,2020,starter,90
357,2842,2021,starter,54
267,2843,2020,starter,74
267,2843,2021,starter,77
30,2843,2022,starter,4
30,2843,2023,starter,11
30,2843,2024,starter,52
6,2844,2018,rotation,87
6,2844,2019,bench,69
6,2844,2020,starter,46
228,2844,2021,starter,37
228,2844,2022,starter,94
228,2844,2023,starter,85
228,2844,2024,rotation,91
170,2845,2023,rotation,86
170,2845,2024,starter,21
218,2846,2022,rotation,14
218,2846,2023,starter,51
218,2846,2024,rotation,62
337,2847,2018,rotation,87
337,2847,2019,bench,97
337,2847,2020,starter,21
369,2847,2021,bench,88
369,2847,2022,starter,55
369,2847,2023,rotation,65
369,2847,2024,starter,68
119,2848,2015,rotation,51
119,2848,2016,starter,23
119,2848,2017,rotation,75
119,2848,2018,rotation,28
119,2848,2019,starter,62
119,2848,2020,rotation,54
119,2848,2021,rotation,27
119,2848,2022,starter,11
119,2848,2023,starter,67
119,2848,2024,rotation,95
274,2851,2021,starter,31
274,2851,2022,starter,13
274,2851,2023,bench,62
274,2851,2024,rotation,66
340,2853,2022,bench,15
340,2853,2023,starter,10
340,2853,2024,starter,96
297,2855,2021,starter,94
297,2855,2022,starter,92
297,2855,2023,starter,3
297,2855,2024,rotation,34
362,2856,2019,starter,76
362,2856,2020,starter,25
362,2856,2021,starter,68
362,2856,2022,bench,52
362,2856,2023,starter,14
362,2856,2024,bench,92
37,2857,2015,starter,75
37,2857,2016,starter,54
37,2857,2017,bench,51
37,2857,2018,starter,95
37,2857,2019,bench,81
273,2857,2020,rotation,59
273,2857,2021,starter,81
273,2857,2022,starter,3
273,2857,2023,bench,58
273,2857,2024,rotation,54
301,2858,2015,rotation,67
301,2858,2016,starter,21
301,2858,2017,starter,19
301,2858,2018,rotation,4
280,2858,2019,starter,41
280,2858,2020,rotation,56
371,2858,2021,starter,46
313,2859,2021,starter,30
354,2859,2022,rotation,25
354,2859,2023,starter,32
354,2859,2024,starter,22
234,2861,2017,rotation,70
234,2861,2018,bench,98
234,2861,2019,starter,59
234,2861,2020,starter,77
234,2861,2021,rotation,20
234,2861,2022,bench,66
234,2861,2023,rotation,45
234,2861,2024,starter,8
316,2862,2019,starter,16
316,2862,2020,starter,18
316,2862,2021,starter,69
316,2862,2022,rotation,75
316,2862,2023,starter,28
316,2862,2024,starter,21
248,2864,2015,bench,78
248,2864,2016,starter,89
248,2864,2017,starter,29
236,2864,2018,starter,53
236,2864,2019,starter,28
236,2864,2020,rotation,92
236,2864,2021,starter,34
236,2864,2022,bench,77
236,2864,2023,rotation,86
376,2864,2024,rotation,94
181,2865,2015,starter,66
181,2865,2016,starter,95
221,2865,2017,starter,93
221,2865,2018,starter,75
221,2865,2019,starter,18
221,2865,2020,starter,75
221,2865,2021,rotation,21
221,2865,2022,starter,79
221,2865,2023,starter,91
221,2865,2024,starter,88
270,2866,2016,starter,36
270,2866,2017,starter,88
270,2866,2018,starter,10
270,2866,2019,starter,1
355,2866,2020,bench,93
313,2866,2021,starter,45
379,2866,2022,bench,46
379,2866,2023,starter,22
345,2866,2024,starter,11
80,2867,2024,rotation,56
78,2868,2015,starter,52
78,2868,2016,rotation,6
78,2868,2017,starter,32
78,2868,2018,bench,50
313,2868,2019,rotation,30
313,2868,2020,starter,36
125,2869,2015,starter,18
125,2869,2016,starter,88
125,2869,2017,rotation,92
61,2869,2018,starter,70
61,2869,2019,starter,13
61,2869,2020,starter,81
61,2869,2021,rotation,78
61,2869,2022,bench,31
61,2869,2023,starter,96
61,2869,2024,rotation,82
278,2870,2015,rotation,80
278,2870,2016,bench,87
282,2870,2017,starter,54
282,2870,2018,rotation,36
282,2870,2019,rotation,61
71,2870,2020,rotation,24
71,2870,2021,starter,61
71,2870,2022,starter,56
71,2870,2023,starter,46
71,2870,2024,rotation,15
346,2871,2020,rotation,33
346,2871,2021,starter,42
346,2871,2022,bench,86
14,2871,2023,starter,66
14,2871,2024,rotation,81
366,2872,2015,starter,26
366,2872,2016,starter,92
366,2872,2017,rotation,48
366,2872,2018,rotation,60
366,2872,2019,rotation,26
380,2872,2020,rotation,42
380,2872,2021,starter,43
380,2872,2022,starter,75
380,2872,2023,rotation,69
132,2873,2015,rotation,79
132,2873,2016,starter,35
132,2873,2017,starter,97
132,2873,2018,starter,9
132,2873,2019,starter,82
132,2873,2020,starter,47
132,2873,2021,starter,3
132,2873,2022,starter,25
132,2873,2023,starter,8
132,2873,2024,starter,54
370,2875,2022,starter,11
370,2875,2023,starter,79
370,2875,2024,rotation,52
360,2878,2023,starter,18
360,2878,2024,starter,32
219,2881,2021,bench,11
219,2881,2022,bench,49
219,2881,2023,starter,27
219,2881,2024,starter,11
151,2882,2015,starter,34
151,2882,2016,starter,37
151,2882,2017,rotation,89
151,2882,2018,rotation,86
151,2882,2019,starter,1
151,2882,2020,bench,20
151,2882,2021,starter,51
151,2882,2022,starter,33
278,2882,2023,rotation,52
278,2882,2024,starter,30
198,2883,2019,bench,50
273,2883,2020,starter,15
186,2883,2021,starter,31
224,2883,2022,starter,21
208,2883,2023,bench,59
208,2883,2024,bench,84
352,2884,2022,rotation,39
352,2884,2023,starter,11
352,2884,2024,starter,2
156,2885,2016,rotation,31
156,2885,2017,starter,62
156,2885,2018,bench,47
156,2885,2019,starter,64
156,2885,2020,rotation,37
156,2885,2021,rotation,75
156,2885,2022,rotation,16
156,2885,2023,bench,6
156,2885,2024,starter,64
50,2886,2021,bench,20
50,2886,2022,rotation,38
50,2886,2023,starter,14
50,2886,2024,starter,69
232,2887,2020,starter,17
232,2887,2021,starter,56
232,2887,2022,rotation,10
232,2887,2023,bench,36
232,2887,2024,rotation,15
108,2888,2015,starter,77
99,2888,2016,starter,63
131,2888,2017,starter,24
131,2888,2018,starter,24
131,2888,2019,rotation,81
131,2888,2020,rotation,46
131,2888,2021,starter,85
131,2888,2022,starter,34
131,2888,2023,rotation,54
131,2888,2024,starter,2
306,2889,2015,starter,31
306,2889,2016,starter,49
306,2889,2017,rotation,38
306,2889,2018,rotation,29
306,2889,2019,bench,81
306,2889,2020,starter,47
306,2889,2021,starter,12
306,2889,2022,bench,14
306,2889,2023,starter,59
306,2889,2024,rotation,89
177,2890,2022,starter,17
177,2890,2023,starter,40
177,2890,2024,starter,13
258,2891,2015,rotation,2
258,2891,2016,starter,52
258,2891,2017,starter,4
258,2891,2018,rotation,10
258,2891,2019,starter,85
258,2891,2020,starter,48
258,2891,2021,starter,97
258,2891,2022,starter,63
258,2891,2023,starter,89
258,2891,2024,starter,33
212,2892,2015,rotation,52
176,2892,2016,starter,48
176,2892,2017,starter,40
12,2892,2018,starter,13
12,2892,2019,bench,46
12,2892,2020,starter,69
12,2892,2021,rotation,46
12,2892,2022,starter,64
12,2892,2023,starter,2
60,2893,2020,rotation,77
60,2893,2021,bench,80
60,2893,2022,starter,70
123,2893,2023,starter,35
123,2893,2024,rotation,7
332,2894,2015,bench,2
332,2894,2016,bench,72
332,2894,2017,starter,96
332,2894,2018,starter,22
112,2894,2019,starter,75
112,2894,2020,starter,82
112,2894,2021,starter,19
112,2894,2022,starter,44
112,2894,2023,starter,46
112,2894,2024,starter,78
216,2895,2020,bench,11
216,2895,2021,starter,11
216,2895,2022,bench,39
216,2895,2023,rotation,63
216,2895,2024,starter,13
315,2896,2015,starter,4
299,2896,2016,starter,83
299,2896,2017,starter,96
299,2896,2018,starter,19
299,2896,2019,starter,16
299,2896,2020,starter,89
299,2896,2021,rotation,62
299,2896,2022,starter,68
299,2896,2023,bench,41
327,2898,2019,starter,67
327,2898,2020,starter,73
327,2898,2021,rotation,39
210,2898,2022,bench,9
35,2898,2023,starter,33
38,2898,2024,starter,79
139,2899,2015,starter,26
139,2899,2016,bench,84
375,2899,2017,starter,56
137,2899,2018,starter,64
137,2899,2019,rotation,57
137,2899,2020,starter,96
137,2899,2021,starter,34
137,2899,2022,starter,86
137,2899,2023,starter,98
137,2899,2024,starter,43
29,2900,2016,rotation,91
29,2900,2017,starter,37
204,2900,2018,starter,57
204,2900,2019,starter,10
261,2900,2020,starter,8
1,2900,2021,bench,29
1,2900,2022,bench,65
1,2900,2023,bench,4
1,2900,2024,starter,34
210,2901,2016,rotation,3
210,2901,2017,starter,29
210,2901,2018,bench,76
210,2901,2019,starter,73
210,2901,2020,bench,82
210,2901,2021,starter,79
287,2901,2022,starter,71
287,2901,2023,starter,94
287,2901,2024,starter,75
377,2902,2023,starter,17
377,2902,2024,starter,40
266,2903,2015,rotation,3
266,2903,2016,starter,3
93,2903,2017,starter,42
93,2903,2018,starter,37
93,2903,2019,starter,58
93,2903,2020,rotation,48
93,2903,2021,bench,28
93,2903,2022,starter,40
93,2903,2023,starter,65
93,2903,2024,starter,44
194,2904,2016,bench,94
194,2904,2017,rotation,1
194,2904,2018,starter,17
194,2904,2019,starter,8
194,2904,2020,bench,76
194,2904,2021,starter,95
194,2904,2022,starter,5
194,2904,2023,starter,97
194,2904,2024,rotation,41
45,2906,2015,starter,4
45,2906,2016,bench,7
45,2906,2017,bench,27
45,2906,2018,starter,96
45,2906,2019,starter,20
45,2906,2020,starter,79
45,2906,2021,bench,53
45,2906,2022,rotation,6
45,2906,2023,starter,80
45,2906,2024,starter,36
373,2907,2015,starter,19
373,2907,2016,starter,29
373,2907,2017,bench,54
373,2907,2018,starter,97
373,2907,2019,starter,33
377,2907,2020,rotation,60
140,2907,2021,rotation,79
140,2907,2022,bench,82
140,2907,2023,starter,69
140,2907,2024,starter,96
94,2908,2015,rotation,29
94,2908,2016,starter,78
94,2908,2017,starter,40
94,2908,2018,starter,15
94,2908,2019,rotation,78
94,2908,2020,starter,74
94,2908,2021,starter,73
205,2908,2022,starter,83
205,2908,2023,rotation,19
205,2908,2024,starter,82
358,2909,2015,rotation,26
358,2909,2016,bench,42
358,2909,2017,starter,17
358,2909,2018,starter,82
358,2909,2019,rotation,9
358,2909,2020,bench,73
358,2909,2021,starter,98
358,2909,2022,starter,71
358,2909,2023,starter,12
358,2909,2024,starter,28
358,2910,2015,starter,23
358,2910,2016,starter,70
309,2910,2017,bench,4
309,2910,2018,starter,96
309,2910,2019,starter,48
309,2910,2020,starter,20
309,2910,2021,bench,21
309,2910,2022,starter,77
309,2910,2023,rotation,5
193,2910,2024,bench,42
65,2911,2015,starter,71
65,2911,2016,starter,1
65,2911,2017,starter,64
65,2911,2018,starter,94
65,2911,2019,starter,1
162,2912,2022,rotation,69
162,2912,2023,starter,41
162,2912,2024,bench,93
369,2913,2015,starter,2
369,2913,2016,starter,73
369,2913,2017,starter,65
369,2913,2018,bench,27
369,2913,2019,starter,87
369,2913,2020,bench,45
369,2913,2021,starter,18
369,2913,2022,rotation,49
369,2913,2023,bench,12
369,2913,2024,starter,65
75,2914,2023,bench,58
75,2914,2024,starter,4
238,2916,2021,starter,90
238,2916,2022,starter,61
238,2916,2023,rotation,94
238,2916,2024,bench,30
249,2917,2015,rotation,56
249,2917,2016,starter,52
149,2917,2017,starter,66
149,2917,2018,starter,84
149,2917,2019,starter,89
294,2917,2020,rotation,87
294,2917,2021,starter,7
294,2917,2022,bench,8
294,2917,2023,starter,48
294,2917,2024,starter,24
229,2918,2018,starter,90
229,2918,2019,starter,52
229,2918,2020,starter,43
229,2918,2021,starter,27
229,2918,2022,rotation,79
229,2918,2023,starter,10
229,2918,2024,starter,65
275,2919,2020,rotation,59
275,2919,2021,starter,18
275,2919,2022,rotation,19
7,2919,2023,rotation,36
7,2919,2024,starter,89
32,2920,2015,rotation,51
32,2920,2016,starter,3
32,2920,2017,starter,21
32,2920,2018,rotation,23
32,2920,2019,rotation,47
32,2920,2020,rotation,65
32,2920,2021,starter,77
32,2920,2022,starter,24
138,2920,2023,bench,91
138,2920,2024,starter,54
321,2922,2015,starter,80
321,2922,2016,rotation,35
321,2922,2017,rotation,56
321,2922,2018,starter,79
321,2922,2019,starter,16
321,2922,2020,rotation,39
321,2922,2021,starter,66
203,2923,2015,starter,71
203,2923,2016,starter,41
203,2923,2017,starter,16
203,2923,2018,starter,13
77,2923,2019,rotation,62
77,2923,2020,bench,60
77,2923,2021,bench,12
77,2923,2022,rotation,78
77,2923,2023,starter,10
77,2923,2024,starter,63
116,2924,2015,rotation,25
116,2924,2016,rotation,31
116,2924,2017,starter,56
105,2924,2018,starter,47
335,2924,2019,starter,2
335,2924,2020,bench,3
335,2924,2021,starter,61
335,2924,2022,starter,16
335,2924,2023,starter,80
335,2924,2024,rotation,46
121,2925,2015,starter,59
121,2925,2016,starter,47
121,2925,2017,starter,27
121,2925,2018,starter,78
121,2925,2019,starter,88
265,2925,2020,starter,92
265,2925,2021,rotation,76
265,2925,2022,bench,24
265,2925,2023,starter,56
265,2925,2024,starter,4
233,2926,2024,bench,10
188,2927,2018,bench,74
188,2927,2019,rotation,93
188,2927,2020,starter,59
351,2927,2021,starter,56
351,2927,2022,starter,87
351,2927,2023,starter,32
351,2927,2024,starter,98
195,2928,2015,starter,95
195,2928,2016,rotation,20
195,2928,2017,rotation,31
195,2928,2018,starter,65
195,2928,2019,starter,59
195,2928,2020,starter,87
121,2928,2021,starter,96
121,2928,2022,starter,11
121,2928,2023,rotation,65
121,2928,2024,starter,78
67,2929,2015,starter,5
181,2929,2016,rotation,90
181,2929,2017,rotation,28
181,2929,2018,starter,64
15,2929,2019,rotation,62
15,2929,2020,starter,23
15,2929,2021,starter,69
15,2929,2022,starter,38
15,2929,2023,rotation,57
15,2929,2024,bench,87
221,2930,2023,starter,19
221,2930,2024,rotation,97
211,2932,2015,rotation,44
211,2932,2016,starter,53
211,2932,2017,rotation,64
211,2932,2018,rotation,63
211,2932,2019,starter,5
211,2932,2020,starter,58
69,2933,2024,starter,14
259,2934,2020,starter,62
259,2934,2021,bench,95
259,2934,2022,rotation,16
259,2934,2023,starter,77
259,2934,2024,bench,25
286,2935,2017,rotation,89
286,2935,2018,starter,1
286,2935,2019,starter,58
286,2935,2020,starter,31
286,2935,2021,starter,83
286,2935,2022,rotation,95
286,2935,2023,bench,28
286,2935,2024,rotation,6
55,2936,2021,starter,78
55,2936,2022,starter,50
55,2936,2023,rotation,41
55,2936,2024,starter,45
146,2937,2021,starter,31
146,2937,2022,rotation,98
146,2937,2023,starter,12
146,2937,2024,starter,68
289,2938,2024,bench,21
25,2939,2015,rotation,45
25,2939,2016,starter,25
25,2939,2017,bench,70
25,2939,2018,bench,97
25,2939,2019,rotation,90
25,2939,2020,starter,14
25,2939,2021,starter,94
25,2939,2022,starter,69
25,2939,2023,starter,63
25,2939,2024,starter,66
312,2940,2015,starter,76
312,2940,2016,starter,83
312,2940,2017,starter,36
312,2940,2018,starter,69
312,2940,2019,starter,82
312,2940,2020,rotation,22
312,2940,2021,bench,34
312,2940,2022,bench,69
310,2941,2015,starter,54
310,2941,2016,starter,46
310,2941,2017,starter,24
351,2941,2018,rotation,54
351,2941,2019,starter,84
351,2941,2020,rotation,35
70,2941,2021,starter,16
70,2941,2022,starter,2
70,2941,2023,starter,2
70,2941,2024,starter,98
319,2942,2015,rotation,92
319,2942,2016,rotation,17
319,2942,2017,starter,15
319,2942,2018,rotation,12
319,2942,2019,starter,89
319,2942,2020,starter,74
66,2942,2021,starter,94
66,2942,2022,rotation,66
66,2942,2023,rotation,8
66,2942,2024,bench,50
189,2943,2020,starter,83
189,2943,2021,starter,21
189,2943,2022,rotation,31
189,2943,2023,starter,74
189,2943,2024,starter,78
168,2944,2015,rotation,40
168,2944,2016,starter,52
168,2944,2017,starter,34
168,2944,2018,starter,81
168,2944,2019,starter,25
168,2944,2020,starter,96
168,2944,2021,starter,20
168,2944,2022,starter,69
168,2944,2023,starter,1
168,2944,2024,bench,5
162,2945,2015,starter,40
162,2945,2016,starter,85
162,2945,2017,bench,26
167,2945,2018,bench,41
167,2945,2019,starter,9
314,2945,2020,starter,92
314,2945,2021,starter,47
314,2945,2022,starter,95
314,2945,2023,starter,74
314,2945,2024,starter,1
284,2946,2015,starter,87
284,2946,2016,starter,58
284,2946,2017,starter,83
284,2946,2018,starter,13
284,2946,2019,starter,15
284,2946,2020,starter,46
284,2946,2021,bench,87
284,2946,2022,starter,74
284,2946,2023,rotation,5
284,2946,2024,rotation,15
308,2948,2016,starter,9
308,2948,2017,starter,32
96,2948,2018,starter,54
326,2948,2019,starter,84
326,2948,2020,starter,18
209,2948,2021,starter,86
209,2948,2022,starter,27
209,2948,2023,starter,55
209,2948,2024,starter,74
284,2950,2015,starter,10
284,2950,2016,starter,64
284,2950,2017,starter,94
284,2950,2018,starter,83
284,2950,2019,starter,60
284,2950,2020,starter,44
284,2950,2021,starter,72
325,2950,2022,starter,31
148,2951,2015,starter,36
148,2951,2016,rotation,50
148,2951,2017,starter,10
148,2951,2018,starter,17
148,2951,2019,rotation,97
148,2951,2020,starter,90
148,2951,2021,rotation,9
148,2951,2022,bench,21
148,2951,2023,rotation,49
148,2951,2024,bench,42
183,2952,2015,starter,44
183,2952,2016,starter,34
183,2952,2017,starter,46
183,2952,2018,starter,96
183,2952,2019,starter,42
183,2952,2020,rotation,39
183,2952,2021,rotation,80
183,2952,2022,rotation,95
346,2952,2023,bench,24
346,2952,2024,starter,18
327,2953,2020,starter,40
327,2953,2021,starter,88
327,2953,2022,rotation,97
327,2953,2023,rotation,89
360,2953,2024,rotation,73
153,2954,2015,starter,66
378,2954,2016,starter,71
378,2954,2017,bench,37
378,2954,2018,starter,54
378,2954,2019,bench,48
191,2954,2020,starter,86
191,2954,2021,rotation,19
191,2954,2022,starter,18
191,2954,2023,starter,43
191,2954,2024,rotation,28
371,2955,2024,starter,62
222,2956,2021,starter,39
222,2956,2022,rotation,75
222,2956,2023,rotation,34
222,2956,2024,rotation,94
97,2957,2023,starter,29
97,2957,2024,starter,36
278,2958,2015,starter,18
278,2958,2016,rotation,93
278,2958,2017,starter,12
278,2958,2018,rotation,93
278,2958,2019,starter,97
278,2958,2020,bench,89
278,2958,2021,rotation,65
278,2958,2022,rotation,12
278,2958,2023,starter,31
278,2958,2024,starter,50
236,2960,2023,starter,33
236,2960,2024,starter,97
372,2961,2020,starter,23
372,2961,2021,rotation,1
372,2961,2022,starter,64
372,2961,2023,starter,85
372,2961,2024,starter,9
111,2963,2023,rotation,66
111,2963,2024,starter,64
185,2964,2019,starter,27
185,2964,2020,starter,17
185,2964,2021,starter,30
185,2964,2022,starter,38
185,2964,2023,bench,8
185,2964,2024,bench,70
244,2966,2020,bench,88
244,2966,2021,starter,22
244,2966,2022,bench,81
244,2966,2023,starter,72
244,2966,2024,starter,11
348,2967,2015,rotation,38
348,2967,2016,starter,93
348,2967,2017,rotation,52
348,2967,2018,starter,20
345,2967,2019,bench,86
345,2967,2020,rotation,73
70,2967,2021,starter,44
70,2967,2022,rotation,2
70,2967,2023,rotation,88
70,2967,2024,starter,24
204,2968,2023,bench,57
204,2968,2024,rotation,28
294,2969,2015,bench,70
294,2969,2016,starter,34
294,2969,2017,rotation,55
294,2969,2018,bench,72
370,2969,2019,bench,2
370,2969,2020,starter,13
370,2969,2021,starter,92
221,2969,2022,starter,97
221,2969,2023,bench,95
221,2969,2024,starter,76
310,2972,2018,starter,23
155,2972,2019,rotation,14
155,2972,2020,bench,46
146,2972,2021,rotation,63
146,2972,2022,starter,82
146,2972,2023,starter,80
146,2972,2024,starter,27
20,2973,2017,bench,33
20,2973,2018,rotation,15
20,2973,2019,starter,12
20,2973,2020,bench,74
20,2973,2021,starter,28
20,2973,2022,bench,85
20,2973,2023,starter,44
20,2973,2024,rotation,39
300,2974,2024,bench,70
181,2975,2015,starter,67
181,2975,2016,starter,93
181,2975,2017,rotation,92
181,2975,2018,rotation,30
181,2975,2019,bench,72
181,2975,2020,starter,37
181,2975,2021,rotation,30
181,2975,2022,bench,58
181,2975,2023,starter,33
181,2975,2024,bench,79
181,2977,2015,starter,86
181,2977,2016,rotation,14
363,2977,2017,bench,38
363,2977,2018,bench,89
363,2977,2019,starter,89
201,2978,2019,rotation,84
201,2978,2020,starter,2
201,2978,2021,starter,70
201,2978,2022,rotation,95
65,2978,2023,starter,76
65,2978,2024,starter,47
216,2979,2016,starter,68
216,2979,2017,bench,52
216,2979,2018,rotation,52
216,2979,2019,rotation,83
216,2979,2020,rotation,11
216,2979,2021,starter,19
216,2979,2022,rotation,56
216,2979,2023,rotation,16
216,2979,2024,rotation,14
124,2982,2023,rotation,46
124,2982,2024,rotation,58
77,2983,2022,starter,27
38,2983,2023,bench,39
38,2983,2024,bench,49
368,2984,2023,starter,2
368,2984,2024,starter,20
193,2985,2015,starter,55
193,2985,2016,rotation,68
193,2985,2017,starter,15
193,2985,2018,rotation,90
193,2985,2019,starter,1
193,2985,2020,starter,25
193,2985,2021,starter,76
193,2985,2022,starter,68
193,2985,2023,rotation,54
193,2985,2024,starter,52
276,2986,2015,starter,56
276,2986,2016,rotation,2
276,2986,2017,rotation,80
276,2986,2018,starter,93
158,2986,2019,starter,42
158,2986,2020,bench,55
335,2986,2021,starter,7
335,2986,2022,rotation,29
335,2986,2023,starter,22
335,2986,2024,starter,86
148,2987,2015,rotation,98
148,2987,2016,starter,58
148,2987,2017,starter,51
148,2987,2018,rotation,37
148,2987,2019,bench,65
148,2987,2020,rotation,35
148,2987,2021,starter,83
148,2987,2022,rotation,13
363,2987,2023,bench,91
363,2987,2024,starter,62
271,2988,2015,starter,86
271,2988,2016,starter,93
271,2988,2017,rotation,26
271,2988,2018,starter,87
271,2988,2019,rotation,59
271,2988,2020,bench,78
271,2988,2021,bench,13
271,2988,2022,rotation,82
271,2988,2023,bench,48
271,2988,2024,rotation,66
360,2989,2015,starter,87
360,2989,2016,rotation,80
360,2989,2017,starter,77
225,2989,2018,starter,57
225,2989,2019,starter,77
225,2989,2020,bench,98
225,2989,2021,starter,94
225,2989,2022,starter,39
225,2989,2023,starter,18
225,2989,2024,starter,45
256,2991,2024,starter,96
352,2992,2015,bench,32
352,2992,2016,starter,44
352,2992,2017,starter,52
352,2992,2018,starter,44
352,2992,2019,rotation,55
352,2992,2020,starter,76
352,2992,2021,starter,51
352,2992,2022,starter,43
151,2993,2015,starter,93
151,2993,2016,starter,44
151,2993,2017,starter,85
151,2993,2018,starter,98
151,2993,2019,starter,48
151,2993,2020,bench,59
140,2993,2021,rotation,95
140,2993,2022,bench,57
140,2993,2023,bench,54
140,2993,2024,starter,39
31,2994,2015,starter,23
31,2994,2016,starter,60
162,2994,2017,starter,74
162,2994,2018,starter,74
162,2994,2019,starter,87
162,2994,2020,bench,30
162,2994,2021,bench,60
162,2994,2022,starter,59
162,2994,2023,rotation,11
355,2995,2015,rotation,85
355,2995,2016,starter,53
251,2995,2017,starter,97
155,2995,2018,rotation,98
155,2995,2019,rotation,67
87,2995,2020,starter,8
87,2995,2021,rotation,84
87,2995,2022,rotation,53
87,2995,2023,rotation,2
373,2996,2015,starter,65
373,2996,2016,rotation,59
373,2996,2017,bench,68
308,2996,2018,starter,10
308,2996,2019,bench,79
308,2996,2020,starter,62
308,2996,2021,starter,22
308,2996,2022,rotation,81
336,2997,2015,starter,4
99,2997,2016,starter,77
89,2997,2017,starter,17
89,2997,2018,starter,38
89,2997,2019,rotation,83
89,2997,2020,starter,73
89,2997,2021,bench,95
89,2997,2022,rotation,38
89,2997,2023,starter,24
89,2997,2024,bench,53
166,2998,2023,bench,88
166,2998,2024,starter,14
95,2999,2020,bench,1
95,2999,2021,rotation,57
95,2999,2022,rotation,36
95,2999,2023,bench,16
95,2999,2024,starter,59
14,3001,2018,starter,30
14,3001,2019,starter,90
14,3001,2020,starter,86
14,3001,2021,starter,43
14,3001,2022,starter,71
14,3001,2023,starter,60
14,3001,2024,starter,14
341,3002,2015,starter,56
341,3002,2016,rotation,92
341,3002,2017,bench,41
341,3002,2018,bench,47
341,3002,2019,rotation,23
341,3002,2020,starter,10
341,3002,2021,starter,42
341,3002,2022,starter,98
341,3002,2023,starter,20
341,3002,2024,bench,60
260,3003,2017,bench,76
260,3003,2018,starter,53
260,3003,2019,rotation,16
260,3003,2020,starter,81
260,3003,2021,rotation,3
260,3003,2022,starter,69
260,3003,2023,starter,80
260,3003,2024,starter,45
344,3004,2015,starter,50
344,3004,2016,rotation,60
344,3004,2017,starter,97
327,3004,2018,starter,7
327,3004,2019,rotation,7
327,3004,2020,rotation,33
327,3004,2021,starter,84
327,3004,2022,bench,53
327,3004,2023,rotation,49
327,3004,2024,starter,2
359,3005,2015,starter,26
359,3005,2016,starter,65
359,3005,2017,starter,74
359,3005,2018,starter,12
85,3005,2019,rotation,5
85,3005,2020,starter,82
308,3005,2021,starter,74
308,3005,2022,starter,44
308,3005,2023,rotation,34
308,3005,2024,starter,42
15,3007,2015,starter,53
173,3007,2016,bench,60
173,3007,2017,starter,19
173,3007,2018,starter,92
173,3007,2019,starter,16
173,3007,2020,starter,13
173,3007,2021,starter,31
301,3007,2022,starter,72
301,3007,2023,starter,58
301,3007,2024,starter,58
308,3008,2015,starter,32
308,3008,2016,starter,79
308,3008,2017,starter,9
308,3008,2018,starter,74
308,3008,2019,bench,57
308,3008,2020,starter,2
308,3008,2021,starter,47
308,3008,2022,starter,81
308,3008,2023,rotation,19
79,3008,2024,bench,47
2,3009,2015,starter,19
2,3009,2016,rotation,91
2,3009,2017,bench,89
2,3009,2018,bench,18
2,3009,2019,starter,96
2,3009,2020,rotation,75
2,3009,2021,starter,61
290,3010,2018,starter,25
290,3010,2019,starter,22
290,3010,2020,starter,6
290,3010,2021,rotation,69
290,3010,2022,starter,15
301,3010,2023,starter,92
301,3010,2024,starter,14
318,3011,2024,starter,54
371,3012,2018,rotation,65
371,3012,2019,starter,50
371,3012,2020,starter,9
371,3012,2021,starter,26
371,3012,2022,rotation,45
371,3012,2023,starter,19
371,3012,2024,starter,81
117,3013,2015,rotation,2
117,3013,2016,starter,71
117,3013,2017,rotation,46
117,3013,2018,bench,81
117,3013,2019,rotation,22
117,3013,2020,starter,12
117,3013,2021,starter,6
117,3013,2022,bench,59
117,3013,2023,starter,18
117,3013,2024,rotation,96
330,3014,2015,rotation,84
330,3014,2016,starter,86
295,3014,2017,rotation,81
295,3014,2018,starter,39
295,3014,2019,starter,25
295,3014,2020,starter,30
295,3014,2021,bench,26
295,3014,2022,rotation,68
295,3014,2023,starter,48
296,3014,2024,starter,14
303,3015,2015,bench,6
303,3015,2016,starter,59
303,3015,2017,starter,77
303,3015,2018,starter,62
303,3015,2019,starter,96
303,3015,2020,starter,44
303,3015,2021,rotation,34
187,3015,2022,starter,78
187,3015,2023,rotation,42
187,3015,2024,starter,64
335,3016,2015,rotation,1
335,3016,2016,starter,69
335,3016,2017,rotation,22
335,3016,2018,starter,48
335,3016,2019,rotation,86
335,3016,2020,starter,52
335,3016,2021,bench,53
335,3016,2022,bench,64
335,3016,2023,bench,11
335,3016,2024,rotation,77
95,3017,2022,bench,57
33,3017,2023,starter,2
33,3017,2024,starter,5
373,3018,2017,rotation,72
373,3018,2018,starter,27
373,3018,2019,rotation,66
373,3018,2020,bench,71
373,3018,2021,rotation,9
373,3018,2022,rotation,64
373,3018,2023,starter,48
373,3018,2024,starter,10
370,3019,2015,starter,66
253,3019,2016,starter,29
253,3019,2017,bench,17
250,3019,2018,rotation,18
250,3019,2019,starter,18
250,3019,2020,starter,21
250,3019,2021,starter,84
250,3019,2022,rotation,21
250,3019,2023,starter,91
250,3019,2024,starter,69
279,3020,2015,rotation,92
279,3020,2016,starter,71
279,3020,2017,bench,96
209,3020,2018,starter,88
209,3020,2019,starter,15
209,3020,2020,starter,94
209,3020,2021,starter,21
209,3020,2022,rotation,39
209,3020,2023,starter,84
209,3020,2024,starter,94
57,3021,2024,starter,10
138,3022,2015,starter,96
138,3022,2016,starter,68
138,3022,2017,starter,48
138,3022,2018,starter,20
138,3022,2019,starter,44
138,3022,2020,starter,72
138,3022,2021,starter,60
138,3022,2022,rotation,81
138,3022,2023,starter,9
138,3022,2024,bench,92
17,3023,2015,rotation,13
205,3023,2016,bench,39
205,3023,2017,rotation,98
205,3023,2018,bench,1
205,3023,2019,bench,18
205,3023,2020,bench,73
364,3023,2021,starter,28
364,3023,2022,bench,75
364,3023,2023,starter,88
364,3023,2024,starter,24
193,3024,2015,rotation,55
193,3024,2016,starter,91
193,3024,2017,starter,86
193,3024,2018,starter,54
193,3024,2019,starter,35
193,3024,2020,rotation,29
193,3024,2021,starter,91
193,3024,2022,rotation,92
193,3024,2023,starter,62
193,3024,2024,starter,81
153,3026,2015,starter,61
153,3026,2016,starter,68
153,3026,2017,starter,84
153,3026,2018,starter,92
153,3026,2019,starter,50
345,3026,2020,bench,52
345,3026,2021,bench,68
345,3026,2022,starter,1
345,3026,2023,starter,69
345,3026,2024,starter,67
303,3027,2015,starter,65
303,3027,2016,rotation,9
303,3027,2017,rotation,56
303,3027,2018,rotation,95
303,3027,2019,rotation,76
303,3027,2020,starter,4
303,3027,2021,starter,34
303,3027,2022,starter,71
303,3027,2023,rotation,1
303,3027,2024,starter,57
203,3028,2015,rotation,55
203,3028,2016,rotation,81
203,3028,2017,bench,25
203,3028,2018,rotation,65
203,3028,2019,starter,71
203,3028,2020,rotation,92
348,3028,2021,bench,48
348,3028,2022,starter,48
229,3030,2023,starter,24
229,3030,2024,starter,33
254,3031,2015,starter,53
254,3031,2016,rotation,39
254,3031,2017,starter,3
254,3031,2018,starter,89
254,3031,2019,starter,75
254,3031,2020,starter,21
254,3031,2021,starter,49
254,3031,2022,rotation,41
113,3032,2021,starter,31
113,3032,2022,bench,9
41,3032,2023,starter,6
41,3032,2024,bench,74
233,3033,2022,starter,10
233,3033,2023,starter,28
233,3033,2024,starter,38
192,3034,2015,rotation,74
192,3034,2016,bench,42
192,3034,2017,starter,63
192,3034,2018,rotation,76
192,3034,2019,starter,6
192,3034,2020,rotation,13
304,3034,2021,starter,58
304,3034,2022,starter,92
267,3035,2021,rotation,17
267,3035,2022,starter,59
277,3035,2023,starter,12
277,3035,2024,rotation,71
52,3036,2018,starter,44
52,3036,2019,starter,53
52,3036,2020,bench,5
52,3036,2021,bench,17
52,3036,2022,rotation,52
52,3036,2023,rotation,88
52,3036,2024,starter,61
60,3037,2021,starter,96
60,3037,2022,rotation,81
60,3037,2023,bench,90
60,3037,2024,bench,82
68,3039,2015,bench,52
156,3039,2016,starter,54
156,3039,2017,starter,32
156,3039,2018,bench,45
292,3039,2019,starter,28
379,3039,2020,rotation,6
379,3039,2021,starter,88
351,3040,2015,starter,8
351,3040,2016,starter,20
351,3040,2017,starter,88
94,3040,2018,starter,95
94,3040,2019,starter,14
94,3040,2020,starter,14
94,3040,2021,bench,13
94,3040,2022,starter,29
94,3040,2023,starter,27
94,3040,2024,starter,76
260,3041,2015,starter,95
260,3041,2016,rotation,3
260,3041,2017,starter,34
260,3041,2018,starter,24
260,3041,2019,starter,59
260,3041,2020,rotation,59
260,3041,2021,rotation,37
260,3041,2022,bench,73
360,3041,2023,rotation,78
360,3041,2024,starter,98
166,3042,2021,bench,52
166,3042,2022,starter,74
166,3042,2023,starter,9
166,3042,2024,rotation,71
126,3043,2015,starter,33
243,3043,2016,starter,1
243,3043,2017,rotation,79
243,3043,2018,starter,49
243,3043,2019,starter,62
243,3043,2020,bench,67
243,3043,2021,starter,97
243,3043,2022,starter,47
243,3043,2023,starter,4
279,3045,2015,starter,65
279,3045,2016,starter,55
279,3045,2017,starter,12
279,3045,2018,rotation,36
166,3045,2019,starter,11
59,3045,2020,starter,19
59,3045,2021,rotation,65
59,3045,2022,rotation,83
59,3045,2023,bench,26
284,3046,2015,rotation,59
284,3046,2016,rotation,12
284,3046,2017,starter,92
284,3046,2018,starter,84
284,3046,2019,rotation,20
281,3046,2020,starter,57
281,3046,2021,starter,30
281,3046,2022,starter,34
339,3047,2021,starter,97
189,3047,2022,rotation,86
189,3047,2023,starter,23
189,3047,2024,rotation,46
222,3048,2017,starter,90
222,3048,2018,bench,13
222,3048,2019,rotation,39
222,3048,2020,starter,55
222,3048,2021,rotation,14
222,3048,2022,bench,50
222,3048,2023,bench,14
222,3048,2024,starter,47
215,3049,2015,rotation,28
215,3049,2016,bench,98
215,3049,2017,starter,90
215,3049,2018,starter,4
215,3049,2019,rotation,46
215,3049,2020,rotation,49
215,3049,2021,rotation,68
215,3049,2022,bench,73
215,3049,2023,starter,28
215,3049,2024,rotation,31
265,3050,2015,bench,51
265,3050,2016,starter,80
265,3050,2017,starter,42
265,3050,2018,rotation,11
265,3050,2019,rotation,28
265,3050,2020,starter,4
356,3050,2021,rotation,75
356,3050,2022,rotation,26
356,3050,2023,starter,6
356,3050,2024,rotation,82
133,3052,2018,starter,28
374,3052,2019,starter,10
374,3052,2020,rotation,6
374,3052,2021,bench,70
374,3052,2022,rotation,77
374,3052,2023,starter,72
374,3052,2024,starter,1
374,3053,2015,starter,37
374,3053,2016,rotation,23
374,3053,2017,starter,16
374,3053,2018,starter,46
360,3053,2019,starter,1
360,3053,2020,starter,61
360,3053,2021,starter,24
360,3053,2022,bench,76
62,3054,2015,rotation,32
62,3054,2016,starter,32
62,3054,2017,rotation,20
62,3054,2018,starter,50
62,3054,2019,starter,28
62,3054,2020,starter,95
62,3054,2021,starter,14
62,3054,2022,rotation,19
62,3054,2023,starter,76
296,3055,2015,starter,31
296,3055,2016,starter,92
121,3055,2017,starter,25
121,3055,2018,starter,76
121,3055,2019,starter,81
121,3055,2020,rotation,38
121,3055,2021,rotation,68
121,3055,2022,rotation,90
121,3055,2023,starter,15
121,3055,2024,rotation,13
252,3056,2015,rotation,26
252,3056,2016,starter,22
252,3056,2017,rotation,32
314,3056,2018,starter,16
314,3056,2019,starter,50
314,3056,2020,starter,93
314,3056,2021,rotation,84
314,3056,2022,starter,42
314,3056,2023,starter,57
314,3056,2024,rotation,91
341,3057,2015,starter,24
341,3057,2016,starter,26
341,3057,2017,rotation,70
295,3057,2018,starter,82
295,3057,2019,bench,61
295,3057,2020,starter,95
295,3057,2021,starter,86
295,3057,2022,starter,63
255,3058,2019,bench,68
255,3058,2020,bench,48
255,3058,2021,rotation,95
255,3058,2022,starter,79
314,3058,2023,rotation,62
314,3058,2024,rotation,64
239,3059,2015,starter,47
161,3059,2016,rotation,70
177,3059,2017,starter,40
177,3059,2018,starter,81
177,3059,2019,bench,94
368,3060,2023,starter,8
368,3060,2024,starter,92
359,3061,2024,rotation,56
227,3062,2015,starter,1
227,3062,2016,starter,77
227,3062,2017,starter,21
227,3062,2018,rotation,98
227,3062,2019,rotation,78
227,3062,2020,bench,89
93,3063,2021,rotation,55
93,3063,2022,rotation,21
228,3063,2023,starter,42
228,3063,2024,starter,61
224,3064,2015,starter,57
224,3064,2016,rotation,72
224,3064,2017,starter,54
224,3064,2018,starter,63
224,3064,2019,rotation,34
224,3064,2020,starter,87
121,3065,2017,starter,24
121,3065,2018,bench,17
121,3065,2019,bench,8
121,3065,2020,starter,20
121,3065,2021,starter,44
121,3065,2022,starter,64
121,3065,2023,starter,54
121,3065,2024,starter,20
353,3066,2017,starter,93
353,3066,2018,rotation,27
353,3066,2019,starter,48
353,3066,2020,starter,46
353,3066,2021,starter,18
69,3066,2022,starter,49
69,3066,2023,bench,24
69,3066,2024,starter,44
328,3067,2017,starter,60
328,3067,2018,starter,62
380,3067,2019,bench,14
380,3067,2020,starter,97
380,3067,2021,starter,80
380,3067,2022,starter,13
380,3067,2023,starter,62
380,3067,2024,starter,95
275,3068,2015,starter,25
275,3068,2016,starter,53
275,3068,2017,starter,87
338,3068,2018,rotation,75
338,3068,2019,rotation,21
338,3068,2020,rotation,50
338,3068,2021,starter,73
338,3068,2022,starter,92
338,3068,2023,starter,37
338,3068,2024,starter,6
207,3069,2015,rotation,94
207,3069,2016,rotation,27
207,3069,2017,bench,55
295,3069,2018,starter,51
295,3069,2019,starter,36
295,3069,2020,starter,18
295,3069,2021,starter,35
295,3069,2022,starter,71
295,3069,2023,bench,51
295,3069,2024,starter,40
50,3070,2015,starter,50
50,3070,2016,bench,22
50,3070,2017,starter,70
50,3070,2018,starter,60
50,3070,2019,starter,76
50,3070,2020,starter,33
50,3070,2021,starter,17
50,3070,2022,starter,98
50,3070,2023,starter,80
377,3070,2024,bench,9
260,3071,2016,bench,28
260,3071,2017,starter,49
333,3071,2018,bench,69
333,3071,2019,starter,96
333,3071,2020,bench,19
333,3071,2021,bench,34
163,3071,2022,rotation,70
163,3071,2023,starter,93
163,3071,2024,starter,92
209,3072,2020,starter,91
209,3072,2021,starter,82
330,3072,2022,rotation,18
330,3072,2023,rotation,78
330,3072,2024,starter,1
260,3073,2017,bench,62
260,3073,2018,rotation,41
260,3073,2019,starter,86
260,3073,2020,rotation,1
260,3073,2021,bench,74
260,3073,2022,starter,1
260,3073,2023,starter,16
260,3073,2024,starter,34
345,3075,2015,starter,76
345,3075,2016,bench,64
345,3075,2017,rotation,32
345,3075,2018,starter,13
345,3075,2019,starter,3
345,3075,2020,starter,89
345,3075,2021,starter,6
345,3075,2022,rotation,35
345,3075,2023,rotation,73
376,3076,2015,rotation,22
376,3076,2016,rotation,74
376,3076,2017,bench,58
376,3076,2018,starter,32
376,3076,2019,starter,64
376,3076,2020,starter,78
376,3076,2021,starter,41
168,3076,2022,rotation,69
168,3076,2023,starter,76
168,3076,2024,starter,6
290,3077,2019,starter,18
101,3077,2020,rotation,65
101,3077,2021,rotation,45
101,3077,2022,bench,67
101,3077,2023,rotation,41
101,3077,2024,starter,53
274,3078,2018,bench,60
274,3078,2019,starter,12
274,3078,2020,rotation,7
124,3078,2021,starter,98
124,3078,2022,bench,54
124,3078,2023,starter,86
124,3078,2024,starter,24
240,3079,2015,rotation,84
240,3079,2016,starter,5
240,3079,2017,rotation,4
240,3079,2018,bench,77
240,3079,2019,starter,97
167,3080,2015,starter,55
167,3080,2016,rotation,4
167,3080,2017,starter,79
167,3080,2018,starter,88
167,3080,2019,rotation,63
167,3080,2020,starter,43
167,3080,2021,bench,60
32,3080,2022,bench,62
32,3080,2023,bench,24
32,3080,2024,starter,6
82,3081,2016,rotation,68
82,3081,2017,bench,6
82,3081,2018,starter,32
323,3081,2019,starter,10
323,3081,2020,starter,31
323,3081,2021,rotation,57
323,3081,2022,rotation,58
323,3081,2023,rotation,33
323,3081,2024,starter,47
217,3082,2024,starter,28
287,3083,2015,starter,83
287,3083,2016,starter,2
287,3083,2017,starter,95
124,3083,2018,starter,36
124,3083,2019,rotation,85
124,3083,2020,starter,14
124,3083,2021,starter,67
124,3083,2022,starter,43
124,3083,2023,starter,5
124,3083,2024,bench,90
168,3085,2015,bench,97
168,3085,2016,starter,33
168,3085,2017,starter,91
168,3085,2018,rotation,65
168,3085,2019,starter,53
168,3085,2020,rotation,70
168,3085,2021,starter,94
168,3085,2022,rotation,23
168,3085,2023,bench,1
168,3085,2024,starter,62
213,3086,2015,starter,8
213,3086,2016,starter,36
213,3086,2017,rotation,4
213,3086,2018,starter,84
213,3086,2019,starter,58
213,3086,2020,starter,84
213,3086,2021,bench,1
213,3086,2022,bench,3
375,3086,2023,bench,18
328,3088,2024,starter,49
286,3089,2015,starter,68
286,3089,2016,bench,45
286,3089,2017,starter,24
286,3089,2018,starter,84
286,3089,2019,starter,2
286,3089,2020,rotation,47
286,3089,2021,starter,59
286,3089,2022,starter,68
286,3089,2023,rotation,66
286,3089,2024,starter,14
157,3092,2023,bench,21
157,3092,2024,starter,96
253,3093,2017,bench,49
253,3093,2018,rotation,4
253,3093,2019,starter,91
253,3093,2020,rotation,54
19,3093,2021,starter,43
19,3093,2022,starter,20
19,3093,2023,starter,7
329,3093,2024,starter,83
341,3094,2015,rotation,73
341,3094,2016,rotation,14
341,3094,2017,starter,97
341,3094,2018,starter,90
341,3094,2019,rotation,77
341,3094,2020,rotation,4
341,3094,2021,bench,19
341,3094,2022,bench,50
341,3094,2023,starter,86
341,3094,2024,rotation,35
229,3095,2017,starter,21
259,3095,2018,starter,64
259,3095,2019,starter,54
345,3095,2020,starter,46
345,3095,2021,rotation,41
345,3095,2022,rotation,88
345,3095,2023,rotation,91
345,3095,2024,starter,48
355,3096,2015,starter,70
355,3096,2016,starter,84
355,3096,2017,starter,10
355,3096,2018,starter,67
355,3096,2019,starter,9
355,3096,2020,starter,29
355,3096,2021,starter,85
355,3096,2022,starter,52
355,3096,2023,starter,74
355,3096,2024,starter,96
317,3097,2015,starter,48
236,3097,2016,rotation,44
236,3097,2017,starter,51
236,3097,2018,starter,20
236,3097,2019,starter,3
236,3097,2020,rotation,5
236,3097,2021,rotation,73
236,3097,2022,rotation,54
236,3097,2023,starter,34
236,3097,2024,rotation,67
275,3098,2020,starter,21
275,3098,2021,starter,15
90,3098,2022,starter,63
90,3098,2023,starter,73
90,3098,2024,starter,80
375,3099,2015,rotation,8
375,3099,2016,starter,62
375,3099,2017,starter,65
375,3099,2018,starter,15
375,3099,2019,starter,98
225,3099,2020,starter,80
225,3099,2021,starter,61
225,3099,2022,starter,86
225,3099,2023,starter,39
225,3099,2024,rotation,8
131,3100,2023,starter,53
131,3100,2024,starter,89
380,3101,2015,starter,89
380,3101,2016,rotation,41
380,3101,2017,starter,83
380,3101,2018,starter,62
156,3101,2019,starter,87
156,3101,2020,bench,94
156,3101,2021,starter,70
156,3101,2022,bench,45
156,3101,2023,starter,44
156,3101,2024,bench,23
321,3102,2019,starter,11
321,3102,2020,starter,61
321,3102,2021,starter,20
321,3102,2022,starter,54
321,3102,2023,rotation,73
321,3102,2024,bench,62
154,3103,2015,starter,62
154,3103,2016,rotation,33
154,3103,2017,bench,98
154,3103,2018,starter,36
154,3103,2019,rotation,42
154,3103,2020,starter,98
154,3103,2021,bench,42
154,3103,2022,rotation,55
154,3103,2023,starter,32
154,3103,2024,bench,65
37,3104,2015,starter,19
37,3104,2016,bench,59
151,3104,2017,rotation,3
151,3104,2018,rotation,61
151,3104,2019,starter,22
151,3104,2020,bench,7
151,3104,2021,starter,19
151,3104,2022,starter,65
151,3104,2023,rotation,91
151,3104,2024,rotation,60
34,3105,2019,rotation,35
34,3105,2020,starter,88
34,3105,2021,starter,92
34,3105,2022,starter,60
34,3105,2023,starter,98
34,3105,2024,rotation,68
312,3106,2019,starter,73
312,3106,2020,starter,70
312,3106,2021,rotation,36
312,3106,2022,rotation,81
312,3106,2023,rotation,71
351,3106,2024,starter,64
233,3107,2021,rotation,14
233,3107,2022,rotation,88
233,3107,2023,starter,74
233,3107,2024,starter,11
189,3108,2020,rotation,52
189,3108,2021,bench,38
189,3108,2022,rotation,35
154,3108,2023,starter,6
154,3108,2024,rotation,14
108,3109,2022,starter,95
108,3109,2023,bench,18
108,3109,2024,starter,27
237,3111,2016,starter,78
237,3111,2017,starter,44
237,3111,2018,starter,7
237,3111,2019,starter,44
237,3111,2020,rotation,95
200,3111,2021,starter,41
200,3111,2022,starter,52
200,3111,2023,rotation,20
200,3111,2024,starter,45
305,3112,2015,rotation,5
305,3112,2016,rotation,19
305,3112,2017,starter,55
305,3112,2018,starter,50
305,3112,2019,bench,5
174,3112,2020,starter,83
174,3112,2021,starter,32
174,3112,2022,starter,26
174,3112,2023,rotation,71
174,3112,2024,starter,50
83,3113,2015,rotation,8
83,3113,2016,rotation,59
328,3113,2017,starter,73
328,3113,2018,rotation,41
328,3113,2019,bench,29
328,3113,2020,starter,44
328,3113,2021,bench,49
328,3113,2022,starter,8
257,3113,2023,rotation,22
90,3113,2024,rotation,78
311,3114,2015,starter,14
311,3114,2016,starter,26
311,3114,2017,rotation,22
26,3114,2018,bench,44
216,3114,2019,starter,24
216,3114,2020,rotation,11
361,3114,2021,rotation,35
361,3114,2022,rotation,39
361,3114,2023,rotation,56
361,3114,2024,starter,49
270,3115,2020,starter,82
270,3115,2021,starter,32
270,3115,2022,starter,15
270,3115,2023,starter,66
270,3115,2024,starter,29
65,3116,2017,starter,13
133,3116,2018,starter,86
133,3116,2019,starter,79
133,3116,2020,bench,38
133,3116,2021,rotation,23
215,3116,2022,starter,75
215,3116,2023,bench,71
215,3116,2024,bench,24
325,3117,2015,starter,69
325,3117,2016,starter,3
325,3117,2017,starter,63
325,3117,2018,rotation,26
325,3117,2019,starter,70
85,3117,2020,starter,83
85,3117,2021,starter,42
85,3117,2022,starter,57
85,3117,2023,starter,69
85,3117,2024,rotation,15
105,3119,2016,bench,53
105,3119,2017,starter,25
105,3119,2018,starter,19
349,3119,2019,bench,37
349,3119,2020,rotation,93
349,3119,2021,rotation,33
349,3119,2022,starter,11
349,3119,2023,bench,49
349,3119,2024,bench,72
101,3120,2015,starter,17
101,3120,2016,starter,64
101,3120,2017,bench,27
101,3120,2018,starter,35
101,3120,2019,starter,87
101,3120,2020,starter,82
101,3120,2021,rotation,60
365,3121,2019,starter,42
365,3121,2020,rotation,61
365,3121,2021,starter,85
365,3121,2022,starter,62
365,3121,2023,rotation,77
285,3121,2024,rotation,27
248,3122,2015,starter,28
248,3122,2016,rotation,69
248,3122,2017,starter,79
248,3122,2018,starter,17
248,3122,2019,starter,8
248,3122,2020,starter,20
248,3122,2021,starter,11
313,3122,2022,bench,64
313,3122,2023,starter,35
313,3122,2024,rotation,66
125,3123,2015,rotation,36
125,3123,2016,starter,56
125,3123,2017,starter,31
125,3123,2018,rotation,74
125,3123,2019,rotation,53
125,3123,2020,rotation,27
125,3123,2021,starter,2
125,3123,2022,starter,72
125,3123,2023,bench,62
367,3123,2024,bench,73
255,3124,2015,bench,27
255,3124,2016,rotation,74
255,3124,2017,rotation,76
255,3124,2018,bench,23
255,3124,2019,starter,97
151,3124,2020,starter,19
151,3124,2021,starter,39
151,3124,2022,starter,34
151,3124,2023,bench,54
151,3124,2024,starter,84
137,3125,2015,starter,61
137,3125,2016,starter,37
348,3125,2017,starter,86
348,3125,2018,rotation,19
348,3125,2019,bench,96
348,3125,2020,starter,29
348,3125,2021,starter,6
348,3125,2022,starter,23
348,3125,2023,rotation,24
348,3125,2024,rotation,4
111,3126,2023,starter,42
111,3126,2024,starter,68
91,3128,2020,starter,14
91,3128,2021,rotation,93
91,3128,2022,rotation,34
91,3128,2023,rotation,32
91,3128,2024,bench,12
355,3130,2020,starter,10
355,3130,2021,rotation,4
355,3130,2022,starter,84
355,3130,2023,starter,20
355,3130,2024,bench,4
170,3131,2016,rotation,30
355,3131,2017,rotation,3
355,3131,2018,bench,26
355,3131,2019,starter,34
355,3131,2020,starter,1
355,3131,2021,rotation,85
355,3131,2022,starter,10
355,3131,2023,starter,49
355,3131,2024,rotation,36
335,3133,2015,starter,87
335,3133,2016,starter,8
220,3133,2017,bench,80
220,3133,2018,starter,26
220,3133,2019,rotation,12
220,3133,2020,starter,45
220,3133,2021,bench,87
220,3133,2022,rotation,15
220,3133,2023,starter,11
220,3133,2024,starter,63
332,3134,2015,starter,41
332,3134,2016,rotation,17
332,3134,2017,bench,85
332,3134,2018,rotation,66
332,3134,2019,starter,88
332,3134,2020,starter,29
332,3134,2021,starter,81
113,3134,2022,starter,53
113,3134,2023,starter,38
113,3134,2024,starter,54
370,3135,2015,rotation,46
370,3135,2016,rotation,25
370,3135,2017,starter,32
370,3135,2018,rotation,37
370,3135,2019,starter,27
370,3135,2020,bench,20
99,3136,2020,rotation,22
99,3136,2021,starter,8
99,3136,2022,starter,19
99,3136,2023,rotation,7
99,3136,2024,starter,11
269,3137,2015,bench,80
269,3137,2016,rotation,58
316,3137,2017,starter,55
178,3137,2018,starter,36
178,3137,2019,starter,79
281,3137,2020,starter,63
281,3137,2021,rotation,23
281,3137,2022,rotation,10
281,3137,2023,starter,40
281,3137,2024,starter,59
116,3138,2015,starter,56
116,3138,2016,bench,36
116,3138,2017,rotation,53
116,3138,2018,bench,70
116,3138,2019,bench,7
116,3138,2020,rotation,33
116,3138,2021,starter,60
116,3138,2022,rotation,74
116,3138,2023,rotation,44
116,3138,2024,starter,91
249,3139,2015,starter,85
249,3139,2016,rotation,6
249,3139,2017,starter,98
107,3139,2018,rotation,68
107,3139,2019,starter,12
107,3139,2020,starter,62
107,3139,2021,starter,39
149,3139,2022,starter,32
213,3140,2015,starter,27
213,3140,2016,rotation,14
213,3140,2017,starter,41
213,3140,2018,rotation,91
213,3140,2019,rotation,10
213,3140,2020,starter,1
213,3140,2021,starter,70
339,3140,2022,starter,10
339,3140,2023,starter,2
339,3140,2024,starter,18
144,3141,2015,starter,8
144,3141,2016,bench,16
144,3141,2017,starter,79
144,3141,2018,starter,51
144,3141,2019,rotation,41
144,3141,2020,rotation,84
144,3141,2021,starter,7
144,3141,2022,starter,47
144,3141,2023,starter,19
144,3141,2024,starter,90
239,3142,2015,rotation,91
239,3142,2016,starter,72
239,3142,2017,bench,3
239,3142,2018,starter,23
239,3142,2019,starter,32
239,3142,2020,starter,49
239,3142,2021,starter,83
239,3142,2022,starter,64
239,3142,2023,bench,2
239,3142,2024,rotation,42
259,3144,2015,bench,21
259,3144,2016,rotation,45
86,3144,2017,starter,34
86,3144,2018,rotation,18
86,3144,2019,bench,70
86,3144,2020,rotation,35
86,3144,2021,rotation,7
86,3144,2022,starter,7
86,3144,2023,rotation,49
86,3144,2024,starter,51
53,3145,2022,starter,79
53,3145,2023,rotation,84
203,3145,2024,starter,54
328,3146,2015,starter,15
328,3146,2016,rotation,93
328,3146,2017,rotation,22
328,3146,2018,starter,9
328,3146,2019,rotation,1
328,3146,2020,rotation,59
328,3146,2021,starter,74
328,3146,2022,starter,76
328,3146,2023,starter,4
328,3146,2024,starter,81
13,3147,2021,starter,46
13,3147,2022,starter,97
13,3147,2023,starter,36
13,3147,2024,starter,20
310,3148,2015,starter,39
217,3148,2016,starter,35
217,3148,2017,starter,9
217,3148,2018,starter,85
217,3148,2019,starter,90
217,3148,2020,starter,47
217,3148,2021,rotation,30
217,3148,2022,starter,22
217,3148,2023,starter,70
217,3148,2024,starter,81
289,3149,2022,starter,65
289,3149,2023,starter,53
277,3149,2024,bench,9
341,3150,2016,starter,39
341,3150,2017,starter,11
341,3150,2018,starter,33
252,3150,2019,starter,67
252,3150,2020,rotation,9
252,3150,2021,starter,40
252,3150,2022,starter,58
252,3150,2023,starter,12
252,3150,2024,starter,22
313,3151,2015,bench,60
313,3151,2016,starter,33
313,3151,2017,starter,29
313,3151,2018,bench,53
313,3151,2019,rotation,82
313,3151,2020,starter,16
313,3151,2021,bench,55
313,3151,2022,starter,28
379,3151,2023,bench,91
165,3151,2024,rotation,59
322,3152,2019,rotation,43
373,3152,2020,starter,34
373,3152,2021,rotation,8
373,3152,2022,rotation,96
373,3152,2023,starter,34
373,3152,2024,starter,44
372,3153,2020,starter,11
372,3153,2021,bench,65
372,3153,2022,starter,2
112,3153,2023,rotation,46
112,3153,2024,starter,92
231,3154,2015,starter,15
284,3154,2016,starter,21
284,3154,2017,starter,54
284,3154,2018,bench,40
284,3154,2019,bench,83
284,3154,2020,bench,20
284,3154,2021,rotation,65
284,3154,2022,starter,6
284,3154,2023,starter,68
284,3154,2024,starter,47
219,3155,2023,rotation,22
219,3155,2024,starter,74
366,3156,2015,rotation,88
366,3156,2016,rotation,51
366,3156,2017,rotation,74
366,3156,2018,rotation,80
366,3156,2019,starter,77
366,3156,2020,starter,20
366,3156,2021,bench,78
366,3156,2022,starter,19
366,3156,2023,starter,10
366,3156,2024,starter,12
337,3157,2015,starter,32
337,3157,2016,rotation,43
353,3157,2017,starter,68
353,3157,2018,starter,19
353,3157,2019,rotation,1
353,3157,2020,starter,58
353,3157,2021,starter,65
353,3157,2022,rotation,54
353,3157,2023,rotation,68
353,3157,2024,starter,79
335,3159,2015,starter,84
335,3159,2016,starter,76
335,3159,2017,rotation,72
335,3159,2018,starter,10
324,3159,2019,starter,46
324,3159,2020,rotation,26
324,3159,2021,starter,40
324,3159,2022,starter,91
324,3159,2023,starter,66
324,3159,2024,starter,87
268,3160,2015,starter,77
268,3160,2016,starter,11
268,3160,2017,rotation,26
268,3160,2018,starter,92
268,3160,2019,rotation,1
268,3160,2020,starter,7
268,3160,2021,bench,37
268,3160,2022,starter,44
268,3160,2023,bench,74
268,3160,2024,starter,15
307,3161,2023,starter,20
307,3161,2024,bench,60
325,3162,2022,rotation,81
325,3162,2023,rotation,46
325,3162,2024,rotation,82
372,3163,2015,bench,22
372,3163,2016,starter,86
372,3163,2017,starter,5
372,3163,2018,starter,52
372,3163,2019,starter,21
372,3163,2020,starter,45
372,3163,2021,starter,82
372,3163,2022,rotation,25
372,3163,2023,starter,44
372,3163,2024,starter,9
335,3164,2022,bench,60
335,3164,2023,rotation,80
335,3164,2024,starter,82
32,3165,2015,starter,73
32,3165,2016,bench,71
32,3165,2017,starter,71
32,3165,2018,starter,17
1,3165,2019,bench,71
1,3165,2020,starter,97
230,3165,2021,starter,50
178,3165,2022,starter,78
178,3165,2023,starter,80
178,3165,2024,rotation,1
315,3166,2015,rotation,31
315,3166,2016,rotation,54
315,3166,2017,starter,87
281,3166,2018,bench,33
281,3166,2019,starter,89
281,3166,2020,starter,3
281,3166,2021,starter,72
281,3166,2022,rotation,43
281,3166,2023,starter,5
195,3167,2015,starter,58
195,3167,2016,starter,50
195,3167,2017,starter,7
140,3167,2018,starter,55
140,3167,2019,starter,9
140,3167,2020,starter,44
140,3167,2021,starter,26
140,3167,2022,starter,7
140,3167,2023,starter,89
140,3167,2024,starter,86
347,3168,2015,starter,53
347,3168,2016,starter,81
347,3168,2017,rotation,5
347,3168,2018,starter,51
347,3168,2019,bench,98
347,3168,2020,rotation,94
347,3168,2021,starter,74
347,3168,2022,starter,35
347,3168,2023,starter,7
347,3168,2024,starter,78
32,3169,2023,starter,66
32,3169,2024,rotation,88
11,3171,2015,starter,61
11,3171,2016,starter,53
11,3171,2017,starter,42
11,3171,2018,rotation,82
11,3171,2019,starter,84
11,3171,2020,starter,11
11,3171,2021,rotation,58
11,3171,2022,starter,25
11,3171,2023,starter,31
11,3171,2024,bench,44
53,3172,2015,starter,43
53,3172,2016,starter,53
53,3172,2017,bench,66
291,3172,2018,bench,69
291,3172,2019,rotation,13
291,3172,2020,rotation,23
291,3172,2021,bench,58
291,3172,2022,rotation,20
291,3172,2023,bench,67
291,3172,2024,starter,13
376,3173,2016,starter,42
376,3173,2017,rotation,38
376,3173,2018,starter,86
376,3173,2019,starter,13
376,3173,2020,starter,52
376,3173,2021,starter,64
376,3173,2022,starter,10
153,3173,2023,starter,20
153,3173,2024,starter,52
258,3174,2015,rotation,84
258,3174,2016,starter,27
258,3174,2017,starter,87
258,3174,2018,rotation,32
258,3174,2019,rotation,41
258,3174,2020,rotation,61
258,3174,2021,starter,22
258,3174,2022,bench,83
258,3174,2023,starter,80
258,3174,2024,starter,90
315,3175,2015,rotation,94
315,3175,2016,rotation,80
315,3175,2017,starter,33
315,3175,2018,bench,53
315,3175,2019,rotation,72
374,3175,2020,starter,53
374,3175,2021,starter,71
374,3175,2022,bench,91
345,3175,2023,rotation,96
345,3175,2024,rotation,48
290,3176,2023,starter,31
290,3176,2024,starter,81
359,3177,2015,rotation,14
359,3177,2016,rotation,92
359,3177,2017,starter,26
359,3177,2018,starter,82
113,3177,2019,starter,64
113,3177,2020,starter,82
113,3177,2021,starter,6
113,3177,2022,starter,30
113,3177,2023,starter,36
113,3177,2024,rotation,87
23,3178,2015,starter,31
23,3178,2016,starter,34
23,3178,2017,starter,55
23,3178,2018,starter,72
23,3178,2019,bench,88
23,3178,2020,rotation,10
23,3178,2021,rotation,39
23,3178,2022,rotation,13
23,3178,2023,rotation,5
23,3178,2024,starter,63
144,3179,2019,starter,8
144,3179,2020,starter,26
144,3179,2021,bench,61
144,3179,2022,rotation,67
144,3179,2023,bench,20
144,3179,2024,starter,37
340,3181,2016,starter,64
340,3181,2017,starter,63
356,3181,2018,starter,19
356,3181,2019,starter,23
281,3181,2020,starter,3
137,3181,2021,starter,91
137,3181,2022,starter,16
137,3181,2023,starter,58
137,3181,2024,starter,74
318,3182,2017,starter,41
318,3182,2018,starter,45
318,3182,2019,starter,82
318,3182,2020,starter,31
318,3182,2021,starter,36
318,3182,2022,starter,43
318,3182,2023,rotation,1
318,3182,2024,starter,56
168,3183,2015,starter,23
168,3183,2016,starter,26
168,3183,2017,starter,73
139,3183,2018,starter,26
139,3183,2019,starter,1
380,3184,2016,starter,20
380,3184,2017,starter,57
380,3184,2018,starter,81
380,3184,2019,starter,82
380,3184,2020,starter,58
380,3184,2021,rotation,39
380,3184,2022,starter,64
380,3184,2023,rotation,76
380,3184,2024,rotation,33
121,3185,2015,starter,6
121,3185,2016,starter,1
121,3185,2017,rotation,84
30,3185,2018,starter,56
30,3185,2019,bench,53
30,3185,2020,starter,73
30,3185,2021,rotation,1
30,3185,2022,starter,53
30,3185,2023,bench,65
30,3185,2024,rotation,33
132,3186,2016,starter,28
132,3186,2017,starter,66
132,3186,2018,rotation,38
132,3186,2019,rotation,72
132,3186,2020,starter,18
132,3186,2021,rotation,4
132,3186,2022,bench,59
132,3186,2023,starter,78
132,3186,2024,bench,49
260,3187,2015,starter,88
260,3187,2016,bench,58
260,3187,2017,starter,40
260,3187,2018,rotation,14
260,3187,2019,bench,90
269,3189,2015,starter,77
269,3189,2016,bench,73
269,3189,2017,bench,25
269,3189,2018,starter,13
269,3189,2019,starter,98
269,3189,2020,starter,94
269,3189,2021,starter,38
330,3189,2022,starter,61
330,3189,2023,starter,18
330,3189,2024,rotation,56
266,3190,2019,starter,11
266,3190,2020,starter,48
266,3190,2021,starter,62
266,3190,2022,starter,76
266,3190,2023,rotation,19
266,3190,2024,bench,56
363,3191,2015,starter,17
363,3191,2016,rotation,53
67,3191,2017,starter,9
67,3191,2018,starter,83
67,3191,2019,starter,84
85,3193,2024,rotation,44
303,3194,2015,rotation,1
303,3194,2016,bench,96
303,3194,2017,starter,61
303,3194,2018,starter,51
303,3194,2019,rotation,39
303,3194,2020,bench,44
303,3194,2021,rotation,57
315,3194,2022,bench,42
315,3194,2023,rotation,19
315,3194,2024,starter,43
183,3196,2015,starter,88
183,3196,2016,rotation,46
183,3196,2017,starter,87
183,3196,2018,rotation,43
183,3196,2019,rotation,29
183,3196,2020,starter,57
183,3196,2021,starter,77
183,3196,2022,starter,83
183,3196,2023,rotation,65
183,3196,2024,starter,25
343,3197,2015,rotation,71
343,3197,2016,rotation,43
343,3197,2017,starter,33
343,3197,2018,rotation,23
343,3197,2019,rotation,39
343,3197,2020,starter,31
343,3197,2021,rotation,19
283,3198,2020,starter,55
283,3198,2021,bench,24
283,3198,2022,bench,72
283,3198,2023,starter,42
160,3198,2024,starter,35
274,3199,2015,starter,36
274,3199,2016,starter,31
274,3199,2017,starter,67
274,3199,2018,starter,12
274,3199,2019,starter,34
239,3199,2020,bench,92
239,3199,2021,starter,39
239,3199,2022,rotation,89
239,3199,2023,starter,19
335,3199,2024,starter,38
118,3200,2015,starter,51
118,3200,2016,bench,13
118,3200,2017,rotation,23
118,3200,2018,rotation,52
118,3200,2019,starter,79
118,3200,2020,rotation,17
210,3200,2021,starter,75
210,3200,2022,rotation,69
210,3200,2023,starter,4
210,3200,2024,bench,35
104,3201,2019,rotation,13
104,3201,2020,starter,37
104,3201,2021,starter,92
104,3201,2022,rotation,30
104,3201,2023,starter,28
104,3201,2024,rotation,22
155,3202,2015,bench,52
155,3202,2016,starter,16
155,3202,2017,starter,66
155,3202,2018,bench,53
155,3202,2019,starter,4
155,3202,2020,starter,56
155,3202,2021,starter,22
178,3202,2022,starter,7
178,3202,2023,starter,13
178,3202,2024,starter,7
369,3203,2015,starter,49
369,3203,2016,rotation,16
369,3203,2017,starter,44
273,3203,2018,rotation,30
273,3203,2019,starter,45
273,3203,2020,rotation,7
273,3203,2021,starter,70
273,3203,2022,bench,35
273,3203,2023,rotation,70
273,3203,2024,rotation,74
356,3204,2022,rotation,84
356,3204,2023,starter,36
356,3204,2024,rotation,25
130,3205,2022,rotation,98
130,3205,2023,bench,56
130,3205,2024,rotation,66
362,3207,2022,bench,53
362,3207,2023,starter,37
362,3207,2024,starter,7
276,3208,2015,rotation,71
340,3208,2016,starter,45
340,3208,2017,rotation,27
340,3208,2018,starter,57
340,3208,2019,rotation,31
340,3208,2020,starter,91
340,3208,2021,starter,43
340,3208,2022,starter,57
340,3208,2023,starter,76
340,3208,2024,starter,38
255,3210,2018,rotation,72
255,3210,2019,rotation,2
255,3210,2020,starter,45
255,3210,2021,bench,87
255,3210,2022,starter,34
255,3210,2023,starter,3
255,3210,2024,starter,40
251,3211,2015,starter,68
251,3211,2016,starter,16
251,3211,2017,starter,30
251,3211,2018,rotation,87
251,3211,2019,starter,69
251,3211,2020,starter,80
251,3211,2021,starter,59
251,3211,2022,rotation,17
251,3211,2023,rotation,97
251,3211,2024,starter,7
135,3214,2015,rotation,22
135,3214,2016,rotation,7
135,3214,2017,starter,50
135,3214,2018,rotation,24
135,3214,2019,rotation,10
135,3214,2020,starter,59
135,3214,2021,rotation,84
367,3214,2022,starter,75
367,3214,2023,starter,65
367,3214,2024,rotation,16
49,3215,2024,starter,74
275,3216,2019,starter,64
275,3216,2020,bench,29
275,3216,2021,starter,86
275,3216,2022,starter,18
275,3216,2023,starter,85
275,3216,2024,starter,82
343,3218,2015,starter,49
343,3218,2016,starter,48
343,3218,2017,starter,51
343,3218,2018,starter,26
343,3218,2019,starter,72
343,3218,2020,starter,32
343,3218,2021,starter,20
343,3218,2022,starter,90
343,3218,2023,starter,84
343,3218,2024,bench,88
69,3221,2015,starter,71
353,3221,2016,starter,8
353,3221,2017,starter,79
353,3221,2018,rotation,50
353,3221,2019,starter,60
353,3221,2020,rotation,31
353,3221,2021,starter,42
353,3221,2022,starter,66
353,3221,2023,starter,24
353,3221,2024,starter,71
320,3223,2019,starter,67
320,3223,2020,rotation,17
320,3223,2021,starter,98
320,3223,2022,bench,89
320,3223,2023,bench,27
152,3223,2024,rotation,39
306,3224,2015,starter,72
113,3224,2016,starter,38
113,3224,2017,starter,98
113,3224,2018,rotation,80
374,3224,2019,bench,24
374,3224,2020,starter,52
70,3225,2015,starter,59
70,3225,2016,starter,87
70,3225,2017,starter,73
70,3225,2018,starter,26
70,3225,2019,bench,24
70,3225,2020,starter,8
70,3225,2021,bench,14
70,3225,2022,bench,14
70,3225,2023,starter,95
70,3225,2024,starter,30
255,3226,2015,starter,56
255,3226,2016,bench,23
255,3226,2017,starter,77
255,3226,2018,starter,53
255,3226,2019,starter,72
255,3226,2020,starter,76
255,3226,2021,starter,86
255,3226,2022,starter,44
255,3226,2023,starter,95
255,3226,2024,starter,17
122,3227,2015,bench,93
122,3227,2016,rotation,81
122,3227,2017,starter,33
122,3227,2018,bench,34
122,3227,2019,starter,96
122,3227,2020,rotation,60
206,3227,2021,starter,2
206,3227,2022,rotation,4
206,3227,2023,starter,9
206,3227,2024,bench,24
137,3228,2015,rotation,63
131,3228,2016,rotation,84
131,3228,2017,starter,87
131,3228,2018,starter,83
131,3228,2019,starter,16
131,3228,2020,starter,10
131,3228,2021,rotation,10
49,3229,2017,starter,34
49,3229,2018,rotation,68
49,3229,2019,rotation,17
49,3229,2020,starter,20
210,3229,2021,bench,7
210,3229,2022,starter,18
210,3229,2023,starter,2
210,3229,2024,bench,43
293,3230,2015,starter,71
293,3230,2016,rotation,98
293,3230,2017,starter,81
293,3230,2018,starter,59
293,3230,2019,rotation,83
293,3230,2020,starter,3
293,3230,2021,bench,30
293,3230,2022,starter,98
293,3230,2023,rotation,95
293,3230,2024,rotation,93
110,3231,2016,starter,65
110,3231,2017,starter,90
110,3231,2018,starter,47
110,3231,2019,starter,9
110,3231,2020,starter,97
110,3231,2021,starter,97
110,3231,2022,bench,23
358,3231,2023,starter,12
358,3231,2024,starter,79
214,3232,2015,starter,47
214,3232,2016,starter,76
246,3232,2017,bench,18
246,3232,2018,starter,66
246,3232,2019,rotation,35
246,3232,2020,starter,82
246,3232,2021,bench,83
246,3232,2022,rotation,1
246,3232,2023,starter,96
246,3232,2024,starter,57
324,3233,2016,starter,74
324,3233,2017,starter,26
324,3233,2018,rotation,49
324,3233,2019,starter,36
324,3233,2020,bench,75
324,3233,2021,rotation,48
98,3233,2022,rotation,69
101,3233,2023,starter,48
101,3233,2024,bench,16
11,3234,2015,bench,66
11,3234,2016,bench,76
11,3234,2017,rotation,57
11,3234,2018,starter,19
11,3234,2019,bench,43
11,3234,2020,starter,4
11,3234,2021,bench,34
11,3234,2022,starter,14
208,3234,2023,rotation,50
208,3234,2024,starter,29
360,3235,2020,starter,39
360,3235,2021,starter,42
263,3235,2022,starter,4
263,3235,2023,rotation,34
263,3235,2024,starter,65
2,3236,2022,rotation,71
2,3236,2023,starter,2
2,3236,2024,starter,42
69,3237,2015,rotation,42
133,3237,2016,rotation,27
133,3237,2017,starter,68
133,3237,2018,bench,81
368,3237,2019,starter,66
368,3237,2020,bench,10
368,3237,2021,bench,57
368,3237,2022,starter,39
368,3237,2023,starter,10
368,3237,2024,bench,81
226,3238,2015,starter,61
226,3238,2016,starter,84
226,3238,2017,starter,70
226,3238,2018,starter,94
226,3238,2019,rotation,60
226,3238,2020,bench,88
226,3238,2021,starter,95
226,3238,2022,bench,6
226,3238,2023,starter,33
226,3238,2024,starter,88
364,3239,2021,rotation,31
364,3239,2022,rotation,37
215,3239,2023,starter,38
215,3239,2024,bench,40
346,3240,2020,rotation,24
346,3240,2021,bench,14
346,3240,2022,starter,51
346,3240,2023,starter,76
346,3240,2024,starter,67
326,3241,2020,starter,33
326,3241,2021,starter,52
326,3241,2022,bench,17
326,3241,2023,starter,30
326,3241,2024,starter,57
327,3242,2015,bench,39
327,3242,2016,starter,1
327,3242,2017,rotation,35
344,3242,2018,starter,43
344,3242,2019,starter,73
344,3242,2020,rotation,4
344,3242,2021,rotation,65
279,3242,2022,rotation,69
279,3242,2023,starter,49
279,3242,2024,bench,26
34,3243,2015,rotation,9
34,3243,2016,rotation,18
34,3243,2017,bench,70
134,3243,2018,starter,92
374,3243,2019,starter,26
374,3243,2020,bench,2
374,3243,2021,rotation,84
374,3243,2022,starter,13
374,3243,2023,bench,24
374,3243,2024,starter,82
58,3244,2015,starter,49
58,3244,2016,starter,44
58,3244,2017,starter,21
58,3244,2018,rotation,75
58,3244,2019,starter,23
311,3244,2020,starter,12
366,3244,2021,starter,71
227,3244,2022,rotation,8
227,3244,2023,starter,95
227,3244,2024,starter,83
86,3245,2015,bench,93
86,3245,2016,starter,24
86,3245,2017,rotation,66
86,3245,2018,starter,32
86,3245,2019,rotation,33
86,3245,2020,bench,75
86,3245,2021,bench,73
86,3245,2022,starter,18
86,3245,2023,starter,90
296,3245,2024,starter,5
138,3246,2015,starter,48
138,3246,2016,bench,70
138,3246,2017,starter,95
138,3246,2018,starter,59
138,3246,2019,rotation,95
138,3246,2020,rotation,22
138,3246,2021,rotation,30
138,3246,2022,bench,60
258,3247,2020,starter,36
258,3247,2021,starter,76
258,3247,2022,rotation,56
258,3247,2023,starter,77
258,3247,2024,bench,48
97,3249,2017,rotation,68
97,3249,2018,starter,4
97,3249,2019,starter,89
97,3249,2020,starter,51
97,3249,2021,starter,85
15,3249,2022,rotation,41
15,3249,2023,starter,98
15,3249,2024,bench,6
12,3250,2015,rotation,78
12,3250,2016,bench,80
12,3250,2017,rotation,60
12,3250,2018,starter,11
12,3250,2019,starter,72
12,3250,2020,rotation,7
12,3250,2021,rotation,71
12,3250,2022,starter,49
370,3250,2023,starter,66
370,3250,2024,bench,56
356,3251,2015,starter,82
356,3251,2016,bench,80
356,3251,2017,bench,47
356,3251,2018,starter,84
356,3251,2019,starter,37
356,3251,2020,rotation,55
356,3251,2021,bench,97
332,3251,2022,starter,73
332,3251,2023,starter,18
332,3251,2024,rotation,20
348,3252,2019,starter,95
348,3252,2020,starter,87
348,3252,2021,starter,97
348,3252,2022,rotation,11
348,3252,2023,bench,85
348,3252,2024,bench,97
355,3253,2015,starter,49
355,3253,2016,starter,42
355,3253,2017,starter,21
355,3253,2018,starter,68
355,3253,2019,starter,38
355,3253,2020,starter,70
355,3253,2021,bench,67
355,3253,2022,rotation,84
355,3253,2023,starter,34
355,3253,2024,starter,71
210,3254,2015,starter,39
210,3254,2016,starter,58
35,3254,2017,rotation,98
35,3254,2018,bench,10
35,3254,2019,starter,89
35,3254,2020,starter,96
35,3254,2021,rotation,16
287,3254,2022,rotation,89
226,3254,2023,starter,13
226,3254,2024,bench,54
364,3255,2023,starter,98
364,3255,2024,rotation,2
322,3256,2015,rotation,48
322,3256,2016,bench,49
322,3256,2017,starter,27
164,3256,2018,bench,68
164,3256,2019,starter,30
372,3256,2020,rotation,10
372,3256,2021,starter,54
372,3256,2022,rotation,2
372,3256,2023,starter,48
372,3256,2024,starter,13
129,3257,2015,bench,89
319,3257,2016,bench,39
319,3257,2017,starter,81
319,3257,2018,rotation,8
146,3257,2019,starter,35
338,3257,2020,starter,36
338,3257,2021,starter,47
338,3257,2022,rotation,39
25,3257,2023,rotation,56
25,3257,2024,bench,53
321,3258,2015,rotation,69
321,3258,2016,starter,85
321,3258,2017,starter,13
321,3258,2018,starter,75
321,3258,2019,starter,96
321,3258,2020,starter,31
321,3258,2021,rotation,32
321,3258,2022,starter,6
321,3258,2023,starter,90
181,3258,2024,rotation,52
240,3259,2015,starter,49
240,3259,2016,rotation,16
240,3259,2017,starter,9
240,3259,2018,starter,29
240,3259,2019,starter,61
240,3259,2020,rotation,89
371,3259,2021,starter,89
371,3259,2022,starter,54
371,3259,2023,starter,93
371,3259,2024,bench,23
133,3260,2015,bench,83
133,3260,2016,starter,55
133,3260,2017,starter,47
133,3260,2018,starter,73
133,3260,2019,rotation,29
264,3260,2020,starter,70
264,3260,2021,rotation,54
264,3260,2022,rotation,28
264,3260,2023,rotation,50
264,3260,2024,bench,47
85,3261,2015,rotation,27
85,3261,2016,rotation,96
85,3261,2017,bench,92
85,3261,2018,starter,71
85,3261,2019,starter,75
85,3261,2020,bench,60
85,3261,2021,starter,84
85,3261,2022,starter,28
85,3261,2023,starter,16
217,3261,2024,starter,32
81,3262,2022,rotation,26
81,3262,2023,starter,20
81,3262,2024,rotation,65
330,3263,2016,starter,9
374,3263,2017,rotation,43
374,3263,2018,starter,10
356,3263,2019,starter,27
356,3263,2020,starter,82
174,3263,2021,starter,48
174,3263,2022,starter,3
174,3263,2023,rotation,3
174,3263,2024,starter,58
362,3264,2017,rotation,38
322,3264,2018,starter,86
322,3264,2019,starter,72
322,3264,2020,starter,67
322,3264,2021,starter,30
322,3264,2022,rotation,19
322,3264,2023,starter,29
41,3264,2024,starter,9
80,3265,2016,bench,22
369,3265,2017,bench,20
369,3265,2018,starter,64
369,3265,2019,starter,93
367,3265,2020,starter,2
367,3265,2021,starter,26
367,3265,2022,bench,50
367,3265,2023,starter,25
367,3265,2024,starter,55
184,3267,2017,bench,47
184,3267,2018,starter,51
184,3267,2019,rotation,35
184,3267,2020,starter,53
184,3267,2021,bench,87
184,3267,2022,starter,82
184,3267,2023,starter,58
184,3267,2024,rotation,41
238,3268,2015,rotation,40
212,3268,2016,starter,21
212,3268,2017,rotation,70
212,3268,2018,starter,12
212,3268,2019,starter,16
212,3268,2020,starter,21
212,3268,2021,starter,56
212,3268,2022,bench,72
212,3268,2023,bench,69
212,3268,2024,rotation,28
168,3270,2015,starter,20
168,3270,2016,starter,86
168,3270,2017,starter,86
168,3270,2018,rotation,2
168,3270,2019,rotation,53
168,3270,2020,rotation,38
168,3270,2021,starter,47
168,3270,2022,rotation,24
352,3271,2015,starter,11
352,3271,2016,rotation,90
274,3271,2017,starter,71
274,3271,2018,starter,38
274,3271,2019,starter,59
274,3271,2020,starter,27
274,3271,2021,starter,35
38,3271,2022,starter,78
38,3271,2023,bench,88
38,3271,2024,bench,12
355,3272,2015,bench,72
355,3272,2016,rotation,42
355,3272,2017,rotation,14
355,3272,2018,starter,89
355,3272,2019,rotation,60
355,3272,2020,bench,91
355,3272,2021,starter,44
355,3272,2022,starter,81
355,3272,2023,rotation,93
355,3272,2024,bench,44
318,3274,2018,rotation,14
356,3274,2019,starter,80
356,3274,2020,starter,58
356,3274,2021,bench,10
356,3274,2022,starter,89
148,3274,2023,starter,80
148,3274,2024,starter,39
9,3275,2015,rotation,69
9,3275,2016,starter,86
320,3275,2017,starter,22
320,3275,2018,starter,93
320,3275,2019,rotation,62
320,3275,2020,starter,11
320,3275,2021,rotation,26
320,3275,2022,starter,93
320,3275,2023,rotation,19
320,3275,2024,starter,12
369,3277,2017,bench,53
369,3277,2018,rotation,32
369,3277,2019,starter,57
369,3277,2020,bench,23
369,3277,2021,rotation,72
369,3277,2022,starter,82
369,3277,2023,starter,72
369,3277,2024,starter,62
123,3278,2015,starter,14
123,3278,2016,rotation,46
123,3278,2017,starter,50
123,3278,2018,starter,82
123,3278,2019,rotation,98
123,3278,2020,starter,18
123,3278,2021,rotation,47
257,3278,2022,rotation,60
257,3278,2023,starter,66
257,3278,2024,rotation,59
325,3280,2015,starter,75
325,3280,2016,starter,40
325,3280,2017,rotation,87
325,3280,2018,rotation,73
325,3280,2019,bench,20
325,3280,2020,bench,73
325,3280,2021,starter,27
325,3280,2022,starter,67
325,3280,2023,starter,6
325,3280,2024,starter,17
38,3281,2015,bench,57
38,3281,2016,starter,39
38,3281,2017,starter,45
38,3281,2018,starter,95
38,3281,2019,starter,94
38,3281,2020,starter,26
38,3281,2021,starter,20
38,3281,2022,starter,64
38,3281,2023,starter,35
38,3281,2024,starter,94
199,3283,2023,starter,69
199,3283,2024,starter,94
156,3284,2022,bench,77
156,3284,2023,rotation,66
12,3284,2024,starter,20
99,3285,2015,starter,19
99,3285,2016,starter,79
295,3285,2017,bench,37
295,3285,2018,starter,15
295,3285,2019,rotation,4
295,3285,2020,rotation,55
192,3285,2021,starter,4
192,3285,2022,rotation,39
192,3285,2023,bench,55
192,3285,2024,starter,86
182,3287,2015,starter,5
182,3287,2016,bench,74
182,3287,2017,starter,64
182,3287,2018,starter,82
182,3287,2019,starter,79
182,3287,2020,starter,62
182,3287,2021,starter,77
182,3287,2022,bench,36
182,3287,2023,starter,33
182,3287,2024,starter,42
337,3288,2015,starter,55
99,3288,2016,starter,21
99,3288,2017,bench,22
99,3288,2018,starter,86
99,3288,2019,starter,25
99,3288,2020,starter,80
99,3288,2021,starter,28
62,3289,2015,rotation,77
62,3289,2016,starter,43
62,3289,2017,rotation,33
62,3289,2018,rotation,61
62,3289,2019,starter,66
62,3289,2020,bench,38
291,3289,2021,starter,69
291,3289,2022,rotation,36
239,3289,2023,starter,76
239,3289,2024,bench,52
162,3290,2023,starter,79
162,3290,2024,rotation,93
286,3291,2015,bench,34
286,3291,2016,starter,25
286,3291,2017,starter,29
286,3291,2018,starter,49
286,3291,2019,starter,46
286,3291,2020,starter,61
313,3291,2021,starter,71
313,3291,2022,rotation,3
313,3291,2023,rotation,78
313,3291,2024,rotation,96
309,3292,2015,bench,92
309,3292,2016,rotation,92
309,3292,2017,starter,80
309,3292,2018,starter,43
309,3292,2019,bench,64
309,3292,2020,starter,43
309,3292,2021,starter,4
309,3292,2022,starter,6
251,3294,2015,rotation,23
251,3294,2016,starter,63
251,3294,2017,rotation,63
251,3294,2018,rotation,93
251,3294,2019,rotation,2
251,3294,2020,starter,20
251,3294,2021,starter,6
316,3294,2022,starter,24
316,3294,2023,bench,12
316,3294,2024,starter,3
175,3296,2022,rotation,42
175,3296,2023,bench,90
175,3296,2024,starter,55
343,3297,2015,starter,85
343,3297,2016,starter,65
343,3297,2017,starter,54
343,3297,2018,starter,31
343,3297,2019,rotation,68
343,3297,2020,bench,66
343,3297,2021,bench,8
343,3297,2022,starter,33
343,3297,2023,starter,76
343,3297,2024,bench,50
45,3298,2018,starter,92
45,3298,2019,bench,20
45,3298,2020,starter,81
45,3298,2021,starter,91
45,3298,2022,bench,72
45,3298,2023,starter,40
45,3298,2024,starter,98
212,3299,2015,starter,57
212,3299,2016,starter,39
236,3299,2017,rotation,43
236,3299,2018,starter,31
154,3299,2019,rotation,71
154,3299,2020,starter,35
154,3299,2021,starter,2
154,3299,2022,starter,57
154,3299,2023,rotation,26
154,3299,2024,starter,13
124,3300,2015,starter,24
124,3300,2016,starter,24
124,3300,2017,starter,31
124,3300,2018,rotation,33
124,3300,2019,rotation,53
124,3300,2020,starter,69
124,3300,2021,rotation,8
124,3300,2022,rotation,30
206,3301,2015,starter,56
206,3301,2016,starter,37
206,3301,2017,starter,31
206,3301,2018,rotation,10
206,3301,2019,rotation,95
206,3301,2020,starter,92
206,3301,2021,rotation,25
206,3301,2022,starter,31
206,3301,2023,starter,62
251,3302,2015,rotation,32
251,3302,2016,bench,56
251,3302,2017,starter,75
251,3302,2018,rotation,81
251,3302,2019,starter,72
251,3302,2020,bench,66
251,3302,2021,starter,42
251,3302,2022,rotation,15
251,3302,2023,starter,65
251,3302,2024,starter,55
11,3303,2023,starter,1
11,3303,2024,bench,78
26,3304,2022,starter,1
26,3304,2023,bench,49
26,3304,2024,rotation,43
236,3305,2023,starter,4
236,3305,2024,starter,82
127,3306,2015,bench,14
127,3306,2016,bench,32
127,3306,2017,starter,69
127,3306,2018,starter,27
127,3306,2019,starter,19
127,3306,2020,rotation,12
182,3306,2021,starter,15
182,3306,2022,bench,17
295,3306,2023,starter,97
295,3306,2024,rotation,64
309,3307,2015,bench,88
309,3307,2016,bench,35
319,3307,2017,rotation,77
319,3307,2018,starter,28
319,3307,2019,rotation,35
319,3307,2020,bench,89
319,3307,2021,starter,88
319,3307,2022,bench,18
319,3307,2023,rotation,90
319,3307,2024,starter,24
225,3308,2022,rotation,20
225,3308,2023,starter,4
225,3308,2024,starter,34
106,3309,2017,rotation,9
106,3309,2018,starter,9
106,3309,2019,starter,18
106,3309,2020,starter,50
106,3309,2021,starter,59
106,3309,2022,starter,14
106,3309,2023,starter,47
106,3309,2024,rotation,48
247,3311,2015,bench,56
247,3311,2016,starter,75
247,3311,2017,rotation,5
247,3311,2018,rotation,98
99,3311,2019,starter,24
99,3311,2020,starter,70
99,3311,2021,starter,19
99,3311,2022,starter,86
99,3311,2023,starter,55
99,3311,2024,starter,18
242,3312,2018,starter,90
242,3312,2019,starter,67
242,3312,2020,rotation,31
242,3312,2021,starter,20
242,3312,2022,starter,58
302,3312,2023,starter,77
302,3312,2024,starter,1
151,3313,2023,rotation,56
159,3313,2024,rotation,4
123,3315,2015,bench,60
123,3315,2016,starter,38
123,3315,2017,rotation,98
123,3315,2018,starter,12
123,3315,2019,starter,65
123,3315,2020,starter,12
123,3315,2021,starter,14
123,3315,2022,rotation,18
123,3315,2023,starter,11
123,3315,2024,starter,65
175,3316,2023,starter,35
175,3316,2024,starter,38
322,3317,2015,starter,96
322,3317,2016,rotation,45
322,3317,2017,starter,63
322,3317,2018,starter,26
322,3317,2019,starter,10
313,3317,2020,rotation,16
313,3317,2021,starter,24
256,3317,2022,bench,33
256,3317,2023,rotation,60
256,3317,2024,rotation,19
311,3318,2020,starter,47
311,3318,2021,rotation,28
311,3318,2022,bench,65
311,3318,2023,starter,90
311,3318,2024,starter,91
202,3319,2015,starter,45
202,3319,2016,starter,90
202,3319,2017,rotation,6
202,3319,2018,starter,83
202,3319,2019,rotation,39
202,3319,2020,rotation,83
202,3319,2021,bench,65
202,3319,2022,starter,16
202,3319,2023,rotation,44
202,3319,2024,rotation,79
357,3322,2015,starter,72
357,3322,2016,rotation,22
357,3322,2017,starter,8
357,3322,2018,starter,90
357,3322,2019,rotation,83
252,3322,2020,bench,2
252,3322,2021,starter,19
252,3322,2022,rotation,2
252,3322,2023,starter,89
238,3323,2015,bench,98
238,3323,2016,starter,83
238,3323,2017,starter,64
238,3323,2018,starter,83
238,3323,2019,starter,41
238,3323,2020,rotation,13
238,3323,2021,rotation,13
238,3323,2022,starter,32
238,3323,2023,bench,85
238,3323,2024,starter,43
344,3324,2021,starter,46
379,3324,2022,bench,83
379,3324,2023,starter,56
379,3324,2024,bench,77
129,3325,2017,starter,76
129,3325,2018,rotation,28
129,3325,2019,rotation,31
129,3325,2020,starter,32
129,3325,2021,starter,2
129,3325,2022,starter,30
364,3325,2023,bench,32
364,3325,2024,bench,8
313,3327,2015,rotation,34
313,3327,2016,starter,19
313,3327,2017,starter,90
313,3327,2018,bench,1
313,3327,2019,starter,29
313,3327,2020,rotation,55
313,3327,2021,rotation,68
313,3327,2022,starter,1
313,3327,2023,bench,48
313,3327,2024,starter,22
365,3328,2015,starter,49
365,3328,2016,starter,36
365,3328,2017,starter,21
365,3328,2018,starter,13
365,3328,2019,rotation,77
242,3328,2020,rotation,62
242,3328,2021,starter,98
242,3328,2022,starter,61
242,3328,2023,starter,74
242,3328,2024,starter,53
321,3329,2015,rotation,24
321,3329,2016,starter,32
321,3329,2017,starter,33
321,3329,2018,rotation,71
321,3329,2019,bench,17
321,3329,2020,bench,9
321,3329,2021,starter,3
321,3329,2022,starter,10
321,3329,2023,starter,21
321,3329,2024,starter,81
150,3331,2015,rotation,88
150,3331,2016,starter,17
150,3331,2017,bench,18
150,3331,2018,starter,73
150,3331,2019,bench,7
150,3331,2020,starter,97
150,3331,2021,starter,72
150,3331,2022,rotation,11
150,3331,2023,starter,69
150,3331,2024,rotation,59
111,3332,2015,starter,97
111,3332,2016,starter,79
111,3332,2017,rotation,94
151,3332,2018,rotation,66
151,3332,2019,starter,90
300,3332,2020,rotation,90
300,3332,2021,bench,60
300,3332,2022,starter,18
300,3332,2023,starter,6
300,3332,2024,starter,78
353,3333,2024,starter,7
267,3334,2015,bench,5
338,3334,2016,starter,68
338,3334,2017,rotation,16
338,3334,2018,starter,11
338,3334,2019,rotation,45
338,3334,2020,starter,81
338,3334,2021,starter,45
338,3334,2022,starter,95
338,3334,2023,rotation,15
338,3334,2024,starter,54
315,3335,2021,rotation,24
315,3335,2022,rotation,14
315,3335,2023,rotation,84
315,3335,2024,starter,92
366,3336,2024,starter,33
154,3337,2015,bench,49
154,3337,2016,starter,3
154,3337,2017,starter,9
154,3337,2018,starter,91
154,3337,2019,bench,91
129,3337,2020,rotation,11
129,3337,2021,bench,93
364,3337,2022,starter,3
364,3337,2023,starter,30
364,3337,2024,starter,34
265,3338,2015,rotation,77
265,3338,2016,starter,36
230,3338,2017,bench,75
370,3338,2018,starter,91
370,3338,2019,starter,69
370,3338,2020,starter,16
370,3338,2021,starter,55
370,3338,2022,rotation,10
370,3338,2023,starter,80
370,3338,2024,starter,54
206,3339,2022,starter,37
206,3339,2023,starter,13
206,3339,2024,rotation,32
362,3340,2015,bench,47
362,3340,2016,starter,49
362,3340,2017,rotation,34
362,3340,2018,rotation,48
362,3340,2019,rotation,49
362,3340,2020,rotation,7
362,3340,2021,starter,23
362,3340,2022,starter,59
362,3340,2023,starter,59
362,3340,2024,starter,74
297,3341,2015,starter,12
297,3341,2016,rotation,45
74,3341,2017,rotation,23
74,3341,2018,starter,15
74,3341,2019,starter,79
74,3341,2020,bench,56
74,3341,2021,starter,44
74,3341,2022,rotation,14
42,3341,2023,starter,3
42,3341,2024,rotation,86
46,3342,2017,bench,78
46,3342,2018,starter,87
46,3342,2019,rotation,22
46,3342,2020,starter,45
46,3342,2021,starter,67
46,3342,2022,starter,4
46,3342,2023,bench,34
46,3342,2024,starter,36
21,3344,2022,starter,27
21,3344,2023,rotation,93
21,3344,2024,starter,16
195,3347,2016,starter,79
195,3347,2017,rotation,11
195,3347,2018,bench,61
195,3347,2019,rotation,44
195,3347,2020,bench,14
195,3347,2021,rotation,14
195,3347,2022,rotation,1
195,3347,2023,bench,15
195,3347,2024,starter,18
265,3348,2015,starter,29
265,3348,2016,rotation,49
265,3348,2017,bench,71
265,3348,2018,starter,23
265,3348,2019,rotation,36
265,3348,2020,starter,77
265,3348,2021,starter,41
265,3348,2022,bench,77
208,3348,2023,starter,1
208,3348,2024,starter,23
362,3349,2015,bench,95
362,3349,2016,starter,19
302,3349,2017,rotation,86
302,3349,2018,starter,66
302,3349,2019,starter,5
302,3349,2020,starter,70
307,3349,2021,starter,23
307,3349,2022,starter,22
307,3349,2023,rotation,62
307,3349,2024,bench,9
349,3350,2015,rotation,44
349,3350,2016,starter,28
349,3350,2017,starter,71
349,3350,2018,bench,1
349,3350,2019,starter,13
349,3350,2020,rotation,84
349,3350,2021,starter,92
349,3350,2022,bench,24
349,3350,2023,rotation,27
349,3350,2024,starter,87
328,3351,2015,rotation,66
328,3351,2016,starter,37
328,3351,2017,starter,86
328,3351,2018,rotation,90
328,3351,2019,bench,50
328,3351,2020,starter,36
328,3351,2021,rotation,88
328,3351,2022,starter,2
328,3351,2023,starter,86
328,3351,2024,rotation,55
352,3353,2019,starter,93
295,3353,2020,starter,12
295,3353,2021,starter,6
295,3353,2022,starter,83
295,3353,2023,starter,67
295,3353,2024,starter,74
6,3354,2019,starter,64
6,3354,2020,starter,34
6,3354,2021,bench,89
116,3354,2022,starter,11
116,3354,2023,starter,6
116,3354,2024,rotation,10
43,3355,2015,rotation,54
43,3355,2016,rotation,57
43,3355,2017,starter,37
43,3355,2018,starter,8
43,3355,2019,starter,4
43,3355,2020,starter,11
43,3355,2021,bench,59
43,3355,2022,rotation,75
338,3356,2015,starter,70
338,3356,2016,rotation,55
338,3356,2017,starter,47
338,3356,2018,rotation,95
338,3356,2019,starter,50
338,3356,2020,bench,96
338,3356,2021,bench,97
338,3356,2022,rotation,84
214,3356,2023,starter,55
214,3356,2024,rotation,90
283,3357,2020,rotation,46
192,3357,2021,starter,24
192,3357,2022,starter,11
192,3357,2023,starter,81
259,3357,2024,rotation,95
124,3358,2015,starter,67
124,3358,2016,starter,30
174,3358,2017,bench,17
174,3358,2018,starter,58
126,3358,2019,starter,2
126,3358,2020,starter,92
126,3358,2021,rotation,90
213,3358,2022,starter,77
350,3359,2016,rotation,96
108,3359,2017,starter,30
108,3359,2018,starter,85
108,3359,2019,rotation,30
108,3359,2020,starter,53
346,3359,2021,starter,3
346,3359,2022,starter,63
346,3359,2023,starter,1
346,3359,2024,starter,71
371,3360,2015,starter,7
371,3360,2016,rotation,4
371,3360,2017,bench,29
371,3360,2018,starter,58
371,3360,2019,rotation,54
371,3360,2020,rotation,47
373,3361,2015,starter,22
373,3361,2016,starter,8
373,3361,2017,starter,74
373,3361,2018,starter,54
373,3361,2019,starter,9
373,3361,2020,starter,95
158,3361,2021,starter,1
158,3361,2022,starter,54
158,3361,2023,starter,18
158,3361,2024,bench,8
282,3364,2015,rotation,25
282,3364,2016,starter,94
282,3364,2017,starter,62
282,3364,2018,starter,37
296,3364,2019,bench,58
296,3364,2020,rotation,57
296,3364,2021,starter,81
296,3364,2022,starter,88
296,3364,2023,starter,36
216,3364,2024,starter,16
372,3365,2017,starter,70
372,3365,2018,starter,65
372,3365,2019,starter,33
372,3365,2020,bench,9
372,3365,2021,starter,43
372,3365,2022,starter,28
372,3365,2023,rotation,89
372,3365,2024,starter,7
76,3366,2015,starter,97
76,3366,2016,starter,72
76,3366,2017,starter,27
76,3366,2018,starter,73
76,3366,2019,rotation,84
76,3366,2020,rotation,45
76,3366,2021,starter,67
76,3366,2022,bench,80
76,3366,2023,rotation,69
76,3366,2024,bench,81
319,3367,2023,rotation,78
319,3367,2024,starter,18
108,3368,2015,starter,90
108,3368,2016,rotation,52
108,3368,2017,starter,88
108,3368,2018,rotation,63
108,3368,2019,starter,2
108,3368,2020,rotation,20
108,3368,2021,starter,31
108,3368,2022,bench,69
108,3368,2023,starter,96
108,3368,2024,starter,18
234,3369,2021,rotation,49
234,3369,2022,rotation,70
237,3369,2023,starter,2
237,3369,2024,starter,5
111,3370,2016,starter,89
111,3370,2017,starter,49
111,3370,2018,starter,34
111,3370,2019,rotation,95
111,3370,2020,rotation,45
111,3370,2021,starter,68
111,3370,2022,rotation,11
111,3370,2023,starter,45
111,3370,2024,starter,24
262,3371,2015,starter,78
262,3371,2016,starter,51
262,3371,2017,starter,34
262,3371,2018,starter,11
201,3371,2019,starter,87
201,3371,2020,starter,84
201,3371,2021,starter,34
201,3371,2022,starter,83
201,3371,2023,rotation,97
201,3371,2024,starter,68
190,3372,2015,starter,97
190,3372,2016,rotation,48
204,3372,2017,starter,69
204,3372,2018,rotation,64
204,3372,2019,rotation,24
204,3372,2020,starter,82
204,3372,2021,starter,8
371,3372,2022,starter,24
371,3372,2023,bench,70
371,3372,2024,starter,41
325,3373,2015,starter,9
325,3373,2016,starter,26
325,3373,2017,starter,13
325,3373,2018,starter,55
325,3373,2019,rotation,98
325,3373,2020,starter,71
325,3373,2021,starter,16
369,3373,2022,starter,42
369,3373,2023,starter,39
369,3373,2024,rotation,46
369,3374,2016,rotation,37
369,3374,2017,starter,7
369,3374,2018,starter,24
103,3374,2019,starter,63
103,3374,2020,starter,14
103,3374,2021,starter,91
103,3374,2022,rotation,50
103,3374,2023,starter,15
103,3374,2024,bench,92
50,3376,2015,starter,1
50,3376,2016,starter,62
50,3376,2017,rotation,20
50,3376,2018,starter,40
50,3376,2019,starter,6
50,3376,2020,rotation,88
50,3376,2021,starter,49
50,3376,2022,starter,51
50,3376,2023,starter,70
50,3376,2024,rotation,13
335,3377,2019,starter,84
335,3377,2020,bench,14
335,3377,2021,starter,77
335,3377,2022,bench,6
335,3377,2023,starter,68
335,3377,2024,starter,58
265,3378,2023,rotation,43
265,3378,2024,bench,4
300,3379,2015,starter,72
300,3379,2016,starter,7
300,3379,2017,starter,98
300,3379,2018,rotation,72
300,3379,2019,starter,4
300,3379,2020,starter,30
300,3379,2021,starter,13
300,3379,2022,rotation,84
300,3379,2023,rotation,91
300,3379,2024,starter,76
335,3383,2022,starter,13
335,3383,2023,bench,68
335,3383,2024,rotation,83
32,3384,2021,bench,11
32,3384,2022,rotation,70
315,3384,2023,starter,4
315,3384,2024,rotation,60
72,3385,2024,rotation,52
376,3386,2017,starter,79
376,3386,2018,starter,52
376,3386,2019,bench,59
376,3386,2020,starter,76
376,3386,2021,starter,39
376,3386,2022,rotation,97
376,3386,2023,starter,87
376,3386,2024,bench,13
301,3387,2015,starter,90
355,3387,2016,rotation,25
355,3387,2017,bench,52
355,3387,2018,rotation,63
355,3387,2019,starter,84
376,3387,2020,starter,7
376,3387,2021,starter,2
376,3387,2022,starter,34
376,3387,2023,starter,3
214,3387,2024,starter,24
3,3388,2015,bench,63
3,3388,2016,bench,61
3,3388,2017,bench,30
3,3388,2018,starter,10
3,3388,2019,rotation,3
3,3388,2020,starter,49
3,3388,2021,starter,65
3,3388,2022,starter,72
3,3388,2023,bench,64
203,3388,2024,starter,49
265,3389,2021,starter,32
1,3389,2022,starter,18
1,3389,2023,starter,73
1,3389,2024,starter,18
272,3390,2015,rotation,71
272,3390,2016,starter,22
272,3390,2017,starter,70
272,3390,2018,rotation,47
272,3390,2019,starter,20
272,3390,2020,starter,95
272,3390,2021,starter,54
272,3390,2022,bench,55
272,3390,2023,rotation,80
272,3390,2024,starter,69
163,3393,2017,starter,50
163,3393,2018,rotation,27
163,3393,2019,starter,14
163,3393,2020,starter,22
163,3393,2021,starter,38
263,3393,2022,rotation,17
263,3393,2023,bench,32
263,3393,2024,starter,30
236,3395,2015,rotation,63
236,3395,2016,starter,16
236,3395,2017,starter,97
236,3395,2018,starter,25
236,3395,2019,starter,98
236,3395,2020,starter,40
236,3395,2021,rotation,72
236,3395,2022,starter,73
236,3395,2023,starter,3
236,3395,2024,starter,98
372,3396,2015,starter,40
372,3396,2016,starter,62
176,3396,2017,rotation,30
176,3396,2018,bench,61
176,3396,2019,bench,42
176,3396,2020,rotation,17
176,3396,2021,starter,79
176,3396,2022,bench,41
159,3397,2015,rotation,52
198,3397,2016,rotation,24
198,3397,2017,starter,98
198,3397,2018,rotation,80
198,3397,2019,starter,60
198,3397,2020,rotation,25
198,3397,2021,rotation,15
198,3397,2022,rotation,96
198,3397,2023,starter,55
198,3397,2024,starter,88
334,3399,2023,starter,42
334,3399,2024,starter,68
352,3400,2017,starter,60
6,3400,2018,rotation,45
6,3400,2019,starter,73
370,3400,2020,starter,89
370,3400,2021,rotation,34
370,3400,2022,starter,32
370,3400,2023,starter,96
370,3400,2024,starter,59
345,3401,2023,starter,39
345,3401,2024,rotation,50
114,3402,2022,starter,57
114,3402,2023,starter,40
114,3402,2024,starter,11
243,3403,2015,starter,82
243,3403,2016,starter,78
243,3403,2017,starter,39
243,3403,2018,starter,63
243,3403,2019,starter,61
243,3403,2020,starter,95
243,3403,2021,rotation,55
243,3403,2022,starter,46
198,3404,2016,starter,33
198,3404,2017,starter,96
198,3404,2018,rotation,1
198,3404,2019,starter,93
198,3404,2020,rotation,62
198,3404,2021,starter,1
198,3404,2022,starter,69
198,3404,2023,starter,56
198,3404,2024,starter,18
112,3405,2015,starter,7
112,3405,2016,rotation,59
112,3405,2017,starter,78
112,3405,2018,starter,24
112,3405,2019,bench,4
112,3405,2020,rotation,64
112,3405,2021,starter,10
112,3405,2022,starter,37
112,3405,2023,starter,9
112,3405,2024,starter,43
28,3406,2024,rotation,27
227,3407,2021,starter,89
379,3407,2022,rotation,73
379,3407,2023,starter,55
379,3407,2024,starter,98
316,3408,2023,bench,34
167,3408,2024,starter,5
233,3409,2015,starter,95
233,3409,2016,starter,96
318,3409,2017,starter,20
318,3409,2018,bench,81
318,3409,2019,rotation,16
318,3409,2020,rotation,20
318,3409,2021,rotation,43
318,3409,2022,starter,41
318,3409,2023,starter,80
205,3409,2024,starter,39
350,3410,2015,bench,44
350,3410,2016,rotation,7
350,3410,2017,rotation,77
350,3410,2018,starter,43
350,3410,2019,rotation,64
350,3410,2020,starter,24
350,3410,2021,bench,23
350,3410,2022,starter,24
350,3410,2023,rotation,65
350,3410,2024,starter,58
169,3411,2023,rotation,5
169,3411,2024,bench,49
363,3412,2017,rotation,75
363,3412,2018,rotation,25
363,3412,2019,starter,42
363,3412,2020,rotation,34
363,3412,2021,starter,95
363,3412,2022,starter,21
363,3412,2023,starter,58
363,3412,2024,rotation,49
9,3414,2019,starter,26
9,3414,2020,starter,77
9,3414,2021,starter,26
9,3414,2022,bench,20
9,3414,2023,starter,20
9,3414,2024,starter,86
322,3416,2015,starter,91
322,3416,2016,starter,2
322,3416,2017,rotation,5
322,3416,2018,starter,11
322,3416,2019,bench,27
322,3416,2020,rotation,2
322,3416,2021,rotation,69
322,3416,2022,starter,86
322,3416,2023,starter,67
320,3417,2015,starter,65
320,3417,2016,starter,42
320,3417,2017,starter,6
320,3417,2018,starter,18
320,3417,2019,starter,19
320,3417,2020,starter,69
320,3417,2021,starter,90
320,3417,2022,starter,67
320,3417,2023,rotation,21
320,3417,2024,starter,79
364,3419,2015,bench,58
364,3419,2016,starter,48
364,3419,2017,starter,61
364,3419,2018,bench,42
364,3419,2019,starter,63
364,3419,2020,starter,39
364,3419,2021,starter,36
364,3419,2022,starter,15
364,3419,2023,starter,94
278,3420,2015,rotation,93
278,3420,2016,starter,23
278,3420,2017,rotation,45
278,3420,2018,bench,37
278,3420,2019,bench,90
278,3420,2020,rotation,91
278,3420,2021,starter,73
46,3420,2022,starter,13
46,3420,2023,rotation,3
46,3420,2024,starter,21
315,3421,2015,starter,81
315,3421,2016,rotation,96
315,3421,2017,bench,20
315,3421,2018,starter,16
315,3421,2019,bench,24
315,3421,2020,starter,72
315,3421,2021,bench,52
315,3421,2022,starter,93
315,3421,2023,bench,6
315,3421,2024,rotation,11
286,3422,2015,starter,33
334,3422,2016,starter,22
334,3422,2017,rotation,29
334,3422,2018,bench,25
334,3422,2019,rotation,29
334,3422,2020,starter,48
334,3422,2021,rotation,85
334,3422,2022,starter,29
334,3422,2023,starter,77
294,3422,2024,starter,78
158,3423,2015,starter,2
158,3423,2016,bench,70
158,3423,2017,starter,55
158,3423,2018,starter,45
345,3423,2019,starter,68
71,3424,2015,starter,36
35,3424,2016,rotation,69
35,3424,2017,starter,75
35,3424,2018,starter,73
35,3424,2019,starter,82
35,3424,2020,starter,3
35,3424,2021,starter,96
35,3424,2022,starter,43
310,3425,2023,starter,76
310,3425,2024,rotation,22
313,3426,2018,starter,56
313,3426,2019,rotation,7
313,3426,2020,starter,92
313,3426,2021,rotation,37
313,3426,2022,starter,17
313,3426,2023,starter,10
313,3426,2024,rotation,25
346,3427,2022,starter,62
346,3427,2023,starter,37
346,3427,2024,starter,63
92,3428,2015,bench,24
92,3428,2016,starter,12
92,3428,2017,bench,48
92,3428,2018,starter,66
92,3428,2019,starter,92
92,3428,2020,starter,20
92,3428,2021,starter,47
92,3428,2022,starter,85
370,3429,2024,starter,87
153,3430,2015,starter,49
225,3430,2016,rotation,83
225,3430,2017,starter,39
225,3430,2018,starter,75
225,3430,2019,starter,62
225,3430,2020,starter,13
225,3430,2021,bench,55
225,3430,2022,starter,60
225,3430,2023,bench,24
225,3430,2024,starter,83
358,3431,2015,rotation,16
358,3431,2016,starter,96
358,3431,2017,starter,2
334,3431,2018,rotation,88
334,3431,2019,rotation,95
334,3431,2020,starter,61
334,3431,2021,starter,32
334,3431,2022,starter,73
334,3431,2023,rotation,58
334,3431,2024,rotation,42
221,3432,2020,starter,26
221,3432,2021,bench,98
221,3432,2022,starter,36
221,3432,2023,starter,67
221,3432,2024,starter,92
289,3433,2020,rotation,59
289,3433,2021,starter,92
289,3433,2022,starter,82
289,3433,2023,starter,30
249,3433,2024,bench,46
186,3435,2015,rotation,81
186,3435,2016,starter,80
186,3435,2017,bench,82
186,3435,2018,rotation,43
186,3435,2019,starter,17
186,3435,2020,starter,10
186,3435,2021,starter,32
343,3435,2022,starter,63
343,3435,2023,starter,49
343,3435,2024,starter,5
14,3436,2024,starter,17
365,3437,2015,starter,19
365,3437,2016,rotation,77
365,3437,2017,starter,77
365,3437,2018,starter,42
365,3437,2019,starter,78
365,3437,2020,starter,23
365,3437,2021,rotation,72
365,3437,2022,bench,81
365,3437,2023,starter,85
365,3437,2024,bench,56
281,3439,2022,rotation,11
281,3439,2023,rotation,52
281,3439,2024,rotation,58
39,3440,2015,starter,24
39,3440,2016,bench,64
39,3440,2017,starter,23
39,3440,2018,starter,57
39,3440,2019,starter,75
39,3440,2020,rotation,82
317,3440,2021,starter,65
317,3440,2022,starter,51
317,3440,2023,starter,28
119,3440,2024,starter,59
289,3442,2022,starter,74
289,3442,2023,starter,81
289,3442,2024,starter,89
364,3443,2024,starter,10
142,3444,2019,starter,58
142,3444,2020,starter,22
142,3444,2021,starter,93
142,3444,2022,starter,73
142,3444,2023,starter,97
142,3444,2024,rotation,27
92,3446,2022,bench,3
228,3446,2023,starter,81
228,3446,2024,starter,79
212,3447,2019,bench,67
212,3447,2020,starter,80
212,3447,2021,starter,52
212,3447,2022,bench,61
212,3447,2023,starter,14
212,3447,2024,rotation,23
29,3448,2015,rotation,48
29,3448,2016,starter,33
29,3448,2017,starter,14
29,3448,2018,starter,15
29,3448,2019,bench,86
29,3448,2020,rotation,43
29,3448,2021,starter,14
317,3449,2016,starter,22
317,3449,2017,bench,72
317,3449,2018,starter,95
317,3449,2019,rotation,8
317,3449,2020,starter,21
317,3449,2021,starter,74
317,3449,2022,bench,80
212,3449,2023,rotation,16
172,3449,2024,starter,84
296,3450,2024,bench,65
202,3452,2021,rotation,13
350,3452,2022,bench,57
350,3452,2023,starter,51
350,3452,2024,starter,69
341,3453,2015,starter,18
341,3453,2016,starter,50
341,3453,2017,rotation,54
169,3453,2018,bench,72
169,3453,2019,rotation,31
169,3453,2020,bench,47
169,3453,2021,rotation,78
169,3453,2022,starter,31
169,3453,2023,starter,80
169,3453,2024,starter,96
210,3454,2015,starter,95
210,3454,2016,bench,31
210,3454,2017,starter,48
210,3454,2018,starter,68
210,3454,2019,bench,72
325,3454,2020,rotation,34
325,3454,2021,rotation,66
314,3454,2022,bench,62
314,3454,2023,bench,42
314,3454,2024,starter,63
332,3455,2022,starter,22
332,3455,2023,starter,65
332,3455,2024,bench,3
374,3456,2015,starter,12
374,3456,2016,starter,93
374,3456,2017,starter,74
374,3456,2018,starter,77
374,3456,2019,rotation,18
374,3456,2020,starter,41
374,3456,2021,starter,64
374,3456,2022,rotation,20
374,3456,2023,starter,94
374,3456,2024,starter,3
288,3457,2015,rotation,72
288,3457,2016,starter,66
288,3457,2017,rotation,45
288,3457,2018,rotation,35
288,3457,2019,rotation,13
288,3457,2020,starter,77
288,3457,2021,starter,51
147,3457,2022,bench,58
147,3457,2023,rotation,73
147,3457,2024,rotation,33
342,3458,2020,rotation,38
342,3458,2021,rotation,95
342,3458,2022,rotation,27
342,3458,2023,starter,70
342,3458,2024,rotation,50
211,3459,2015,rotation,76
211,3459,2016,rotation,51
211,3459,2017,starter,10
211,3459,2018,starter,9
211,3459,2019,rotation,46
211,3459,2020,bench,30
211,3459,2021,rotation,88
211,3459,2022,starter,52
211,3459,2023,starter,76
211,3459,2024,rotation,72
336,3460,2015,starter,39
336,3460,2016,starter,51
336,3460,2017,starter,6
336,3460,2018,rotation,21
336,3460,2019,starter,17
336,3460,2020,starter,59
336,3460,2021,starter,8
336,3460,2022,starter,66
367,3460,2023,starter,74
316,3461,2015,rotation,95
316,3461,2016,rotation,68
316,3461,2017,starter,88
316,3461,2018,starter,3
316,3461,2019,bench,58
316,3461,2020,starter,14
316,3461,2021,starter,85
316,3461,2022,starter,54
316,3461,2023,rotation,51
370,3462,2021,starter,96
370,3462,2022,rotation,65
370,3462,2023,starter,96
370,3462,2024,starter,18
361,3463,2017,rotation,79
361,3463,2018,starter,56
361,3463,2019,starter,84
361,3463,2020,starter,34
361,3463,2021,rotation,39
107,3463,2022,starter,3
94,3463,2023,rotation,52
94,3463,2024,starter,7
92,3464,2015,starter,36
92,3464,2016,starter,82
92,3464,2017,bench,32
92,3464,2018,rotation,1
92,3464,2019,bench,97
92,3464,2020,starter,27
92,3464,2021,rotation,32
92,3464,2022,bench,12
92,3464,2023,starter,65
92,3464,2024,starter,39
277,3465,2015,starter,29
277,3465,2016,rotation,5
366,3465,2017,starter,2
366,3465,2018,rotation,93
366,3465,2019,rotation,80
366,3465,2020,starter,88
366,3465,2021,starter,74
366,3465,2022,bench,82
108,3465,2023,starter,59
354,3465,2024,starter,26
358,3466,2019,starter,6
358,3466,2020,rotation,40
362,3466,2021,rotation,95
362,3466,2022,starter,23
362,3466,2023,bench,52
362,3466,2024,bench,36
99,3469,2016,starter,27
99,3469,2017,starter,76
99,3469,2018,starter,39
99,3469,2019,starter,23
99,3469,2020,starter,20
99,3469,2021,rotation,67
99,3469,2022,starter,32
99,3469,2023,rotation,26
99,3469,2024,starter,4
279,3470,2015,starter,66
344,3470,2016,rotation,97
344,3470,2017,starter,58
344,3470,2018,rotation,62
344,3470,2019,starter,48
344,3470,2020,bench,50
344,3470,2021,starter,60
344,3470,2022,rotation,2
344,3470,2023,rotation,40
344,3470,2024,starter,95
366,3471,2015,bench,63
366,3471,2016,bench,79
366,3471,2017,rotation,13
366,3471,2018,starter,85
366,3471,2019,rotation,27
366,3471,2020,starter,2
366,3471,2021,rotation,19
366,3471,2022,starter,52
366,3471,2023,starter,22
366,3471,2024,starter,30
173,3472,2017,rotation,55
173,3472,2018,starter,20
173,3472,2019,starter,84
173,3472,2020,starter,54
173,3472,2021,bench,31
173,3472,2022,rotation,68
173,3472,2023,rotation,42
173,3472,2024,rotation,44
200,3473,2024,starter,88
365,3474,2015,starter,40
365,3474,2016,starter,61
370,3474,2017,rotation,16
370,3474,2018,starter,35
370,3474,2019,bench,27
370,3474,2020,rotation,60
370,3474,2021,rotation,43
370,3474,2022,bench,73
370,3474,2023,starter,37
370,3474,2024,bench,11
147,3475,2015,starter,14
147,3475,2016,rotation,12
266,3475,2017,starter,33
266,3475,2018,starter,57
266,3475,2019,rotation,5
266,3475,2020,starter,21
276,3475,2021,rotation,39
276,3475,2022,starter,34
276,3475,2023,starter,7
276,3475,2024,rotation,65
220,3476,2015,starter,61
220,3476,2016,starter,73
220,3476,2017,starter,80
220,3476,2018,starter,75
220,3476,2019,bench,54
334,3476,2020,bench,33
334,3476,2021,rotation,59
334,3476,2022,starter,97
334,3476,2023,rotation,64
220,3479,2024,starter,39
124,3480,2015,starter,88
124,3480,2016,starter,56
124,3480,2017,bench,45
124,3480,2018,rotation,12
124,3480,2019,rotation,77
124,3480,2020,starter,53
113,3480,2021,starter,3
113,3480,2022,starter,43
113,3480,2023,starter,82
113,3480,2024,bench,42
354,3481,2020,starter,42
354,3481,2021,starter,44
354,3481,2022,rotation,87
354,3481,2023,starter,72
354,3481,2024,rotation,90
317,3482,2015,rotation,43
317,3482,2016,rotation,91
317,3482,2017,rotation,36
317,3482,2018,rotation,11
317,3482,2019,starter,36
317,3482,2020,starter,62
317,3482,2021,rotation,98
317,3482,2022,starter,20
317,3482,2023,starter,6
317,3482,2024,starter,92
358,3483,2015,rotation,4
358,3483,2016,starter,63
358,3483,2017,starter,77
224,3483,2018,rotation,49
224,3483,2019,starter,50
365,3483,2020,starter,21
140,3483,2021,starter,8
11,3484,2015,rotation,4
11,3484,2016,starter,38
11,3484,2017,starter,74
11,3484,2018,starter,75
11,3484,2019,bench,41
11,3484,2020,starter,39
11,3484,2021,starter,62
11,3484,2022,starter,60
11,3484,2023,rotation,10
11,3484,2024,starter,26
353,3485,2015,starter,75
353,3485,2016,rotation,23
353,3485,2017,starter,84
353,3485,2018,starter,40
353,3485,2019,starter,48
353,3485,2020,starter,8
353,3485,2021,starter,30
353,3485,2022,rotation,42
353,3485,2023,starter,15
353,3485,2024,starter,16
267,3487,2015,starter,62
267,3487,2016,starter,1
267,3487,2017,starter,64
267,3487,2018,starter,65
267,3487,2019,rotation,87
306,3487,2020,starter,38
306,3487,2021,rotation,93
306,3487,2022,starter,98
306,3487,2023,rotation,77
306,3487,2024,starter,88
338,3488,2016,starter,2
338,3488,2017,starter,77
338,3488,2018,bench,27
338,3488,2019,starter,93
338,3488,2020,rotation,54
95,3488,2021,starter,24
95,3488,2022,bench,41
95,3488,2023,starter,45
95,3488,2024,bench,23
369,3489,2021,rotation,13
369,3489,2022,bench,53
369,3489,2023,starter,76
347,3489,2024,starter,30
358,3490,2017,starter,89
358,3490,2018,rotation,23
358,3490,2019,starter,1
358,3490,2020,bench,85
358,3490,2021,bench,50
358,3490,2022,bench,6
358,3490,2023,rotation,25
358,3490,2024,starter,88
370,3491,2015,starter,63
370,3491,2016,starter,58
370,3491,2017,bench,92
370,3491,2018,bench,42
370,3491,2019,starter,27
370,3491,2020,bench,17
370,3491,2021,starter,30
370,3491,2022,bench,5
370,3491,2023,starter,42
370,3491,2024,starter,83
379,3492,2017,bench,49
379,3492,2018,rotation,75
379,3492,2019,starter,22
379,3492,2020,rotation,13
379,3492,2021,bench,16
379,3492,2022,starter,67
379,3492,2023,rotation,25
379,3492,2024,rotation,65
335,3493,2015,starter,59
335,3493,2016,starter,41
335,3493,2017,bench,73
335,3493,2018,starter,11
335,3493,2019,starter,69
335,3493,2020,starter,89
335,3493,2021,rotation,71
328,3493,2022,bench,97
62,3493,2023,rotation,42
62,3493,2024,starter,41
334,3494,2024,starter,33
296,3495,2015,bench,13
296,3495,2016,bench,72
296,3495,2017,rotation,28
296,3495,2018,bench,46
332,3495,2019,starter,34
332,3495,2020,starter,14
332,3495,2021,starter,69
332,3495,2022,starter,61
242,3495,2023,rotation,5
242,3495,2024,rotation,40
351,3497,2015,starter,76
351,3497,2016,starter,70
351,3497,2017,starter,49
351,3497,2018,starter,9
347,3497,2019,rotation,81
347,3497,2020,starter,36
347,3497,2021,starter,68
347,3497,2022,starter,24
347,3497,2023,rotation,94
347,3497,2024,starter,58
353,3498,2019,starter,65
367,3498,2020,bench,24
367,3498,2021,rotation,42
367,3498,2022,starter,72
367,3498,2023,rotation,84
367,3498,2024,starter,47
192,3499,2023,rotation,88
192,3499,2024,starter,47
276,3500,2024,starter,84
71,3501,2015,starter,27
241,3501,2016,starter,57
241,3501,2017,starter,10
241,3501,2018,starter,68
241,3501,2019,starter,88
241,3501,2020,starter,83
241,3501,2021,starter,3
349,3501,2022,bench,90
349,3501,2023,starter,64
349,3501,2024,starter,30
188,3502,2019,starter,13
188,3502,2020,starter,61
188,3502,2021,starter,6
188,3502,2022,starter,36
188,3502,2023,starter,1
188,3502,2024,rotation,50
260,3504,2015,starter,92
260,3504,2016,bench,64
260,3504,2017,bench,3
260,3504,2018,starter,31
260,3504,2019,rotation,25
142,3504,2020,starter,39
222,3504,2021,rotation,86
52,3504,2022,starter,5
52,3504,2023,bench,72
52,3504,2024,starter,16
343,3505,2023,rotation,42
343,3505,2024,starter,53
377,3506,2015,starter,87
377,3506,2016,starter,12
377,3506,2017,starter,92
377,3506,2018,starter,6
377,3506,2019,starter,86
377,3506,2020,rotation,18
377,3506,2021,starter,27
377,3506,2022,starter,65
377,3506,2023,starter,2
377,3506,2024,starter,27
373,3507,2015,bench,98
373,3507,2016,rotation,39
373,3507,2017,starter,17
373,3507,2018,starter,49
373,3507,2019,starter,58
373,3507,2020,rotation,43
181,3507,2021,starter,41
181,3507,2022,rotation,24
181,3507,2023,rotation,35
181,3507,2024,starter,6
285,3510,2017,starter,80
285,3510,2018,starter,97
285,3510,2019,starter,6
285,3510,2020,starter,36
285,3510,2021,bench,91
285,3510,2022,rotation,11
285,3510,2023,starter,29
285,3510,2024,starter,16
152,3512,2015,bench,76
152,3512,2016,starter,11
152,3512,2017,starter,48
152,3512,2018,bench,33
82,3512,2019,starter,54
82,3512,2020,starter,66
131,3513,2019,starter,23
131,3513,2020,starter,59
131,3513,2021,starter,21
169,3513,2022,starter,56
169,3513,2023,starter,82
169,3513,2024,starter,93
161,3515,2016,rotation,28
161,3515,2017,starter,30
153,3515,2018,starter,49
153,3515,2019,bench,15
153,3515,2020,rotation,22
153,3515,2021,starter,54
153,3515,2022,starter,54
153,3515,2023,rotation,18
18,3515,2024,rotation,12
372,3516,2015,starter,85
189,3516,2016,starter,68
189,3516,2017,starter,68
189,3516,2018,bench,59
189,3516,2019,starter,60
214,3516,2020,starter,4
214,3516,2021,starter,2
214,3516,2022,rotation,61
214,3516,2023,bench,4
214,3516,2024,starter,95
183,3517,2015,starter,46
183,3517,2016,starter,69
187,3517,2017,starter,17
187,3517,2018,starter,65
187,3517,2019,bench,47
187,3517,2020,starter,77
187,3517,2021,starter,88
187,3517,2022,rotation,62
187,3517,2023,rotation,1
187,3517,2024,starter,52
156,3518,2018,starter,18
156,3518,2019,starter,42
156,3518,2020,rotation,91
156,3518,2021,bench,40
156,3518,2022,starter,33
156,3518,2023,bench,75
156,3518,2024,bench,91
203,3519,2015,starter,26
203,3519,2016,starter,11
203,3519,2017,starter,75
203,3519,2018,rotation,1
203,3519,2019,starter,4
203,3519,2020,starter,68
203,3519,2021,bench,69
354,3519,2022,starter,62
354,3519,2023,bench,39
354,3519,2024,rotation,92
256,3522,2024,starter,93
246,3523,2015,starter,24
246,3523,2016,bench,77
246,3523,2017,starter,9
246,3523,2018,starter,43
246,3523,2019,starter,64
246,3523,2020,rotation,34
246,3523,2021,starter,38
246,3523,2022,rotation,54
217,3524,2020,bench,29
217,3524,2021,starter,39
217,3524,2022,bench,33
217,3524,2023,rotation,22
217,3524,2024,starter,98
71,3525,2022,rotation,38
71,3525,2023,rotation,9
71,3525,2024,rotation,4
228,3526,2023,starter,80
228,3526,2024,starter,17
194,3527,2018,starter,97
194,3527,2019,bench,92
194,3527,2020,bench,25
194,3527,2021,rotation,15
194,3527,2022,starter,81
194,3527,2023,rotation,64
194,3527,2024,bench,77
181,3528,2015,starter,45
181,3528,2016,starter,71
181,3528,2017,starter,33
181,3528,2018,rotation,94
181,3528,2019,rotation,91
181,3528,2020,starter,70
216,3528,2021,bench,36
226,3529,2015,bench,20
226,3529,2016,rotation,3
226,3529,2017,starter,66
226,3529,2018,rotation,15
226,3529,2019,starter,70
181,3529,2020,rotation,50
181,3529,2021,starter,77
181,3529,2022,starter,71
181,3529,2023,bench,74
376,3529,2024,rotation,62
281,3531,2024,starter,33
272,3534,2024,starter,80
117,3535,2019,bench,38
117,3535,2020,rotation,56
117,3535,2021,bench,63
117,3535,2022,starter,24
117,3535,2023,starter,37
117,3535,2024,rotation,39
269,3536,2020,starter,22
269,3536,2021,starter,52
156,3536,2022,starter,72
156,3536,2023,rotation,79
156,3536,2024,starter,79
345,3537,2017,starter,95
345,3537,2018,starter,39
345,3537,2019,rotation,41
345,3537,2020,starter,78
345,3537,2021,starter,7
101,3537,2022,starter,5
368,3537,2023,starter,73
368,3537,2024,starter,38
304,3538,2015,rotation,50
304,3538,2016,starter,13
304,3538,2017,starter,32
304,3538,2018,starter,8
348,3538,2019,bench,37
348,3538,2020,starter,61
348,3538,2021,rotation,59
348,3538,2022,starter,20
348,3538,2023,starter,55
348,3538,2024,starter,28
91,3539,2023,rotation,66
2,3539,2024,starter,96
323,3540,2015,starter,51
323,3540,2016,starter,15
145,3540,2017,starter,14
145,3540,2018,bench,98
145,3540,2019,rotation,96
145,3540,2020,rotation,46
35,3540,2021,starter,54
35,3540,2022,starter,24
35,3540,2023,starter,51
293,3541,2015,starter,46
293,3541,2016,starter,39
293,3541,2017,bench,65
293,3541,2018,bench,7
293,3541,2019,bench,7
293,3541,2020,rotation,69
293,3541,2021,starter,77
293,3541,2022,starter,88
293,3541,2023,rotation,69
293,3541,2024,starter,46
350,3543,2015,starter,56
350,3543,2016,rotation,95
350,3543,2017,rotation,16
350,3543,2018,rotation,5
350,3543,2019,starter,21
350,3543,2020,starter,71
350,3543,2021,starter,2
350,3543,2022,starter,13
350,3543,2023,starter,11
350,3543,2024,bench,95
337,3545,2024,starter,69
362,3546,2015,rotation,40
272,3546,2016,starter,44
272,3546,2017,rotation,91
272,3546,2018,rotation,25
272,3546,2019,rotation,69
272,3546,2020,rotation,38
272,3546,2021,starter,21
272,3546,2022,starter,24
272,3546,2023,rotation,92
272,3546,2024,starter,41
205,3547,2015,starter,64
205,3547,2016,starter,45
205,3547,2017,starter,45
252,3547,2018,starter,13
252,3547,2019,starter,41
252,3547,2020,rotation,8
252,3547,2021,bench,24
252,3547,2022,starter,78
230,3547,2023,starter,84
230,3547,2024,starter,5
68,3548,2015,starter,45
286,3548,2016,starter,80
286,3548,2017,starter,77
286,3548,2018,starter,29
286,3548,2019,starter,65
286,3548,2020,rotation,50
286,3548,2021,bench,43
286,3548,2022,starter,37
286,3548,2023,rotation,70
286,3548,2024,rotation,20
314,3549,2020,starter,63
341,3549,2021,starter,97
341,3549,2022,starter,85
341,3549,2023,starter,84
341,3549,2024,starter,95
292,3550,2015,starter,20
292,3550,2016,rotation,20
292,3550,2017,starter,56
292,3550,2018,starter,53
292,3550,2019,starter,47
292,3550,2020,bench,57
292,3550,2021,starter,84
292,3550,2022,bench,33
292,3550,2023,starter,61
292,3550,2024,starter,96
343,3552,2021,starter,67
5,3552,2022,bench,20
5,3552,2023,rotation,93
5,3552,2024,starter,58
335,3553,2023,starter,63
335,3553,2024,starter,33
355,3554,2015,rotation,83
41,3554,2016,rotation,34
41,3554,2017,starter,60
211,3554,2018,starter,39
211,3554,2019,starter,73
210,3554,2020,starter,19
210,3554,2021,starter,31
210,3554,2022,starter,2
210,3554,2023,starter,14
210,3554,2024,rotation,65
134,3555,2015,rotation,87
134,3555,2016,starter,43
134,3555,2017,starter,49
134,3555,2018,starter,82
134,3555,2019,starter,78
134,3555,2020,rotation,49
134,3555,2021,starter,31
134,3555,2022,starter,83
134,3555,2023,starter,69
134,3555,2024,rotation,15
334,3556,2017,starter,76
334,3556,2018,rotation,32
334,3556,2019,rotation,81
251,3556,2020,rotation,33
235,3556,2021,starter,84
235,3556,2022,bench,13
235,3556,2023,rotation,79
235,3556,2024,starter,48
320,3557,2024,rotation,29
172,3558,2020,starter,39
172,3558,2021,rotation,62
172,3558,2022,starter,39
172,3558,2023,starter,61
172,3558,2024,bench,39
11,3559,2015,rotation,25
11,3559,2016,starter,57
11,3559,2017,rotation,16
11,3559,2018,rotation,17
11,3559,2019,starter,27
11,3559,2020,rotation,57
11,3559,2021,starter,62
11,3559,2022,rotation,95
11,3559,2023,rotation,13
11,3559,2024,starter,18
65,3560,2015,starter,78
65,3560,2016,starter,95
65,3560,2017,rotation,96
65,3560,2018,rotation,15
65,3560,2019,starter,31
65,3560,2020,bench,73
304,3560,2021,starter,69
304,3560,2022,starter,33
304,3560,2023,starter,10
304,3560,2024,starter,56
55,3561,2015,starter,33
55,3561,2016,rotation,1
55,3561,2017,starter,70
55,3561,2018,starter,3
55,3561,2019,rotation,76
55,3561,2020,starter,57
55,3561,2021,rotation,79
55,3561,2022,starter,14
55,3561,2023,rotation,5
55,3561,2024,rotation,94
307,3562,2022,starter,73
307,3562,2023,rotation,88
307,3562,2024,rotation,95
159,3565,2018,starter,25
159,3565,2019,starter,43
159,3565,2020,starter,45
159,3565,2021,starter,75
206,3565,2022,starter,59
206,3565,2023,rotation,48
206,3565,2024,rotation,2
255,3568,2022,bench,96
348,3568,2023,starter,35
348,3568,2024,bench,26
268,3569,2018,rotation,86
268,3569,2019,starter,98
268,3569,2020,bench,80
268,3569,2021,bench,73
268,3569,2022,starter,84
268,3569,2023,rotation,91
268,3569,2024,starter,61
57,3570,2015,starter,55
57,3570,2016,starter,22
57,3570,2017,rotation,6
57,3570,2018,starter,49
57,3570,2019,rotation,73
57,3570,2020,rotation,47
57,3570,2021,rotation,98
137,3570,2022,starter,29
137,3570,2023,starter,93
137,3570,2024,bench,68
158,3572,2015,rotation,12
158,3572,2016,starter,12
158,3572,2017,starter,84
158,3572,2018,starter,90
158,3572,2019,starter,29
158,3572,2020,rotation,51
158,3572,2021,starter,60
158,3572,2022,starter,83
158,3572,2023,rotation,76
158,3572,2024,rotation,75
354,3574,2020,starter,40
354,3574,2021,starter,27
354,3574,2022,starter,25
336,3574,2023,starter,17
336,3574,2024,starter,76
7,3575,2015,starter,12
7,3575,2016,starter,83
7,3575,2017,starter,29
7,3575,2018,rotation,69
7,3575,2019,rotation,24
7,3575,2020,starter,66
7,3575,2021,starter,92
7,3575,2022,starter,42
7,3575,2023,rotation,71
344,3576,2017,bench,13
344,3576,2018,starter,1
328,3576,2019,bench,78
328,3576,2020,starter,59
328,3576,2021,starter,97
302,3576,2022,starter,29
302,3576,2023,starter,76
302,3576,2024,starter,90
221,3577,2022,starter,42
221,3577,2023,starter,5
221,3577,2024,starter,37
375,3578,2017,starter,51
375,3578,2018,starter,49
375,3578,2019,starter,68
375,3578,2020,starter,25
375,3578,2021,bench,66
375,3578,2022,bench,36
375,3578,2023,rotation,98
375,3578,2024,rotation,48
325,3580,2015,starter,93
325,3580,2016,starter,51
325,3580,2017,rotation,5
325,3580,2018,starter,77
325,3580,2019,starter,9
325,3580,2020,starter,20
325,3580,2021,starter,8
325,3580,2022,starter,44
325,3580,2023,starter,81
325,3580,2024,rotation,55
119,3581,2015,starter,36
119,3581,2016,starter,71
119,3581,2017,rotation,82
119,3581,2018,rotation,17
119,3581,2019,starter,12
119,3581,2020,starter,36
119,3581,2021,bench,81
119,3581,2022,bench,74
119,3581,2023,rotation,48
119,3581,2024,bench,28
222,3582,2015,rotation,27
222,3582,2016,starter,79
222,3582,2017,rotation,90
222,3582,2018,starter,3
222,3582,2019,rotation,16
222,3582,2020,starter,61
269,3582,2021,rotation,57
269,3582,2022,rotation,97
269,3582,2023,rotation,89
269,3582,2024,bench,73
350,3583,2015,starter,36
61,3583,2016,starter,72
61,3583,2017,starter,83
61,3583,2018,bench,40
61,3583,2019,bench,94
61,3583,2020,rotation,45
61,3583,2021,rotation,60
194,3584,2022,starter,94
194,3584,2023,starter,94
194,3584,2024,starter,38
357,3585,2015,starter,39
357,3585,2016,starter,21
357,3585,2017,starter,80
357,3585,2018,rotation,46
357,3585,2019,starter,52
357,3585,2020,bench,37
198,3585,2021,rotation,6
198,3585,2022,starter,5
198,3585,2023,starter,6
198,3585,2024,starter,49
69,3586,2015,rotation,87
69,3586,2016,bench,21
69,3586,2017,bench,60
69,3586,2018,starter,70
69,3586,2019,rotation,21
69,3586,2020,starter,67
69,3586,2021,rotation,44
69,3586,2022,starter,3
69,3586,2023,starter,67
69,3586,2024,starter,80
321,3587,2021,starter,75
321,3587,2022,starter,73
321,3587,2023,rotation,66
321,3587,2024,starter,98
368,3590,2023,starter,75
368,3590,2024,bench,44
240,3591,2015,starter,3
240,3591,2016,rotation,41
240,3591,2017,bench,48
240,3591,2018,bench,69
240,3591,2019,starter,81
240,3591,2020,starter,65
240,3591,2021,starter,91
240,3591,2022,rotation,31
240,3591,2023,bench,46
240,3591,2024,starter,79
132,3592,2015,starter,51
132,3592,2016,bench,76
132,3592,2017,starter,36
132,3592,2018,bench,21
132,3592,2019,starter,77
132,3592,2020,rotation,29
132,3592,2021,starter,79
132,3592,2022,starter,68
132,3592,2023,starter,57
132,3592,2024,bench,86
141,3593,2019,rotation,79
141,3593,2020,starter,48
141,3593,2021,rotation,91
141,3593,2022,rotation,83
141,3593,2023,bench,72
141,3593,2024,rotation,2
344,3595,2021,rotation,85
344,3595,2022,starter,28
344,3595,2023,starter,98
150,3595,2024,starter,44
356,3596,2018,starter,13
356,3596,2019,rotation,12
31,3596,2020,starter,42
31,3596,2021,starter,7
31,3596,2022,rotation,86
31,3596,2023,starter,40
198,3596,2024,starter,82
160,3597,2024,bench,75
209,3598,2015,starter,13
209,3598,2016,starter,85
209,3598,2017,starter,49
209,3598,2018,rotation,25
209,3598,2019,starter,9
101,3598,2020,starter,34
101,3598,2021,starter,39
201,3599,2015,rotation,63
201,3599,2016,rotation,14
120,3599,2017,rotation,49
120,3599,2018,starter,94
120,3599,2019,starter,84
120,3599,2020,starter,97
120,3599,2021,bench,40
120,3599,2022,rotation,15
120,3599,2023,bench,25
120,3599,2024,starter,43
47,3602,2015,starter,12
47,3602,2016,starter,23
47,3602,2017,rotation,20
47,3602,2018,starter,57
47,3602,2019,starter,24
47,3602,2020,starter,87
129,3602,2021,bench,11
129,3602,2022,bench,38
129,3602,2023,rotation,31
129,3602,2024,starter,42
324,3604,2015,starter,7
324,3604,2016,starter,84
324,3604,2017,rotation,86
353,3604,2018,starter,89
353,3604,2019,starter,43
264,3604,2020,starter,15
264,3604,2021,starter,97
264,3604,2022,starter,41
264,3604,2023,rotation,74
264,3604,2024,rotation,44
351,3605,2015,starter,84
351,3605,2016,rotation,68
351,3605,2017,starter,56
351,3605,2018,bench,29
351,3605,2019,starter,16
351,3605,2020,starter,41
351,3605,2021,starter,12
351,3605,2022,starter,40
351,3605,2023,starter,51
351,3605,2024,rotation,50
358,3606,2015,starter,28
358,3606,2016,rotation,54
358,3606,2017,starter,65
358,3606,2018,rotation,27
358,3606,2019,bench,64
358,3606,2020,starter,21
358,3606,2021,rotation,35
358,3606,2022,starter,23
358,3606,2023,starter,92
358,3606,2024,starter,37
159,3607,2015,starter,50
159,3607,2016,starter,95
159,3607,2017,starter,75
159,3607,2018,starter,13
159,3607,2019,rotation,52
159,3607,2020,bench,17
159,3607,2021,starter,9
159,3607,2022,starter,3
159,3607,2023,starter,12
317,3607,2024,rotation,94
373,3608,2015,starter,54
373,3608,2016,starter,80
373,3608,2017,starter,51
373,3608,2018,starter,55
373,3608,2019,starter,38
373,3608,2020,starter,97
373,3608,2021,starter,80
373,3608,2022,starter,48
373,3608,2023,rotation,56
38,3608,2024,starter,42
219,3609,2015,bench,10
219,3609,2016,starter,5
219,3609,2017,rotation,13
219,3609,2018,starter,13
219,3609,2019,starter,35
252,3609,2020,starter,47
252,3609,2021,bench,67
252,3609,2022,rotation,61
252,3609,2023,starter,11
252,3609,2024,starter,89
141,3611,2015,starter,51
141,3611,2016,starter,34
141,3611,2017,bench,88
141,3611,2018,starter,78
320,3611,2019,starter,17
320,3611,2020,bench,14
320,3611,2021,starter,1
320,3611,2022,starter,42
320,3611,2023,starter,83
320,3611,2024,starter,3
327,3612,2015,starter,78
327,3612,2016,starter,16
327,3612,2017,rotation,19
327,3612,2018,starter,52
10,3612,2019,rotation,24
10,3612,2020,starter,28
10,3612,2021,rotation,67
272,3613,2015,rotation,14
272,3613,2016,starter,98
272,3613,2017,starter,45
272,3613,2018,bench,94
272,3613,2019,rotation,28
272,3613,2020,starter,94
272,3613,2021,starter,92
272,3613,2022,bench,77
272,3613,2023,starter,57
272,3613,2024,starter,23
252,3614,2015,starter,36
252,3614,2016,starter,60
252,3614,2017,starter,54
252,3614,2018,starter,61
252,3614,2019,rotation,82
252,3614,2020,rotation,56
252,3614,2021,starter,37
1,3614,2022,starter,11
1,3614,2023,rotation,22
1,3614,2024,bench,77
323,3615,2016,starter,14
216,3615,2017,starter,26
216,3615,2018,starter,53
216,3615,2019,starter,97
91,3615,2020,starter,35
91,3615,2021,rotation,82
321,3615,2022,rotation,97
356,3615,2023,starter,71
356,3615,2024,starter,96
244,3616,2016,starter,76
244,3616,2017,starter,86
244,3616,2018,starter,17
327,3616,2019,starter,12
327,3616,2020,starter,47
327,3616,2021,rotation,45
327,3616,2022,bench,72
327,3616,2023,starter,53
327,3616,2024,starter,55
73,3617,2020,rotation,16
73,3617,2021,starter,13
34,3617,2022,starter,63
34,3617,2023,starter,75
34,3617,2024,rotation,73
328,3618,2024,rotation,9
8,3619,2019,starter,95
8,3619,2020,rotation,47
8,3619,2021,rotation,3
8,3619,2022,starter,96
8,3619,2023,rotation,5
8,3619,2024,starter,43
365,3620,2017,bench,92
365,3620,2018,starter,41
9,3620,2019,bench,15
9,3620,2020,starter,10
9,3620,2021,rotation,49
9,3620,2022,rotation,73
9,3620,2023,bench,21
9,3620,2024,starter,82
375,3621,2018,starter,58
257,3621,2019,starter,14
257,3621,2020,rotation,46
257,3621,2021,rotation,95
257,3621,2022,starter,36
257,3621,2023,starter,34
257,3621,2024,starter,59
8,3622,2015,starter,19
65,3622,2016,starter,21
65,3622,2017,starter,50
65,3622,2018,starter,77
65,3622,2019,bench,60
80,3623,2015,starter,85
80,3623,2016,starter,14
80,3623,2017,starter,95
80,3623,2018,starter,68
80,3623,2019,starter,18
80,3623,2020,rotation,11
80,3623,2021,bench,23
80,3623,2022,starter,58
80,3623,2023,starter,56
80,3623,2024,starter,41
307,3624,2019,starter,83
307,3624,2020,starter,79
307,3624,2021,bench,96
307,3624,2022,rotation,21
177,3624,2023,starter,68
177,3624,2024,starter,25
302,3626,2015,starter,48
302,3626,2016,starter,55
302,3626,2017,bench,67
302,3626,2018,starter,81
151,3626,2019,bench,74
151,3626,2020,starter,87
151,3626,2021,bench,40
151,3626,2022,starter,84
151,3626,2023,rotation,17
14,3626,2024,starter,58
377,3628,2017,rotation,35
377,3628,2018,rotation,11
377,3628,2019,rotation,36
377,3628,2020,rotation,41
377,3628,2021,starter,37
377,3628,2022,starter,27
362,3628,2023,starter,26
362,3628,2024,starter,29
317,3629,2016,starter,32
317,3629,2017,starter,58
317,3629,2018,bench,16
317,3629,2019,starter,4
317,3629,2020,starter,24
272,3629,2021,bench,29
272,3629,2022,starter,55
272,3629,2023,starter,13
272,3629,2024,starter,20
187,3630,2023,rotation,64
187,3630,2024,rotation,76
361,3632,2015,starter,88
361,3632,2016,bench,48
361,3632,2017,starter,96
361,3632,2018,starter,70
361,3632,2019,starter,41
166,3632,2020,starter,94
144,3633,2015,starter,26
215,3633,2016,starter,93
215,3633,2017,starter,98
215,3633,2018,rotation,72
215,3633,2019,bench,16
215,3633,2020,starter,34
215,3633,2021,starter,53
215,3633,2022,bench,1
347,3634,2019,starter,61
347,3634,2020,rotation,29
347,3634,2021,rotation,1
347,3634,2022,starter,84
347,3634,2023,bench,91
347,3634,2024,bench,98
215,3635,2015,starter,54
215,3635,2016,bench,73
303,3635,2017,starter,48
207,3635,2018,starter,21
207,3635,2019,starter,98
207,3635,2020,starter,45
207,3635,2021,rotation,80
207,3635,2022,bench,52
207,3635,2023,starter,31
207,3635,2024,starter,15
129,3636,2021,starter,17
129,3636,2022,starter,77
129,3636,2023,starter,13
129,3636,2024,starter,40
352,3637,2015,rotation,83
352,3637,2016,rotation,37
352,3637,2017,rotation,11
352,3637,2018,starter,50
352,3637,2019,starter,75
352,3637,2020,rotation,38
352,3637,2021,starter,53
352,3637,2022,starter,45
352,3637,2023,starter,14
352,3637,2024,starter,77
370,3638,2015,rotation,76
370,3638,2016,bench,54
370,3638,2017,starter,93
370,3638,2018,starter,38
370,3638,2019,bench,15
370,3638,2020,rotation,45
370,3638,2021,starter,55
370,3638,2022,rotation,23
370,3638,2023,rotation,15
370,3638,2024,starter,14
304,3639,2023,starter,76
304,3639,2024,starter,42
114,3640,2015,rotation,8
114,3640,2016,starter,56
252,3640,2017,starter,38
252,3640,2018,bench,52
252,3640,2019,starter,69
252,3640,2020,rotation,26
252,3640,2021,rotation,1
352,3641,2015,starter,17
352,3641,2016,starter,60
352,3641,2017,bench,87
352,3641,2018,starter,25
352,3641,2019,starter,16
352,3641,2020,starter,87
352,3641,2021,starter,46
352,3641,2022,starter,68
352,3641,2023,starter,48
352,3641,2024,starter,51
291,3642,2016,starter,59
291,3642,2017,bench,56
291,3642,2018,starter,50
291,3642,2019,starter,37
291,3642,2020,bench,15
291,3642,2021,bench,91
115,3642,2022,rotation,45
115,3642,2023,bench,43
115,3642,2024,starter,43
305,3643,2015,rotation,14
305,3643,2016,starter,30
305,3643,2017,rotation,55
305,3643,2018,rotation,38
305,3643,2019,rotation,80
243,3643,2020,bench,54
243,3643,2021,rotation,82
243,3643,2022,bench,74
243,3643,2023,starter,16
243,3643,2024,starter,8
322,3645,2015,rotation,32
322,3645,2016,rotation,76
322,3645,2017,starter,34
322,3645,2018,bench,42
322,3645,2019,rotation,32
322,3645,2020,starter,62
322,3645,2021,starter,11
322,3645,2022,rotation,30
322,3645,2023,bench,18
322,3645,2024,starter,94
211,3646,2015,bench,40
226,3646,2016,rotation,92
226,3646,2017,starter,8
226,3646,2018,starter,11
226,3646,2019,starter,32
226,3646,2020,rotation,25
226,3646,2021,starter,92
104,3646,2022,bench,7
104,3646,2023,starter,89
104,3646,2024,starter,7
219,3647,2015,starter,95
219,3647,2016,bench,93
219,3647,2017,starter,86
219,3647,2018,starter,63
219,3647,2019,starter,38
219,3647,2020,starter,37
219,3647,2021,bench,23
219,3647,2022,starter,37
219,3647,2023,bench,79
219,3647,2024,starter,59
329,3648,2020,starter,61
329,3648,2021,starter,69
329,3648,2022,rotation,20
329,3648,2023,rotation,38
329,3648,2024,starter,28
363,3649,2015,rotation,91
363,3649,2016,starter,43
363,3649,2017,rotation,74
152,3649,2018,rotation,2
152,3649,2019,bench,96
152,3649,2020,starter,55
152,3649,2021,starter,78
152,3649,2022,rotation,33
152,3649,2023,starter,77
152,3649,2024,bench,11
245,3650,2015,starter,47
170,3650,2016,starter,37
170,3650,2017,rotation,11
170,3650,2018,starter,72
170,3650,2019,rotation,90
170,3650,2020,starter,75
170,3650,2021,starter,13
170,3650,2022,rotation,16
313,3652,2015,rotation,25
313,3652,2016,starter,44
313,3652,2017,starter,5
313,3652,2018,starter,85
313,3652,2019,rotation,49
313,3652,2020,rotation,87
313,3652,2021,starter,93
104,3652,2022,starter,97
104,3652,2023,starter,80
104,3652,2024,starter,23
362,3653,2015,rotation,46
116,3653,2016,starter,35
116,3653,2017,starter,31
116,3653,2018,starter,14
116,3653,2019,bench,83
116,3653,2020,rotation,16
116,3653,2021,starter,60
116,3653,2022,bench,15
335,3653,2023,starter,69
14,3654,2015,bench,48
14,3654,2016,starter,98
14,3654,2017,starter,55
14,3654,2018,starter,83
14,3654,2019,bench,87
14,3654,2020,rotation,43
14,3654,2021,bench,16
14,3654,2022,rotation,12
14,3654,2023,starter,63
14,3654,2024,bench,64
132,3655,2021,starter,72
132,3655,2022,rotation,88
132,3655,2023,starter,28
132,3655,2024,starter,36
349,3657,2024,starter,75
170,3658,2015,rotation,60
170,3658,2016,rotation,49
170,3658,2017,starter,13
170,3658,2018,starter,79
170,3658,2019,starter,1
170,3658,2020,rotation,19
170,3658,2021,starter,67
170,3658,2022,starter,73
170,3658,2023,starter,48
140,3660,2015,rotation,68
140,3660,2016,bench,23
140,3660,2017,rotation,59
140,3660,2018,starter,8
140,3660,2019,starter,45
92,3660,2020,starter,59
92,3660,2021,starter,39
176,3661,2015,rotation,43
176,3661,2016,starter,54
176,3661,2017,starter,58
176,3661,2018,rotation,96
176,3661,2019,starter,19
176,3661,2020,rotation,34
296,3661,2021,starter,90
95,3661,2022,bench,9
95,3661,2023,starter,87
95,3661,2024,bench,14
33,3663,2015,starter,66
33,3663,2016,bench,66
33,3663,2017,starter,39
307,3663,2018,starter,32
307,3663,2019,starter,26
307,3663,2020,rotation,15
307,3663,2021,bench,89
307,3663,2022,starter,36
307,3663,2023,rotation,77
307,3663,2024,starter,52
151,3665,2022,rotation,97
151,3665,2023,starter,92
151,3665,2024,bench,89
269,3666,2015,starter,1
269,3666,2016,starter,98
269,3666,2017,bench,13
269,3666,2018,rotation,63
269,3666,2019,starter,36
269,3666,2020,bench,19
269,3666,2021,starter,72
269,3666,2022,rotation,33
269,3666,2023,rotation,82
269,3666,2024,starter,76
299,3667,2015,starter,61
299,3667,2016,rotation,60
299,3667,2017,starter,10
299,3667,2018,rotation,2
295,3667,2019,starter,19
295,3667,2020,rotation,85
295,3667,2021,rotation,11
121,3667,2022,starter,89
121,3667,2023,rotation,28
121,3667,2024,starter,32
378,3668,2015,rotation,1
378,3668,2016,bench,72
378,3668,2017,rotation,72
378,3668,2018,starter,13
378,3668,2019,starter,93
378,3668,2020,rotation,54
378,3668,2021,rotation,32
378,3668,2022,starter,77
378,3668,2023,starter,81
378,3668,2024,starter,80
362,3669,2016,rotation,63
148,3669,2017,starter,41
148,3669,2018,rotation,31
148,3669,2019,bench,56
148,3669,2020,rotation,7
148,3669,2021,rotation,67
148,3669,2022,starter,47
148,3669,2023,rotation,95
148,3669,2024,starter,62
323,3670,2015,starter,56
323,3670,2016,starter,16
323,3670,2017,starter,54
323,3670,2018,rotation,98
323,3670,2019,starter,90
323,3670,2020,starter,24
323,3670,2021,rotation,13
323,3670,2022,starter,60
313,3670,2023,starter,50
368,3670,2024,starter,52
321,3671,2017,starter,22
321,3671,2018,rotation,81
321,3671,2019,starter,25
321,3671,2020,starter,30
321,3671,2021,rotation,28
258,3671,2022,rotation,12
258,3671,2023,rotation,64
258,3671,2024,starter,15
173,3672,2018,starter,21
173,3672,2019,starter,47
173,3672,2020,bench,79
173,3672,2021,bench,42
173,3672,2022,starter,45
173,3672,2023,starter,59
173,3672,2024,bench,13
176,3673,2017,bench,84
176,3673,2018,rotation,50
176,3673,2019,starter,63
292,3673,2020,starter,82
292,3673,2021,starter,54
292,3673,2022,rotation,87
292,3673,2023,starter,53
206,3673,2024,bench,15
151,3674,2015,starter,17
151,3674,2016,rotation,22
151,3674,2017,starter,77
151,3674,2018,starter,94
151,3674,2019,starter,2
25,3675,2020,rotation,18
25,3675,2021,starter,15
25,3675,2022,starter,10
25,3675,2023,bench,13
211,3675,2024,rotation,56
332,3677,2016,starter,15
332,3677,2017,starter,4
332,3677,2018,rotation,88
332,3677,2019,starter,6
332,3677,2020,rotation,20
332,3677,2021,starter,14
332,3677,2022,bench,1
332,3677,2023,starter,42
332,3677,2024,bench,7
367,3678,2020,starter,25
367,3678,2021,starter,26
367,3678,2022,starter,33
367,3678,2023,starter,4
367,3678,2024,starter,15
82,3679,2017,bench,28
82,3679,2018,starter,77
82,3679,2019,starter,95
82,3679,2020,starter,71
82,3679,2021,rotation,98
82,3679,2022,bench,41
82,3679,2023,bench,66
82,3679,2024,rotation,52
322,3680,2015,starter,28
322,3680,2016,starter,23
322,3680,2017,starter,6
322,3680,2018,starter,94
322,3680,2019,starter,36
322,3680,2020,starter,35
369,3680,2021,rotation,44
369,3680,2022,starter,32
245,3681,2016,rotation,71
245,3681,2017,bench,47
245,3681,2018,rotation,33
245,3681,2019,starter,58
245,3681,2020,starter,78
245,3681,2021,bench,4
161,3681,2022,starter,76
161,3681,2023,starter,55
365,3681,2024,rotation,75
365,3682,2018,rotation,48
365,3682,2019,rotation,59
365,3682,2020,starter,82
365,3682,2021,starter,35
365,3682,2022,starter,33
365,3682,2023,starter,48
365,3682,2024,bench,11
371,3683,2015,rotation,16
371,3683,2016,starter,33
371,3683,2017,rotation,52
371,3683,2018,rotation,48
371,3683,2019,starter,46
371,3683,2020,starter,34
371,3683,2021,starter,90
371,3683,2022,starter,43
249,3683,2023,starter,94
297,3683,2024,starter,21
175,3685,2015,rotation,5
175,3685,2016,starter,63
175,3685,2017,starter,74
218,3685,2018,starter,49
218,3685,2019,starter,71
218,3685,2020,starter,85
218,3685,2021,rotation,23
218,3685,2022,bench,26
218,3685,2023,bench,65
218,3685,2024,starter,63
366,3686,2015,starter,95
366,3686,2016,starter,57
366,3686,2017,rotation,58
366,3686,2018,bench,50
366,3686,2019,starter,9
366,3686,2020,starter,59
366,3686,2021,starter,46
366,3686,2022,rotation,5
366,3686,2023,starter,3
366,3686,2024,bench,90
153,3688,2015,rotation,67
153,3688,2016,starter,18
153,3688,2017,bench,39
153,3688,2018,starter,73
153,3688,2019,rotation,46
153,3688,2020,rotation,73
153,3688,2021,starter,54
153,3688,2022,starter,18
153,3688,2023,starter,43
153,3688,2024,rotation,54
335,3690,2015,starter,49
335,3690,2016,starter,45
335,3690,2017,starter,97
235,3690,2018,rotation,3
235,3690,2019,starter,7
235,3690,2020,starter,33
235,3690,2021,starter,31
235,3690,2022,starter,7
367,3690,2023,starter,90
367,3690,2024,starter,55
115,3691,2023,starter,48
115,3691,2024,bench,28
338,3692,2015,starter,25
338,3692,2016,starter,30
338,3692,2017,starter,53
338,3692,2018,bench,78
338,3692,2019,starter,28
338,3692,2020,rotation,77
338,3692,2021,rotation,35
338,3692,2022,rotation,71
338,3692,2023,starter,47
338,3692,2024,starter,43
141,3694,2015,rotation,24
370,3694,2016,starter,25
370,3694,2017,starter,41
370,3694,2018,starter,61
309,3694,2019,starter,27
309,3694,2020,rotation,71
309,3694,2021,rotation,58
309,3694,2022,starter,70
309,3694,2023,starter,68
309,3694,2024,starter,68
301,3697,2024,starter,85
138,3698,2015,starter,31
138,3698,2016,starter,97
138,3698,2017,rotation,29
138,3698,2018,rotation,60
138,3698,2019,starter,41
138,3698,2020,rotation,61
138,3698,2021,starter,10
138,3698,2022,starter,1
196,3698,2023,starter,84
196,3698,2024,starter,6
191,3699,2015,rotation,32
191,3699,2016,starter,82
191,3699,2017,bench,75
191,3699,2018,starter,1
191,3699,2019,starter,96
191,3699,2020,starter,54
191,3699,2021,starter,73
191,3699,2022,rotation,81
191,3699,2023,starter,23
191,3699,2024,starter,89
49,3700,2015,starter,54
49,3700,2016,starter,13
49,3700,2017,rotation,8
49,3700,2018,bench,96
49,3700,2019,starter,66
49,3700,2020,bench,7
49,3700,2021,starter,52
49,3700,2022,rotation,92
49,3700,2023,starter,41
49,3700,2024,bench,95
220,3702,2019,starter,34
220,3702,2020,starter,81
220,3702,2021,rotation,32
220,3702,2022,starter,80
220,3702,2023,starter,88
220,3702,2024,starter,80
27,3703,2015,starter,24
27,3703,2016,starter,70
27,3703,2017,starter,82
27,3703,2018,rotation,13
27,3703,2019,starter,53
27,3703,2020,starter,26
28,3704,2024,starter,41
271,3705,2015,starter,4
360,3705,2016,starter,77
360,3705,2017,starter,24
360,3705,2018,starter,96
317,3705,2019,bench,48
317,3705,2020,rotation,59
71,3705,2021,starter,55
71,3705,2022,rotation,18
71,3705,2023,bench,35
71,3705,2024,starter,23
104,3707,2015,starter,82
345,3707,2016,rotation,6
73,3707,2017,bench,92
73,3707,2018,starter,93
73,3707,2019,rotation,76
73,3707,2020,starter,23
73,3707,2021,starter,55
73,3707,2022,starter,14
73,3707,2023,starter,79
73,3707,2024,starter,59
18,3708,2016,bench,39
18,3708,2017,starter,34
18,3708,2018,rotation,49
18,3708,2019,rotation,10
18,3708,2020,bench,14
364,3708,2021,starter,19
90,3708,2022,rotation,50
90,3708,2023,starter,73
90,3708,2024,starter,19
141,3709,2024,starter,56
359,3710,2021,starter,19
324,3710,2022,starter,70
324,3710,2023,starter,10
324,3710,2024,rotation,66
321,3711,2015,starter,42
321,3711,2016,rotation,82
321,3711,2017,starter,95
321,3711,2018,starter,90
109,3711,2019,starter,70
109,3711,2020,starter,83
109,3711,2021,starter,20
109,3711,2022,starter,23
109,3711,2023,starter,74
109,3711,2024,starter,81
16,3712,2017,starter,70
324,3712,2018,starter,87
324,3712,2019,starter,22
324,3712,2020,bench,27
324,3712,2021,bench,25
324,3712,2022,rotation,92
324,3712,2023,bench,40
324,3712,2024,starter,48
342,3713,2015,starter,9
273,3713,2016,starter,27
273,3713,2017,starter,12
273,3713,2018,starter,9
273,3713,2019,rotation,61
273,3713,2020,starter,7
273,3713,2021,starter,1
273,3713,2022,starter,24
273,3713,2023,bench,2
273,3713,2024,starter,92
352,3714,2015,rotation,34
352,3714,2016,starter,82
352,3714,2017,starter,65
352,3714,2018,starter,73
352,3714,2019,starter,5
352,3714,2020,starter,13
352,3714,2021,starter,60
352,3714,2022,starter,20
352,3714,2023,starter,30
124,3715,2020,starter,15
124,3715,2021,starter,41
124,3715,2022,bench,48
124,3715,2023,starter,88
124,3715,2024,rotation,57
231,3716,2021,starter,64
231,3716,2022,bench,7
231,3716,2023,rotation,18
32,3716,2024,rotation,35
358,3717,2019,starter,45
358,3717,2020,starter,33
358,3717,2021,starter,88
358,3717,2022,bench,41
358,3717,2023,starter,98
358,3717,2024,starter,59
331,3718,2015,rotation,98
331,3718,2016,starter,62
331,3718,2017,bench,26
331,3718,2018,rotation,54
99,3718,2019,starter,74
173,3718,2020,starter,82
173,3718,2021,starter,34
156,3718,2022,starter,17
189,3718,2023,starter,87
189,3718,2024,rotation,35
164,3719,2015,starter,76
164,3719,2016,starter,91
164,3719,2017,starter,42
164,3719,2018,bench,88
164,3719,2019,starter,47
164,3719,2020,starter,52
164,3719,2021,rotation,49
164,3719,2022,starter,76
164,3719,2023,starter,62
164,3719,2024,starter,50
40,3720,2015,starter,53
251,3720,2016,bench,69
251,3720,2017,rotation,80
251,3720,2018,rotation,40
251,3720,2019,starter,60
232,3720,2020,starter,75
232,3720,2021,starter,20
232,3720,2022,starter,5
232,3720,2023,rotation,87
232,3720,2024,starter,39
91,3721,2024,starter,68
57,3722,2017,bench,97
57,3722,2018,starter,33
189,3722,2019,starter,9
189,3722,2020,starter,15
189,3722,2021,starter,36
189,3722,2022,starter,61
189,3722,2023,starter,73
189,3722,2024,rotation,56
164,3723,2015,starter,56
164,3723,2016,rotation,12
164,3723,2017,starter,47
164,3723,2018,rotation,52
164,3723,2019,starter,45
164,3723,2020,bench,11
164,3723,2021,rotation,17
164,3723,2022,starter,4
164,3723,2023,bench,5
164,3723,2024,starter,92
240,3724,2022,starter,83
240,3724,2023,bench,15
240,3724,2024,starter,75
248,3725,2022,starter,38
248,3725,2023,rotation,68
248,3725,2024,starter,43
301,3726,2015,starter,95
301,3726,2016,starter,28
56,3726,2017,starter,91
56,3726,2018,starter,20
56,3726,2019,starter,64
253,3726,2020,starter,90
166,3727,2024,rotation,96
237,3728,2016,starter,85
237,3728,2017,starter,11
282,3728,2018,starter,60
282,3728,2019,starter,40
282,3728,2020,bench,95
282,3728,2021,bench,19
304,3728,2022,rotation,21
304,3728,2023,starter,53
304,3728,2024,rotation,56
23,3730,2023,bench,40
23,3730,2024,starter,93
198,3732,2015,starter,57
198,3732,2016,starter,6
198,3732,2017,starter,30
198,3732,2018,rotation,89
358,3732,2019,bench,83
358,3732,2020,rotation,4
358,3732,2021,rotation,87
100,3732,2022,rotation,61
100,3732,2023,starter,2
364,3732,2024,rotation,67
199,3733,2020,starter,20
199,3733,2021,starter,69
199,3733,2022,bench,30
199,3733,2023,rotation,62
199,3733,2024,starter,20
335,3736,2019,starter,74
335,3736,2020,starter,46
335,3736,2021,starter,40
159,3736,2022,rotation,17
115,3736,2023,starter,50
115,3736,2024,rotation,55
263,3737,2022,starter,21
263,3737,2023,starter,87
263,3737,2024,starter,87
222,3738,2015,starter,28
222,3738,2016,bench,9
222,3738,2017,starter,3
222,3738,2018,starter,4
222,3738,2019,bench,40
189,3738,2020,starter,82
189,3738,2021,starter,64
189,3738,2022,starter,79
189,3738,2023,starter,42
189,3738,2024,starter,34
153,3739,2021,rotation,50
153,3739,2022,rotation,47
255,3739,2023,rotation,45
255,3739,2024,starter,65
112,3740,2015,starter,52
112,3740,2016,bench,34
112,3740,2017,rotation,10
112,3740,2018,starter,72
297,3740,2019,starter,35
297,3740,2020,rotation,75
297,3740,2021,starter,59
111,3740,2022,rotation,76
111,3740,2023,starter,68
378,3740,2024,starter,22
29,3742,2015,rotation,39
29,3742,2016,bench,19
29,3742,2017,starter,72
29,3742,2018,starter,3
29,3742,2019,starter,84
29,3742,2020,bench,21
29,3742,2021,rotation,71
353,3742,2022,bench,79
353,3742,2023,rotation,84
353,3742,2024,starter,59
177,3743,2015,rotation,25
177,3743,2016,starter,79
177,3743,2017,starter,19
177,3743,2018,rotation,87
177,3743,2019,starter,23
177,3743,2020,starter,15
177,3743,2021,starter,69
177,3743,2022,bench,69
177,3743,2023,starter,44
177,3743,2024,starter,92
364,3744,2020,rotation,92
364,3744,2021,starter,31
370,3744,2022,rotation,77
370,3744,2023,bench,17
370,3744,2024,rotation,45
373,3745,2015,starter,5
373,3745,2016,starter,66
373,3745,2017,starter,21
200,3745,2018,starter,64
200,3745,2019,starter,26
200,3745,2020,rotation,2
200,3745,2021,starter,58
200,3745,2022,starter,65
200,3745,2023,rotation,31
124,3745,2024,starter,76
10,3746,2015,rotation,95
10,3746,2016,bench,72
10,3746,2017,starter,21
10,3746,2018,starter,24
10,3746,2019,rotation,26
10,3746,2020,starter,46
10,3746,2021,starter,92
10,3746,2022,starter,49
347,3747,2015,starter,94
347,3747,2016,starter,62
347,3747,2017,rotation,38
347,3747,2018,starter,72
347,3747,2019,starter,48
333,3747,2020,bench,6
333,3747,2021,starter,15
333,3747,2022,starter,84
333,3747,2023,bench,24
333,3747,2024,bench,96
99,3748,2024,rotation,50
242,3749,2015,rotation,94
242,3749,2016,starter,53
242,3749,2017,starter,54
242,3749,2018,rotation,16
242,3749,2019,rotation,30
242,3749,2020,rotation,78
242,3749,2021,starter,61
242,3749,2022,starter,31
242,3749,2023,starter,56
242,3749,2024,bench,46
326,3750,2024,bench,59
140,3751,2015,starter,5
140,3751,2016,bench,29
140,3751,2017,bench,81
140,3751,2018,starter,98
140,3751,2019,starter,19
123,3751,2020,bench,19
123,3751,2021,starter,68
123,3751,2022,rotation,85
123,3751,2023,starter,81
123,3751,2024,starter,47
360,3752,2021,starter,42
360,3752,2022,rotation,27
42,3752,2023,starter,14
42,3752,2024,bench,7
70,3753,2023,rotation,19
70,3753,2024,starter,30
275,3754,2015,starter,86
362,3754,2016,starter,68
362,3754,2017,rotation,13
362,3754,2018,starter,5
180,3754,2019,starter,7
180,3754,2020,starter,80
180,3754,2021,starter,15
180,3754,2022,starter,19
180,3754,2023,starter,86
180,3754,2024,bench,41
98,3756,2019,starter,15
98,3756,2020,starter,4
98,3756,2021,rotation,63
98,3756,2022,starter,59
98,3756,2023,starter,52
98,3756,2024,starter,49
57,3758,2015,rotation,29
57,3758,2016,starter,95
57,3758,2017,starter,43
57,3758,2018,starter,40
273,3758,2019,starter,55
273,3758,2020,starter,6
273,3758,2021,starter,95
273,3758,2022,starter,69
273,3758,2023,starter,28
273,3758,2024,starter,52
354,3759,2015,starter,30
354,3759,2016,starter,84
354,3759,2017,rotation,70
354,3759,2018,bench,65
354,3759,2019,starter,62
354,3759,2020,starter,60
354,3759,2021,starter,73
55,3759,2022,starter,66
55,3759,2023,starter,19
55,3759,2024,starter,90
320,3760,2015,bench,4
320,3760,2016,rotation,76
320,3760,2017,bench,46
126,3760,2018,starter,33
126,3760,2019,starter,44
126,3760,2020,rotation,55
355,3760,2021,bench,28
355,3760,2022,rotation,9
355,3760,2023,starter,85
355,3760,2024,rotation,40
378,3761,2015,rotation,90
378,3761,2016,rotation,66
378,3761,2017,rotation,28
378,3761,2018,starter,37
378,3761,2019,starter,60
378,3761,2020,starter,4
378,3761,2021,starter,45
352,3761,2022,rotation,53
352,3761,2023,starter,52
352,3761,2024,starter,88
24,3762,2019,bench,74
308,3762,2020,starter,81
308,3762,2021,rotation,39
308,3762,2022,starter,65
308,3762,2023,starter,34
308,3762,2024,starter,24
76,3763,2018,starter,37
76,3763,2019,starter,37
76,3763,2020,starter,17
76,3763,2021,starter,20
76,3763,2022,bench,56
76,3763,2023,starter,88
76,3763,2024,starter,61
308,3764,2015,rotation,29
308,3764,2016,starter,43
308,3764,2017,starter,20
308,3764,2018,bench,81
308,3764,2019,rotation,28
308,3764,2020,starter,54
340,3764,2021,rotation,52
340,3764,2022,starter,47
278,3765,2015,starter,96
278,3765,2016,starter,16
278,3765,2017,bench,88
278,3765,2018,starter,15
278,3765,2019,starter,2
278,3765,2020,rotation,14
278,3765,2021,bench,33
278,3765,2022,rotation,96
324,3765,2023,rotation,63
324,3765,2024,starter,49
236,3766,2015,rotation,5
236,3766,2016,bench,77
236,3766,2017,starter,57
236,3766,2018,starter,9
236,3766,2019,starter,39
153,3766,2020,rotation,2
153,3766,2021,rotation,47
153,3766,2022,starter,85
153,3766,2023,starter,13
110,3767,2023,bench,77
110,3767,2024,bench,22
133,3768,2016,starter,81
133,3768,2017,bench,97
133,3768,2018,rotation,15
133,3768,2019,bench,79
133,3768,2020,rotation,15
133,3768,2021,bench,62
133,3768,2022,rotation,73
344,3768,2023,rotation,34
344,3768,2024,starter,3
208,3770,2015,starter,46
208,3770,2016,rotation,61
9,3770,2017,starter,92
9,3770,2018,starter,51
9,3770,2019,starter,12
9,3770,2020,starter,17
9,3770,2021,bench,91
9,3770,2022,starter,28
9,3770,2023,rotation,50
9,3770,2024,starter,61
279,3771,2015,bench,39
279,3771,2016,starter,17
279,3771,2017,rotation,18
279,3771,2018,starter,10
279,3771,2019,rotation,49
279,3771,2020,bench,58
279,3771,2021,starter,90
173,3773,2015,starter,74
173,3773,2016,starter,87
173,3773,2017,rotation,18
173,3773,2018,bench,77
173,3773,2019,starter,70
173,3773,2020,rotation,42
173,3773,2021,bench,29
173,3773,2022,bench,80
173,3773,2023,starter,61
173,3773,2024,starter,42
318,3774,2015,starter,71
318,3774,2016,rotation,89
318,3774,2017,starter,41
318,3774,2018,bench,80
318,3774,2019,starter,78
318,3774,2020,starter,66
318,3774,2021,starter,5
318,3774,2022,starter,15
309,3775,2015,starter,58
309,3775,2016,starter,56
309,3775,2017,bench,16
116,3775,2018,bench,30
116,3775,2019,starter,84
116,3775,2020,rotation,42
233,3775,2021,rotation,91
233,3775,2022,starter,39
233,3775,2023,starter,35
233,3775,2024,starter,40
272,3776,2015,starter,69
272,3776,2016,starter,86
372,3776,2017,starter,84
131,3776,2018,starter,6
131,3776,2019,starter,69
131,3776,2020,starter,78
131,3776,2021,starter,42
37,3776,2022,rotation,34
37,3776,2023,starter,31
37,3776,2024,starter,71
283,3777,2015,starter,49
283,3777,2016,starter,29
283,3777,2017,starter,33
49,3777,2018,rotation,37
49,3777,2019,rotation,29
49,3777,2020,rotation,12
49,3777,2021,starter,51
49,3777,2022,rotation,53
49,3777,2023,starter,88
49,3777,2024,starter,34
149,3778,2015,starter,3
149,3778,2016,starter,66
149,3778,2017,starter,76
149,3778,2018,starter,78
224,3778,2019,bench,6
224,3778,2020,starter,31
224,3778,2021,bench,9
224,3778,2022,rotation,78
224,3778,2023,starter,20
147,3778,2024,bench,67
56,3779,2015,starter,18
56,3779,2016,rotation,22
56,3779,2017,starter,4
56,3779,2018,starter,61
56,3779,2019,rotation,7
371,3779,2020,bench,90
371,3779,2021,rotation,48
371,3779,2022,starter,56
159,3780,2015,rotation,64
159,3780,2016,starter,46
159,3780,2017,starter,54
159,3780,2018,starter,43
159,3780,2019,rotation,1
159,3780,2020,starter,6
334,3781,2015,rotation,77
334,3781,2016,starter,44
334,3781,2017,starter,35
334,3781,2018,starter,66
334,3781,2019,starter,13
334,3781,2020,rotation,15
334,3781,2021,starter,92
334,3781,2022,starter,66
334,3781,2023,starter,55
256,3781,2024,starter,20
191,3782,2024,starter,73
376,3783,2015,rotation,54
376,3783,2016,rotation,79
263,3783,2017,starter,92
263,3783,2018,bench,66
263,3783,2019,starter,16
263,3783,2020,starter,95
263,3783,2021,bench,51
263,3783,2022,starter,18
263,3783,2023,rotation,70
263,3783,2024,bench,10
165,3784,2024,starter,65
335,3785,2015,starter,87
335,3785,2016,starter,69
168,3785,2017,starter,43
168,3785,2018,rotation,24
168,3785,2019,starter,8
168,3785,2020,starter,79
168,3785,2021,starter,21
168,3785,2022,starter,96
168,3785,2023,rotation,23
365,3786,2015,starter,14
365,3786,2016,starter,40
365,3786,2017,rotation,44
365,3786,2018,starter,33
365,3786,2019,starter,53
365,3786,2020,starter,2
365,3786,2021,starter,66
365,3786,2022,rotation,62
365,3786,2023,starter,6
365,3786,2024,bench,40
123,3787,2018,rotation,33
123,3787,2019,rotation,91
123,3787,2020,starter,13
123,3787,2021,rotation,69
123,3787,2022,starter,85
123,3787,2023,rotation,29
123,3787,2024,bench,68
367,3788,2019,starter,30
367,3788,2020,starter,34
267,3788,2021,rotation,84
267,3788,2022,starter,81
267,3788,2023,starter,15
267,3788,2024,starter,5
317,3789,2015,bench,6
317,3789,2016,rotation,33
317,3789,2017,starter,66
317,3789,2018,rotation,96
317,3789,2019,rotation,30
317,3789,2020,rotation,38
317,3789,2021,starter,74
317,3789,2022,starter,9
317,3789,2023,starter,8
317,3789,2024,rotation,10
371,3790,2015,starter,63
371,3790,2016,starter,4
371,3790,2017,rotation,22
371,3790,2018,starter,39
371,3790,2019,starter,22
371,3790,2020,bench,24
371,3790,2021,starter,9
371,3790,2022,rotation,12
371,3790,2023,bench,67
371,3790,2024,starter,20
354,3791,2015,bench,47
147,3791,2016,starter,46
147,3791,2017,starter,72
147,3791,2018,starter,81
113,3791,2019,starter,76
113,3791,2020,starter,69
113,3791,2021,starter,12
113,3791,2022,starter,14
113,3791,2023,rotation,11
113,3791,2024,bench,22
156,3792,2015,starter,49
156,3792,2016,rotation,46
156,3792,2017,starter,50
152,3792,2018,starter,82
152,3792,2019,rotation,78
152,3792,2020,rotation,17
152,3792,2021,rotation,71
152,3792,2022,starter,89
152,3792,2023,starter,79
152,3792,2024,starter,47
151,3793,2024,starter,85
201,3795,2015,starter,11
336,3795,2016,bench,17
336,3795,2017,starter,48
336,3795,2018,rotation,95
336,3795,2019,rotation,14
336,3795,2020,starter,72
336,3795,2021,rotation,91
336,3795,2022,rotation,90
336,3795,2023,starter,47
98,3795,2024,bench,54
98,3796,2024,rotation,88
294,3797,2015,starter,50
294,3797,2016,starter,6
294,3797,2017,starter,6
294,3797,2018,starter,5
294,3797,2019,rotation,17
294,3797,2020,rotation,79
294,3797,2021,rotation,46
294,3797,2022,rotation,92
294,3797,2023,bench,45
294,3797,2024,rotation,32
293,3798,2024,starter,92
30,3799,2015,starter,71
66,3799,2016,starter,28
66,3799,2017,starter,49
281,3799,2018,starter,7
281,3799,2019,starter,42
281,3799,2020,rotation,18
281,3799,2021,starter,64
281,3799,2022,rotation,15
281,3799,2023,rotation,79
134,3799,2024,rotation,12
98,3800,2015,starter,70
98,3800,2016,starter,35
98,3800,2017,starter,34
98,3800,2018,starter,36
98,3800,2019,bench,94
98,3800,2020,starter,68
98,3800,2021,bench,65
98,3800,2022,starter,89
98,3800,2023,starter,74
98,3800,2024,starter,79
112,3801,2018,bench,65
338,3801,2019,starter,63
338,3801,2020,starter,13
338,3801,2021,rotation,29
338,3801,2022,rotation,29
338,3801,2023,rotation,72
338,3801,2024,starter,2
163,3803,2021,rotation,93
163,3803,2022,starter,30
163,3803,2023,starter,74
163,3803,2024,rotation,13
345,3804,2022,starter,61
345,3804,2023,starter,17
345,3804,2024,rotation,70
296,3805,2023,starter,96
296,3805,2024,starter,4
151,3806,2024,starter,78
80,3807,2015,bench,74
185,3807,2016,starter,48
185,3807,2017,starter,16
185,3807,2018,starter,18
185,3807,2019,bench,63
185,3807,2020,starter,59
313,3807,2021,rotation,25
313,3807,2022,rotation,37
313,3807,2023,rotation,63
313,3807,2024,rotation,33
354,3808,2024,starter,45
218,3809,2015,rotation,86
218,3809,2016,starter,28
218,3809,2017,starter,90
218,3809,2018,rotation,4
218,3809,2019,starter,74
218,3809,2020,bench,68
218,3809,2021,starter,92
218,3809,2022,bench,38
218,3809,2023,bench,42
197,3810,2015,starter,11
197,3810,2016,bench,76
197,3810,2017,starter,94
197,3810,2018,bench,45
197,3810,2019,starter,7
197,3810,2020,starter,76
197,3810,2021,bench,63
197,3810,2022,starter,50
69,3811,2015,rotation,93
69,3811,2016,rotation,25
69,3811,2017,rotation,83
69,3811,2018,starter,7
69,3811,2019,rotation,69
69,3811,2020,bench,6
69,3811,2021,starter,66
69,3811,2022,starter,38
69,3811,2023,starter,74
69,3811,2024,starter,12
40,3812,2015,rotation,6
40,3812,2016,starter,90
40,3812,2017,rotation,2
40,3812,2018,starter,87
40,3812,2019,rotation,57
40,3812,2020,starter,46
340,3812,2021,starter,90
340,3812,2022,starter,64
340,3812,2023,starter,7
340,3812,2024,rotation,66
143,3813,2015,rotation,89
143,3813,2016,starter,96
143,3813,2017,rotation,11
148,3813,2018,starter,38
148,3813,2019,starter,15
148,3813,2020,starter,52
148,3813,2021,starter,2
148,3813,2022,rotation,82
115,3814,2015,starter,98
115,3814,2016,starter,90
115,3814,2017,starter,22
115,3814,2018,rotation,41
115,3814,2019,starter,64
115,3814,2020,bench,40
115,3814,2021,starter,91
115,3814,2022,bench,7
115,3814,2023,starter,89
115,3814,2024,starter,36
157,3815,2024,starter,83
248,3816,2015,starter,85
248,3816,2016,starter,34
248,3816,2017,rotation,39
248,3816,2018,bench,84
248,3816,2019,rotation,45
215,3816,2020,rotation,35
215,3816,2021,starter,72
215,3816,2022,bench,13
215,3816,2023,bench,90
215,3816,2024,starter,96
369,3818,2015,starter,97
369,3818,2016,starter,94
272,3818,2017,rotation,92
272,3818,2018,starter,79
272,3818,2019,rotation,98
272,3818,2020,starter,26
272,3818,2021,starter,18
273,3818,2022,starter,60
273,3818,2023,starter,34
273,3818,2024,starter,9
137,3819,2024,bench,21
331,3820,2022,starter,58
219,3820,2023,bench,55
219,3820,2024,starter,86
304,3821,2015,bench,39
304,3821,2016,starter,33
304,3821,2017,rotation,27
304,3821,2018,starter,14
304,3821,2019,starter,66
304,3821,2020,starter,77
304,3821,2021,starter,81
304,3821,2022,bench,19
111,3821,2023,starter,37
111,3821,2024,starter,45
125,3822,2015,starter,59
125,3822,2016,starter,80
125,3822,2017,starter,27
125,3822,2018,starter,97
125,3822,2019,bench,7
125,3822,2020,starter,20
125,3822,2021,starter,17
125,3822,2022,starter,36
125,3822,2023,rotation,5
125,3822,2024,rotation,71
248,3823,2019,starter,92
248,3823,2020,starter,86
248,3823,2021,rotation,37
248,3823,2022,starter,47
248,3823,2023,rotation,30
248,3823,2024,rotation,97
90,3824,2015,bench,72
90,3824,2016,bench,79
90,3824,2017,starter,93
90,3824,2018,bench,32
90,3824,2019,rotation,37
90,3824,2020,starter,76
90,3824,2021,rotation,10
90,3824,2022,starter,95
61,3825,2023,rotation,12
61,3825,2024,rotation,42
272,3826,2015,rotation,34
272,3826,2016,rotation,22
272,3826,2017,bench,36
272,3826,2018,starter,69
272,3826,2019,bench,89
272,3826,2020,rotation,34
272,3826,2021,starter,16
272,3826,2022,rotation,41
272,3826,2023,starter,49
272,3826,2024,rotation,54
154,3827,2015,starter,76
154,3827,2016,bench,97
154,3827,2017,rotation,80
154,3827,2018,rotation,38
154,3827,2019,rotation,96
154,3827,2020,starter,19
154,3827,2021,starter,22
154,3827,2022,starter,47
154,3827,2023,starter,75
154,3827,2024,rotation,8
270,3828,2015,starter,17
356,3828,2016,starter,13
356,3828,2017,bench,89
356,3828,2018,rotation,66
185,3828,2019,starter,92
185,3828,2020,bench,88
185,3828,2021,starter,66
281,3829,2015,rotation,24
281,3829,2016,starter,3
281,3829,2017,starter,6
281,3829,2018,rotation,19
281,3829,2019,bench,77
281,3829,2020,starter,44
281,3829,2021,starter,51
281,3829,2022,rotation,66
281,3829,2023,starter,23
281,3829,2024,rotation,37
372,3830,2022,bench,46
372,3830,2023,starter,3
372,3830,2024,bench,23
348,3831,2015,starter,44
348,3831,2016,rotation,26
348,3831,2017,starter,52
348,3831,2018,rotation,72
348,3831,2019,bench,15
348,3831,2020,bench,85
348,3831,2021,bench,71
348,3831,2022,starter,36
348,3831,2023,rotation,37
348,3831,2024,starter,15
358,3832,2024,starter,76
147,3833,2015,rotation,50
147,3833,2016,bench,2
147,3833,2017,starter,94
147,3833,2018,starter,28
147,3833,2019,bench,33
147,3833,2020,starter,2
147,3833,2021,starter,37
380,3834,2015,starter,24
380,3834,2016,bench,51
380,3834,2017,rotation,45
380,3834,2018,bench,95
380,3834,2019,starter,50
380,3834,2020,starter,15
380,3834,2021,rotation,16
380,3834,2022,starter,2
365,3835,2017,rotation,48
365,3835,2018,starter,93
365,3835,2019,starter,32
365,3835,2020,rotation,52
365,3835,2021,starter,78
365,3835,2022,starter,69
365,3835,2023,starter,87
365,3835,2024,starter,49
158,3837,2015,starter,98
158,3837,2016,starter,52
158,3837,2017,starter,26
158,3837,2018,starter,68
175,3837,2019,bench,26
175,3837,2020,rotation,20
148,3837,2021,starter,78
148,3837,2022,starter,93
148,3837,2023,starter,33
148,3837,2024,bench,37
229,3839,2015,starter,30
298,3839,2016,rotation,37
298,3839,2017,starter,88
298,3839,2018,bench,52
298,3839,2019,starter,36
214,3839,2020,bench,38
214,3839,2021,rotation,82
214,3839,2022,starter,16
300,3840,2023,rotation,70
300,3840,2024,rotation,1
220,3842,2017,starter,21
220,3842,2018,starter,63
320,3842,2019,bench,82
320,3842,2020,starter,72
320,3842,2021,starter,23
320,3842,2022,starter,88
320,3842,2023,rotation,94
320,3842,2024,starter,62
373,3843,2024,starter,14
26,3844,2017,starter,21
26,3844,2018,starter,40
327,3844,2019,starter,38
327,3844,2020,starter,32
327,3844,2021,starter,42
327,3844,2022,starter,74
327,3844,2023,rotation,39
327,3844,2024,rotation,54
312,3845,2015,bench,9
337,3845,2016,starter,10
337,3845,2017,bench,41
337,3845,2018,rotation,65
337,3845,2019,bench,23
337,3845,2020,rotation,35
369,3845,2021,starter,75
369,3845,2022,starter,77
369,3845,2023,starter,9
369,3845,2024,starter,54
212,3846,2017,starter,94
212,3846,2018,starter,33
212,3846,2019,rotation,98
212,3846,2020,rotation,25
212,3846,2021,starter,32
212,3846,2022,starter,93
212,3846,2023,starter,68
175,3846,2024,rotation,46
351,3847,2015,starter,6
351,3847,2016,bench,30
351,3847,2017,rotation,63
351,3847,2018,bench,62
351,3847,2019,rotation,2
351,3847,2020,starter,57
351,3847,2021,starter,97
351,3847,2022,rotation,10
351,3847,2023,rotation,38
351,3847,2024,starter,62
369,3849,2022,starter,13
84,3849,2023,starter,17
84,3849,2024,rotation,19
367,3850,2024,bench,44
274,3851,2019,starter,97
274,3851,2020,starter,92
274,3851,2021,rotation,80
274,3851,2022,rotation,61
274,3851,2023,rotation,49
272,3851,2024,starter,58
16,3852,2015,bench,77
16,3852,2016,starter,12
16,3852,2017,rotation,94
16,3852,2018,starter,18
16,3852,2019,starter,1
16,3852,2020,starter,1
16,3852,2021,rotation,82
16,3852,2022,rotation,86
276,3852,2023,starter,62
276,3852,2024,starter,11
294,3853,2019,starter,33
364,3853,2020,starter,24
364,3853,2021,bench,39
364,3853,2022,bench,18
364,3853,2023,bench,60
364,3853,2024,starter,43
321,3855,2015,starter,39
321,3855,2016,starter,76
321,3855,2017,rotation,33
253,3855,2018,starter,24
253,3855,2019,starter,2
253,3855,2020,starter,91
126,3855,2021,rotation,71
126,3855,2022,starter,16
126,3855,2023,rotation,82
239,3855,2024,starter,35
325,3857,2020,rotation,36
226,3857,2021,rotation,62
226,3857,2022,rotation,23
226,3857,2023,starter,29
226,3857,2024,starter,92
99,3858,2015,starter,3
99,3858,2016,starter,80
99,3858,2017,bench,68
99,3858,2018,starter,78
99,3858,2019,bench,51
99,3858,2020,starter,27
99,3858,2021,starter,28
99,3858,2022,starter,81
99,3858,2023,starter,10
307,3859,2015,rotation,85
307,3859,2016,starter,63
307,3859,2017,starter,81
307,3859,2018,rotation,75
307,3859,2019,starter,96
307,3859,2020,rotation,86
371,3859,2021,rotation,68
371,3859,2022,starter,76
371,3859,2023,starter,7
371,3859,2024,starter,23
314,3860,2015,starter,22
314,3860,2016,rotation,27
314,3860,2017,starter,96
314,3860,2018,rotation,10
314,3860,2019,starter,55
314,3860,2020,starter,42
314,3860,2021,rotation,38
314,3860,2022,starter,39
314,3860,2023,starter,51
314,3860,2024,starter,13
244,3862,2015,starter,63
244,3862,2016,starter,83
244,3862,2017,starter,47
244,3862,2018,bench,87
244,3862,2019,starter,27
244,3862,2020,starter,89
244,3862,2021,bench,50
380,3862,2022,starter,27
380,3862,2023,bench,25
380,3862,2024,rotation,70
188,3863,2020,rotation,13
188,3863,2021,starter,6
188,3863,2022,bench,85
188,3863,2023,starter,89
188,3863,2024,rotation,49
9,3864,2015,starter,30
9,3864,2016,starter,72
31,3864,2017,bench,59
31,3864,2018,starter,13
31,3864,2019,starter,78
31,3864,2020,starter,84
31,3864,2021,starter,45
338,3865,2015,bench,92
338,3865,2016,starter,88
338,3865,2017,starter,57
369,3865,2018,starter,45
369,3865,2019,starter,56
369,3865,2020,starter,19
369,3865,2021,starter,92
369,3865,2022,starter,47
369,3865,2023,starter,15
196,3865,2024,starter,9
189,3866,2015,starter,19
189,3866,2016,starter,17
189,3866,2017,starter,65
189,3866,2018,bench,49
189,3866,2019,starter,98
189,3866,2020,starter,38
189,3866,2021,bench,46
189,3866,2022,starter,2
189,3866,2023,rotation,20
189,3866,2024,bench,69
124,3867,2019,rotation,40
124,3867,2020,starter,61
124,3867,2021,rotation,57
124,3867,2022,rotation,79
124,3867,2023,starter,38
124,3867,2024,starter,42
356,3868,2015,starter,10
356,3868,2016,starter,39
356,3868,2017,starter,50
153,3868,2018,starter,46
153,3868,2019,starter,98
153,3868,2020,starter,23
153,3868,2021,rotation,95
153,3868,2022,starter,30
153,3868,2023,starter,12
153,3868,2024,rotation,52
289,3869,2023,bench,93
289,3869,2024,rotation,6
235,3870,2015,rotation,34
235,3870,2016,starter,47
235,3870,2017,starter,53
235,3870,2018,starter,34
235,3870,2019,rotation,66
235,3870,2020,starter,24
235,3870,2021,starter,45
235,3870,2022,starter,22
235,3870,2023,rotation,38
235,3870,2024,starter,26
370,3871,2017,starter,21
370,3871,2018,starter,63
370,3871,2019,starter,3
370,3871,2020,rotation,55
370,3871,2021,bench,47
370,3871,2022,bench,28
370,3871,2023,starter,16
370,3871,2024,rotation,40
280,3872,2015,starter,32
280,3872,2016,starter,21
280,3872,2017,starter,23
280,3872,2018,starter,41
280,3872,2019,bench,12
343,3872,2020,starter,28
204,3872,2021,starter,96
204,3872,2022,starter,90
204,3872,2023,rotation,85
204,3872,2024,starter,39
238,3874,2015,starter,81
238,3874,2016,rotation,41
238,3874,2017,starter,64
238,3874,2018,starter,49
238,3874,2019,starter,66
238,3874,2020,starter,77
238,3874,2021,starter,46
103,3874,2022,bench,62
103,3874,2023,bench,68
103,3874,2024,bench,76
252,3875,2015,starter,57
252,3875,2016,starter,1
252,3875,2017,rotation,67
252,3875,2018,starter,54
252,3875,2019,rotation,91
252,3875,2020,bench,96
252,3875,2021,starter,34
314,3876,2023,starter,23
314,3876,2024,starter,33
209,3877,2019,starter,28
209,3877,2020,starter,81
209,3877,2021,starter,5
209,3877,2022,starter,34
268,3877,2023,starter,12
268,3877,2024,rotation,46
63,3878,2023,starter,35
63,3878,2024,rotation,91
354,3880,2015,starter,24
319,3880,2016,starter,1
319,3880,2017,starter,82
319,3880,2018,rotation,49
187,3880,2019,rotation,24
187,3880,2020,starter,27
187,3880,2021,starter,29
187,3880,2022,starter,31
187,3880,2023,starter,48
187,3880,2024,rotation,3
294,3881,2024,starter,9
346,3882,2019,rotation,13
346,3882,2020,starter,83
346,3882,2021,bench,30
346,3882,2022,starter,20
223,3882,2023,starter,43
223,3882,2024,bench,35
172,3883,2015,starter,79
172,3883,2016,starter,25
172,3883,2017,starter,70
172,3883,2018,rotation,12
348,3883,2019,starter,87
348,3883,2020,rotation,59
348,3883,2021,starter,90
348,3883,2022,starter,37
348,3883,2023,bench,42
348,3883,2024,bench,56
313,3884,2015,rotation,58
313,3884,2016,starter,7
313,3884,2017,starter,5
313,3884,2018,rotation,89
313,3884,2019,rotation,53
313,3884,2020,bench,57
313,3884,2021,starter,70
313,3884,2022,starter,70
313,3884,2023,rotation,94
313,3884,2024,bench,52
317,3885,2024,starter,6
265,3886,2017,starter,50
265,3886,2018,rotation,64
265,3886,2019,starter,44
265,3886,2020,rotation,84
265,3886,2021,starter,84
265,3886,2022,starter,73
265,3886,2023,starter,65
265,3886,2024,bench,45
320,3887,2015,bench,74
320,3887,2016,starter,81
320,3887,2017,starter,86
320,3887,2018,starter,6
320,3887,2019,starter,42
320,3887,2020,starter,45
320,3887,2021,starter,24
216,3888,2018,starter,20
173,3888,2019,rotation,16
173,3888,2020,starter,39
173,3888,2021,bench,97
173,3888,2022,starter,33
173,3888,2023,starter,92
173,3888,2024,starter,52
60,3889,2019,starter,14
60,3889,2020,bench,52
60,3889,2021,starter,52
60,3889,2022,starter,16
60,3889,2023,starter,11
9,3889,2024,bench,32
357,3890,2015,starter,1
357,3890,2016,starter,36
357,3890,2017,starter,29
306,3890,2018,bench,77
306,3890,2019,rotation,87
306,3890,2020,starter,26
306,3890,2021,starter,56
306,3890,2022,starter,18
332,3891,2015,bench,22
332,3891,2016,starter,72
332,3891,2017,starter,32
332,3891,2018,bench,22
375,3891,2019,rotation,46
333,3891,2020,starter,12
333,3891,2021,starter,42
333,3891,2022,starter,25
333,3891,2023,starter,24
333,3891,2024,starter,19
90,3892,2022,starter,19
18,3892,2023,starter,25
18,3892,2024,starter,72
291,3893,2023,starter,44
291,3893,2024,starter,41
213,3894,2019,starter,81
213,3894,2020,rotation,80
213,3894,2021,starter,24
213,3894,2022,rotation,75
337,3894,2023,bench,52
317,3894,2024,starter,55
137,3895,2015,bench,28
137,3895,2016,rotation,1
137,3895,2017,starter,44
337,3895,2018,starter,93
337,3895,2019,rotation,63
337,3895,2020,rotation,7
337,3895,2021,starter,76
364,3895,2022,rotation,98
364,3895,2023,bench,47
306,3895,2024,starter,67
348,3896,2015,starter,1
363,3896,2016,starter,52
363,3896,2017,starter,12
363,3896,2018,starter,40
363,3896,2019,starter,98
363,3896,2020,rotation,23
363,3896,2021,bench,42
363,3896,2022,rotation,83
363,3896,2023,starter,11
363,3896,2024,rotation,94
291,3897,2019,starter,71
291,3897,2020,rotation,6
291,3897,2021,starter,44
291,3897,2022,starter,33
291,3897,2023,starter,16
291,3897,2024,starter,89
285,3898,2015,starter,3
285,3898,2016,starter,4
285,3898,2017,starter,50
285,3898,2018,starter,20
285,3898,2019,starter,35
285,3898,2020,starter,58
285,3898,2021,rotation,96
309,3899,2023,starter,97
309,3899,2024,rotation,52
315,3900,2016,starter,2
315,3900,2017,starter,66
315,3900,2018,rotation,85
315,3900,2019,bench,84
365,3900,2020,starter,55
365,3900,2021,rotation,31
365,3900,2022,rotation,49
365,3900,2023,starter,68
365,3900,2024,starter,9
206,3901,2017,starter,84
206,3901,2018,starter,6
206,3901,2019,rotation,29
206,3901,2020,rotation,38
206,3901,2021,rotation,10
370,3901,2022,rotation,60
370,3901,2023,bench,98
370,3901,2024,rotation,83
309,3902,2021,starter,48
309,3902,2022,starter,43
309,3902,2023,rotation,54
309,3902,2024,rotation,42
173,3903,2015,rotation,61
173,3903,2016,starter,11
173,3903,2017,bench,83
173,3903,2018,starter,40
173,3903,2019,starter,54
173,3903,2020,starter,95
258,3903,2021,bench,95
258,3903,2022,rotation,16
258,3903,2023,bench,72
258,3903,2024,rotation,65
237,3904,2015,starter,77
237,3904,2016,starter,16
341,3904,2017,starter,5
341,3904,2018,starter,1
341,3904,2019,starter,39
341,3904,2020,rotation,85
341,3904,2021,starter,21
341,3904,2022,rotation,63
341,3904,2023,starter,23
341,3904,2024,starter,66
324,3906,2015,rotation,19
324,3906,2016,starter,54
324,3906,2017,rotation,93
324,3906,2018,starter,90
295,3906,2019,bench,66
295,3906,2020,starter,59
295,3906,2021,starter,32
295,3906,2022,starter,10
295,3906,2023,starter,36
295,3906,2024,rotation,48
345,3907,2019,rotation,53
345,3907,2020,starter,39
345,3907,2021,starter,56
345,3907,2022,rotation,9
78,3907,2023,rotation,40
78,3907,2024,rotation,19
214,3908,2015,starter,64
184,3908,2016,starter,18
184,3908,2017,rotation,22
184,3908,2018,bench,25
184,3908,2019,starter,14
184,3908,2020,starter,20
184,3908,2021,starter,48
184,3908,2022,starter,74
184,3908,2023,starter,37
184,3908,2024,starter,59
355,3909,2018,starter,27
347,3909,2019,bench,17
347,3909,2020,starter,77
347,3909,2021,rotation,25
347,3909,2022,starter,56
347,3909,2023,starter,90
347,3909,2024,rotation,89
82,3910,2015,starter,83
82,3910,2016,starter,1
82,3910,2017,starter,77
82,3910,2018,starter,16
82,3910,2019,starter,89
82,3910,2020,starter,86
82,3910,2021,starter,66
82,3910,2022,starter,40
82,3910,2023,bench,98
82,3910,2024,rotation,73
329,3911,2018,rotation,72
329,3911,2019,starter,65
329,3911,2020,bench,52
329,3911,2021,bench,69
329,3911,2022,bench,44
329,3911,2023,starter,96
329,3911,2024,rotation,62
210,3912,2015,starter,89
210,3912,2016,starter,92
210,3912,2017,starter,85
210,3912,2018,rotation,7
210,3912,2019,bench,80
210,3912,2020,starter,86
210,3912,2021,rotation,68
210,3912,2022,rotation,24
210,3912,2023,starter,25
210,3912,2024,starter,18
161,3913,2016,starter,61
161,3913,2017,rotation,61
161,3913,2018,starter,47
161,3913,2019,starter,84
161,3913,2020,starter,27
161,3913,2021,rotation,72
161,3913,2022,starter,69
161,3913,2023,starter,3
161,3913,2024,starter,86
288,3915,2020,starter,98
261,3915,2021,starter,33
261,3915,2022,starter,72
261,3915,2023,starter,59
210,3915,2024,starter,75
265,3916,2015,bench,22
265,3916,2016,rotation,45
265,3916,2017,starter,63
265,3916,2018,bench,91
265,3916,2019,rotation,46
265,3916,2020,starter,59
265,3916,2021,starter,41
265,3916,2022,starter,92
265,3916,2023,starter,54
265,3916,2024,rotation,19
359,3918,2015,rotation,1
359,3918,2016,rotation,75
359,3918,2017,starter,67
128,3918,2018,starter,23
282,3918,2019,bench,53
280,3918,2020,starter,52
280,3918,2021,bench,32
280,3918,2022,starter,40
280,3918,2023,starter,20
280,3918,2024,rotation,75
194,3919,2015,rotation,70
194,3919,2016,starter,24
194,3919,2017,starter,54
194,3919,2018,bench,30
194,3919,2019,rotation,82
194,3919,2020,starter,60
194,3919,2021,starter,61
194,3919,2022,starter,71
194,3919,2023,starter,9
194,3919,2024,starter,4
172,3921,2015,starter,38
172,3921,2016,starter,72
172,3921,2017,starter,57
346,3921,2018,rotation,46
346,3921,2019,starter,34
346,3921,2020,rotation,39
346,3921,2021,rotation,94
346,3921,2022,bench,88
12,3921,2023,bench,73
12,3921,2024,starter,45
224,3922,2019,starter,96
224,3922,2020,starter,3
224,3922,2021,starter,13
224,3922,2022,bench,25
224,3922,2023,starter,33
224,3922,2024,starter,69
202,3923,2015,starter,26
202,3923,2016,starter,38
161,3923,2017,starter,70
161,3923,2018,starter,2
161,3923,2019,starter,15
161,3923,2020,starter,10
376,3924,2015,starter,10
376,3924,2016,starter,23
376,3924,2017,starter,29
376,3924,2018,bench,3
376,3924,2019,starter,63
376,3924,2020,starter,31
376,3924,2021,rotation,21
376,3924,2022,starter,53
376,3924,2023,starter,92
376,3924,2024,starter,72
377,3927,2022,rotation,19
324,3927,2023,starter,82
324,3927,2024,starter,19
371,3929,2021,rotation,23
371,3929,2022,starter,38
371,3929,2023,bench,33
371,3929,2024,starter,51
103,3930,2015,starter,85
103,3930,2016,starter,91
103,3930,2017,starter,87
103,3930,2018,bench,58
103,3930,2019,starter,67
103,3930,2020,starter,42
103,3930,2021,starter,30
103,3930,2022,starter,31
43,3930,2023,starter,33
50,3930,2024,starter,31
311,3932,2019,starter,76
311,3932,2020,starter,3
311,3932,2021,starter,87
302,3932,2022,starter,38
302,3932,2023,starter,65
156,3932,2024,starter,63
70,3933,2015,rotation,63
70,3933,2016,rotation,45
70,3933,2017,starter,5
377,3933,2018,bench,50
377,3933,2019,starter,81
377,3933,2020,starter,45
377,3933,2021,bench,38
377,3933,2022,starter,58
377,3933,2023,starter,56
377,3933,2024,rotation,86
187,3934,2024,bench,29
178,3935,2022,starter,58
178,3935,2023,starter,75
178,3935,2024,bench,38
159,3936,2021,starter,38
262,3936,2022,rotation,8
262,3936,2023,starter,21
262,3936,2024,starter,13
321,3937,2023,starter,88
321,3937,2024,starter,71
155,3938,2023,rotation,77
306,3938,2024,starter,83
128,3940,2015,rotation,21
128,3940,2016,bench,22
128,3940,2017,starter,45
128,3940,2018,starter,68
128,3940,2019,starter,50
369,3940,2020,starter,36
369,3940,2021,bench,61
369,3940,2022,starter,83
27,3941,2015,bench,32
27,3941,2016,rotation,95
335,3941,2017,rotation,68
335,3941,2018,starter,79
335,3941,2019,bench,52
335,3941,2020,bench,19
335,3941,2021,starter,55
335,3941,2022,starter,17
208,3941,2023,rotation,93
302,3941,2024,starter,18
156,3943,2019,starter,92
156,3943,2020,starter,43
156,3943,2021,starter,34
156,3943,2022,starter,35
156,3943,2023,starter,45
156,3943,2024,starter,18
357,3944,2015,starter,53
357,3944,2016,starter,6
6,3944,2017,starter,25
6,3944,2018,rotation,65
337,3944,2019,rotation,12
337,3944,2020,rotation,88
219,3944,2021,starter,10
219,3944,2022,starter,56
219,3944,2023,starter,14
219,3944,2024,starter,85
274,3945,2015,bench,58
274,3945,2016,starter,93
274,3945,2017,rotation,86
274,3945,2018,starter,90
274,3945,2019,starter,60
274,3945,2020,starter,38
274,3945,2021,starter,69
118,3945,2022,starter,68
118,3945,2023,starter,55
118,3945,2024,starter,49
150,3948,2015,starter,19
150,3948,2016,starter,71
150,3948,2017,starter,27
150,3948,2018,rotation,36
150,3948,2019,starter,97
150,3948,2020,starter,50
150,3948,2021,starter,24
150,3948,2022,starter,92
150,3948,2023,starter,81
150,3948,2024,starter,4
322,3949,2015,starter,48
322,3949,2016,starter,43
322,3949,2017,starter,57
322,3949,2018,starter,11
213,3949,2019,starter,25
213,3949,2020,starter,15
213,3949,2021,rotation,86
339,3949,2022,starter,57
339,3949,2023,starter,32
339,3949,2024,starter,93
298,3950,2015,rotation,48
298,3950,2016,bench,75
241,3950,2017,starter,53
241,3950,2018,rotation,82
241,3950,2019,starter,60
241,3950,2020,rotation,53
241,3950,2021,starter,9
241,3950,2022,starter,94
241,3950,2023,rotation,41
241,3950,2024,starter,7
234,3951,2015,starter,17
234,3951,2016,starter,89
234,3951,2017,starter,89
234,3951,2018,starter,50
131,3951,2019,starter,49
131,3951,2020,starter,59
131,3951,2021,starter,76
131,3951,2022,rotation,60
131,3951,2023,bench,69
131,3951,2024,starter,54
122,3952,2015,starter,27
122,3952,2016,rotation,35
122,3952,2017,rotation,24
122,3952,2018,rotation,52
122,3952,2019,starter,12
122,3952,2020,starter,37
122,3952,2021,starter,58
312,3953,2015,starter,94
312,3953,2016,bench,18
312,3953,2017,starter,24
312,3953,2018,bench,21
312,3953,2019,starter,37
374,3953,2020,starter,43
374,3953,2021,starter,17
374,3953,2022,rotation,2
374,3953,2023,starter,79
374,3953,2024,rotation,79
164,3954,2016,starter,24
164,3954,2017,bench,63
26,3954,2018,bench,31
26,3954,2019,starter,1
26,3954,2020,rotation,62
26,3954,2021,rotation,14
26,3954,2022,rotation,88
26,3954,2023,starter,64
26,3954,2024,starter,43
370,3955,2018,starter,26
370,3955,2019,starter,95
370,3955,2020,starter,29
370,3955,2021,starter,54
370,3955,2022,starter,24
370,3955,2023,starter,42
370,3955,2024,rotation,22
252,3956,2022,starter,79
252,3956,2023,starter,15
252,3956,2024,starter,6
205,3957,2015,starter,40
205,3957,2016,rotation,77
205,3957,2017,rotation,73
205,3957,2018,starter,6
205,3957,2019,rotation,20
205,3957,2020,rotation,2
302,3957,2021,rotation,97
302,3957,2022,rotation,90
354,3957,2023,bench,75
155,3958,2015,starter,18
155,3958,2016,starter,4
155,3958,2017,starter,55
155,3958,2018,bench,31
155,3958,2019,starter,96
308,3958,2020,bench,38
308,3958,2021,rotation,72
308,3958,2022,starter,8
308,3958,2023,bench,63
216,3958,2024,starter,14
25,3959,2015,starter,11
25,3959,2016,rotation,48
25,3959,2017,bench,90
25,3959,2018,starter,44
25,3959,2019,starter,23
25,3959,2020,rotation,26
25,3959,2021,rotation,77
25,3959,2022,starter,54
25,3959,2023,starter,65
25,3959,2024,starter,41
151,3960,2015,bench,95
151,3960,2016,starter,68
151,3960,2017,rotation,5
181,3960,2018,rotation,84
181,3960,2019,rotation,33
181,3960,2020,starter,92
181,3960,2021,bench,25
181,3960,2022,rotation,72
245,3960,2023,starter,94
245,3960,2024,bench,81
353,3961,2024,rotation,77
83,3962,2024,starter,61
350,3963,2015,starter,95
350,3963,2016,starter,25
350,3963,2017,starter,26
350,3963,2018,starter,86
350,3963,2019,rotation,54
156,3963,2020,rotation,77
156,3963,2021,starter,33
156,3963,2022,starter,2
156,3963,2023,bench,43
366,3964,2015,rotation,65
366,3964,2016,starter,96
366,3964,2017,bench,62
242,3964,2018,bench,97
366,3964,2019,starter,19
366,3964,2020,rotation,29
366,3964,2021,rotation,47
366,3964,2022,starter,26
366,3964,2023,starter,24
366,3964,2024,starter,84
161,3965,2021,bench,17
161,3965,2022,starter,34
161,3965,2023,starter,81
161,3965,2024,bench,73
61,3966,2023,starter,43
61,3966,2024,starter,16
323,3967,2015,starter,38
323,3967,2016,starter,35
323,3967,2017,starter,3
323,3967,2018,bench,14
323,3967,2019,starter,57
323,3967,2020,starter,53
323,3967,2021,bench,46
368,3967,2022,rotation,7
368,3967,2023,rotation,61
368,3967,2024,starter,9
232,3968,2024,starter,4
352,3969,2023,starter,46
352,3969,2024,rotation,55
90,3970,2018,rotation,21
90,3970,2019,starter,10
90,3970,2020,starter,72
90,3970,2021,starter,58
90,3970,2022,rotation,28
90,3970,2023,starter,77
90,3970,2024,rotation,33
42,3971,2015,starter,71
42,3971,2016,starter,6
42,3971,2017,rotation,84
42,3971,2018,starter,5
42,3971,2019,starter,17
7,3971,2020,starter,25
75,3971,2021,bench,40
75,3971,2022,rotation,8
75,3971,2023,starter,24
75,3971,2024,starter,59
85,3972,2015,starter,37
85,3972,2016,bench,43
85,3972,2017,starter,10
19,3972,2018,starter,71
19,3972,2019,rotation,83
19,3972,2020,starter,33
19,3972,2021,rotation,67
19,3972,2022,bench,35
88,3972,2023,bench,63
88,3972,2024,rotation,52
371,3973,2015,starter,42
371,3973,2016,rotation,38
371,3973,2017,starter,59
371,3973,2018,starter,80
371,3973,2019,starter,69
371,3973,2020,rotation,23
371,3973,2021,starter,96
371,3973,2022,starter,3
371,3973,2023,starter,77
371,3973,2024,rotation,70
115,3974,2015,starter,9
115,3974,2016,starter,12
115,3974,2017,starter,31
115,3974,2018,starter,80
115,3974,2019,starter,71
115,3974,2020,starter,60
115,3974,2021,starter,68
115,3974,2022,starter,38
115,3974,2023,bench,87
260,3975,2015,starter,48
260,3975,2016,starter,92
260,3975,2017,bench,71
359,3975,2018,starter,19
359,3975,2019,starter,34
337,3975,2020,starter,15
378,3975,2021,starter,57
378,3975,2022,bench,52
332,3976,2017,starter,83
332,3976,2018,starter,65
332,3976,2019,starter,23
163,3976,2020,starter,35
163,3976,2021,starter,75
83,3976,2022,starter,28
83,3976,2023,starter,42
83,3976,2024,starter,23
311,3977,2015,bench,15
311,3977,2016,starter,81
349,3977,2017,rotation,4
349,3977,2018,bench,78
349,3977,2019,starter,4
349,3977,2020,starter,17
349,3977,2021,starter,24
349,3977,2022,starter,34
349,3977,2023,starter,6
349,3977,2024,rotation,95
240,3978,2020,rotation,40
349,3978,2021,starter,44
349,3978,2022,starter,93
349,3978,2023,starter,31
349,3978,2024,rotation,34
302,3979,2015,starter,20
302,3979,2016,starter,78
302,3979,2017,starter,58
302,3979,2018,bench,28
302,3979,2019,starter,53
302,3979,2020,starter,96
302,3979,2021,starter,60
92,3979,2022,bench,90
205,3980,2023,rotation,16
205,3980,2024,starter,90
355,3981,2015,starter,31
301,3981,2016,starter,49
301,3981,2017,rotation,83
301,3981,2018,rotation,74
301,3981,2019,starter,58
301,3981,2020,starter,74
301,3981,2021,starter,30
301,3981,2022,starter,13
301,3981,2023,starter,48
301,3981,2024,starter,81
305,3982,2015,rotation,60
305,3982,2016,starter,96
305,3982,2017,starter,7
305,3982,2018,starter,86
305,3982,2019,rotation,24
305,3982,2020,rotation,20
305,3982,2021,starter,34
305,3982,2022,starter,48
305,3982,2023,starter,1
305,3982,2024,starter,46
358,3983,2015,starter,62
358,3983,2016,bench,69
358,3983,2017,rotation,6
358,3983,2018,starter,62
358,3983,2019,bench,90
358,3983,2020,starter,78
377,3983,2021,starter,24
377,3983,2022,starter,90
377,3983,2023,starter,21
319,3983,2024,rotation,52
361,3984,2023,starter,87
361,3984,2024,starter,29
323,3985,2015,rotation,78
323,3985,2016,rotation,29
323,3985,2017,starter,94
209,3985,2018,starter,48
209,3985,2019,bench,90
209,3985,2020,starter,52
209,3985,2021,starter,29
155,3986,2019,rotation,43
155,3986,2020,starter,62
155,3986,2021,starter,30
155,3986,2022,bench,16
155,3986,2023,rotation,7
270,3986,2024,starter,46
347,3987,2015,rotation,56
347,3987,2016,rotation,90
347,3987,2017,starter,27
347,3987,2018,starter,27
347,3987,2019,starter,11
361,3987,2020,starter,65
361,3987,2021,starter,9
361,3987,2022,rotation,47
361,3987,2023,starter,87
361,3987,2024,rotation,69
24,3988,2015,starter,5
24,3988,2016,bench,93
24,3988,2017,rotation,40
24,3988,2018,starter,6
24,3988,2019,starter,92
361,3988,2020,starter,88
361,3988,2021,bench,24
361,3988,2022,starter,57
361,3988,2023,starter,42
363,3988,2024,starter,91
32,3990,2015,rotation,19
32,3990,2016,rotation,69
32,3990,2017,bench,23
32,3990,2018,starter,31
32,3990,2019,starter,20
32,3990,2020,starter,37
92,3990,2021,rotation,39
92,3990,2022,starter,28
92,3990,2023,starter,65
114,3992,2018,rotation,53
114,3992,2019,starter,28
114,3992,2020,rotation,60
114,3992,2021,rotation,63
114,3992,2022,rotation,75
114,3992,2023,starter,86
114,3992,2024,bench,93
11,3993,2015,starter,84
11,3993,2016,bench,4
11,3993,2017,bench,14
11,3993,2018,starter,52
11,3993,2019,starter,45
11,3993,2020,starter,85
11,3993,2021,starter,28
11,3993,2022,rotation,69
11,3993,2023,rotation,92
11,3993,2024,starter,79
126,3995,2015,starter,52
126,3995,2016,starter,35
126,3995,2017,rotation,15
126,3995,2018,starter,75
126,3995,2019,rotation,89
126,3995,2020,starter,46
126,3995,2021,starter,11
96,3995,2022,starter,71
96,3995,2023,starter,18
96,3995,2024,starter,59
323,3997,2015,bench,72
323,3997,2016,rotation,67
260,3997,2017,starter,18
260,3997,2018,starter,6
260,3997,2019,rotation,86
311,3997,2020,starter,9
311,3997,2021,bench,32
311,3997,2022,starter,40
311,3997,2023,starter,2
311,3997,2024,rotation,86
110,3998,2015,bench,84
110,3998,2016,starter,47
110,3998,2017,bench,16
110,3998,2018,starter,98
110,3998,2019,rotation,35
110,3998,2020,rotation,52
110,3998,2021,starter,86
110,3998,2022,rotation,85
110,3998,2023,rotation,94
110,3998,2024,starter,29
345,4000,2020,starter,19
345,4000,2021,rotation,35
345,4000,2022,starter,53
214,4000,2023,starter,95
214,4000,2024,bench,46
372,4001,2018,bench,18
372,4001,2019,starter,72
372,4001,2020,starter,63
216,4001,2021,starter,57
216,4001,2022,starter,90
216,4001,2023,bench,76
216,4001,2024,bench,35
130,4002,2015,starter,93
130,4002,2016,rotation,82
130,4002,2017,rotation,58
130,4002,2018,rotation,10
130,4002,2019,rotation,63
130,4002,2020,starter,29
130,4002,2021,starter,47
130,4002,2022,starter,76
130,4002,2023,rotation,68
130,4002,2024,bench,73
205,4003,2015,bench,48
205,4003,2016,rotation,3
205,4003,2017,starter,96
205,4003,2018,starter,30
249,4003,2019,rotation,34
249,4003,2020,rotation,70
249,4003,2021,bench,89
249,4003,2022,bench,24
249,4003,2023,rotation,54
249,4003,2024,starter,10
193,4004,2020,rotation,42
193,4004,2021,bench,13
73,4004,2022,rotation,83
73,4004,2023,rotation,82
73,4004,2024,bench,62
276,4005,2015,rotation,65
276,4005,2016,starter,82
276,4005,2017,rotation,36
276,4005,2018,starter,23
276,4005,2019,starter,41
276,4005,2020,starter,46
276,4005,2021,rotation,23
276,4005,2022,starter,10
276,4005,2023,starter,6
276,4005,2024,bench,18
293,4006,2016,rotation,5
293,4006,2017,starter,67
293,4006,2018,starter,57
293,4006,2019,starter,65
293,4006,2020,rotation,82
293,4006,2021,starter,58
361,4006,2022,starter,66
361,4006,2023,starter,81
361,4006,2024,starter,93
205,4007,2015,starter,85
205,4007,2016,bench,29
205,4007,2017,starter,60
368,4007,2018,starter,71
368,4007,2019,starter,39
368,4007,2020,starter,33
368,4007,2021,bench,20
368,4007,2022,rotation,6
368,4007,2023,bench,63
368,4007,2024,starter,38
360,4008,2015,bench,31
360,4008,2016,starter,51
360,4008,2017,starter,52
369,4008,2018,rotation,13
369,4008,2019,starter,32
369,4008,2020,starter,59
369,4008,2021,bench,60
369,4008,2022,rotation,76
369,4008,2023,rotation,90
337,4010,2015,starter,61
337,4010,2016,rotation,13
337,4010,2017,rotation,29
337,4010,2018,starter,95
337,4010,2019,rotation,62
337,4010,2020,starter,8
278,4010,2021,rotation,8
278,4010,2022,rotation,63
278,4010,2023,bench,17
278,4010,2024,starter,89
90,4011,2019,starter,53
29,4011,2020,rotation,44
29,4011,2021,starter,44
29,4011,2022,starter,57
29,4011,2023,starter,72
29,4011,2024,starter,61
287,4012,2018,starter,5
175,4012,2019,rotation,68
175,4012,2020,bench,96
175,4012,2021,rotation,86
175,4012,2022,starter,29
272,4012,2023,starter,40
190,4012,2024,rotation,83
378,4014,2015,bench,37
378,4014,2016,rotation,22
378,4014,2017,rotation,68
378,4014,2018,starter,90
378,4014,2019,starter,40
378,4014,2020,starter,74
378,4014,2021,starter,78
378,4014,2022,starter,73
247,4014,2023,starter,8
216,4014,2024,starter,14
349,4015,2015,starter,94
349,4015,2016,starter,62
349,4015,2017,rotation,33
349,4015,2018,rotation,43
349,4015,2019,rotation,74
349,4015,2020,rotation,48
349,4015,2021,bench,36
309,4015,2022,starter,68
324,4017,2022,starter,73
324,4017,2023,starter,84
324,4017,2024,starter,46
165,4018,2015,starter,64
165,4018,2016,starter,53
165,4018,2017,rotation,66
165,4018,2018,bench,48
165,4018,2019,bench,62
165,4018,2020,starter,58
165,4018,2021,starter,24
165,4018,2022,starter,83
272,4018,2023,starter,19
185,4019,2015,rotation,66
185,4019,2016,rotation,3
185,4019,2017,starter,42
185,4019,2018,rotation,8
155,4019,2019,rotation,15
155,4019,2020,starter,93
155,4019,2021,starter,77
155,4019,2022,rotation,12
372,4019,2023,bench,84
113,4020,2019,rotation,7
113,4020,2020,starter,44
113,4020,2021,rotation,55
199,4020,2022,starter,42
199,4020,2023,rotation,15
199,4020,2024,starter,5
197,4025,2015,bench,76
197,4025,2016,starter,19
197,4025,2017,starter,98
197,4025,2018,starter,2
197,4025,2019,rotation,8
197,4025,2020,rotation,66
153,4025,2021,starter,66
280,4025,2022,starter,36
280,4025,2023,starter,59
280,4025,2024,rotation,59
54,4026,2022,rotation,93
54,4026,2023,rotation,23
217,4026,2024,starter,5
220,4027,2018,starter,83
351,4027,2019,starter,39
351,4027,2020,rotation,37
351,4027,2021,starter,82
351,4027,2022,rotation,15
351,4027,2023,starter,69
102,4027,2024,rotation,85
274,4028,2015,starter,36
274,4028,2016,starter,79
274,4028,2017,starter,98
274,4028,2018,rotation,97
369,4028,2019,rotation,69
369,4028,2020,starter,90
369,4028,2021,starter,56
194,4028,2022,starter,57
194,4028,2023,starter,92
194,4028,2024,starter,30
203,4029,2015,bench,66
45,4029,2016,starter,85
45,4029,2017,bench,33
45,4029,2018,starter,7
45,4029,2019,rotation,17
45,4029,2020,starter,1
45,4029,2021,starter,64
45,4029,2022,rotation,9
102,4029,2023,starter,73
102,4029,2024,starter,96
349,4030,2015,starter,6
349,4030,2016,starter,38
349,4030,2017,bench,88
349,4030,2018,starter,47
349,4030,2019,bench,59
349,4030,2020,starter,7
349,4030,2021,starter,21
349,4030,2022,rotation,74
349,4030,2023,bench,9
349,4030,2024,rotation,98
375,4031,2024,starter,28
243,4032,2015,starter,36
243,4032,2016,starter,44
243,4032,2017,starter,94
243,4032,2018,bench,67
243,4032,2019,rotation,65
243,4032,2020,starter,47
243,4032,2021,starter,16
243,4032,2022,starter,79
243,4032,2023,rotation,40
243,4032,2024,bench,34
365,4033,2023,starter,34
365,4033,2024,rotation,28
378,4035,2015,starter,29
378,4035,2016,starter,46
378,4035,2017,starter,18
378,4035,2018,starter,92
378,4035,2019,starter,65
378,4035,2020,rotation,10
378,4035,2021,bench,57
378,4035,2022,starter,42
378,4035,2023,rotation,48
378,4035,2024,bench,25
206,4036,2015,starter,25
356,4036,2016,bench,95
356,4036,2017,starter,62
356,4036,2018,bench,60
356,4036,2019,starter,80
356,4036,2020,starter,30
356,4036,2021,starter,43
363,4037,2015,starter,84
363,4037,2016,rotation,95
363,4037,2017,rotation,67
363,4037,2018,starter,85
363,4037,2019,starter,86
363,4037,2020,starter,28
363,4037,2021,starter,52
363,4037,2022,starter,53
363,4037,2023,starter,13
228,4038,2015,bench,46
228,4038,2016,rotation,23
228,4038,2017,starter,28
228,4038,2018,rotation,27
124,4038,2019,starter,89
124,4038,2020,rotation,48
380,4038,2021,starter,30
380,4038,2022,starter,45
380,4038,2023,starter,72
380,4038,2024,starter,46
114,4039,2015,starter,2
114,4039,2016,starter,95
114,4039,2017,bench,9
114,4039,2018,starter,81
114,4039,2019,bench,28
114,4039,2020,starter,30
114,4039,2021,starter,75
114,4039,2022,starter,7
114,4039,2023,starter,3
114,4039,2024,starter,46
255,4040,2015,rotation,68
255,4040,2016,starter,23
255,4040,2017,starter,84
255,4040,2018,starter,1
373,4040,2019,starter,66
373,4040,2020,starter,3
373,4040,2021,rotation,21
373,4040,2022,starter,6
50,4040,2023,starter,26
50,4040,2024,starter,3
175,4041,2017,starter,31
175,4041,2018,starter,9
175,4041,2019,rotation,17
175,4041,2020,starter,40
175,4041,2021,starter,8
175,4041,2022,rotation,29
175,4041,2023,starter,6
175,4041,2024,starter,39
8,4042,2015,starter,2
8,4042,2016,starter,49
8,4042,2017,starter,84
8,4042,2018,starter,37
8,4042,2019,starter,16
341,4042,2020,starter,30
341,4042,2021,starter,13
341,4042,2022,starter,67
341,4042,2023,starter,52
341,4042,2024,rotation,19
371,4043,2015,starter,84
371,4043,2016,starter,2
371,4043,2017,rotation,29
369,4043,2018,starter,77
369,4043,2019,bench,24
369,4043,2020,starter,27
355,4043,2021,bench,89
355,4043,2022,starter,77
355,4043,2023,starter,22
355,4043,2024,starter,39
310,4045,2016,rotation,96
310,4045,2017,starter,43
310,4045,2018,rotation,6
310,4045,2019,starter,10
316,4045,2020,rotation,10
352,4045,2021,starter,54
352,4045,2022,bench,25
352,4045,2023,starter,43
352,4045,2024,starter,4
209,4047,2017,rotation,24
209,4047,2018,bench,21
209,4047,2019,rotation,19
209,4047,2020,starter,36
209,4047,2021,rotation,39
209,4047,2022,starter,48
209,4047,2023,starter,1
136,4047,2024,starter,20
29,4048,2019,rotation,88
29,4048,2020,rotation,24
29,4048,2021,starter,36
29,4048,2022,rotation,92
29,4048,2023,bench,87
29,4048,2024,bench,15
367,4050,2015,starter,60
367,4050,2016,starter,2
367,4050,2017,starter,7
367,4050,2018,rotation,62
367,4050,2019,rotation,64
152,4050,2020,starter,9
152,4050,2021,starter,96
152,4050,2022,starter,14
152,4050,2023,starter,62
67,4050,2024,starter,72
139,4051,2021,rotation,38
139,4051,2022,starter,13
143,4051,2023,rotation,23
143,4051,2024,rotation,73
166,4052,2017,starter,20
166,4052,2018,starter,50
166,4052,2019,starter,29
166,4052,2020,bench,44
135,4052,2021,starter,37
94,4052,2022,starter,11
94,4052,2023,rotation,6
373,4052,2024,rotation,91
349,4053,2015,bench,8
349,4053,2016,bench,48
349,4053,2017,starter,74
349,4053,2018,bench,12
349,4053,2019,starter,87
349,4053,2020,starter,79
349,4053,2021,starter,10
349,4053,2022,starter,28
349,4053,2023,rotation,47
349,4053,2024,starter,87
380,4054,2015,starter,85
380,4054,2016,starter,13
380,4054,2017,rotation,46
380,4054,2018,starter,2
380,4054,2019,starter,18
380,4054,2020,bench,34
380,4054,2021,rotation,14
380,4054,2022,starter,48
380,4054,2023,starter,84
380,4054,2024,starter,39
27,4055,2015,bench,1
27,4055,2016,starter,15
27,4055,2017,starter,15
135,4055,2018,starter,33
135,4055,2019,starter,77
135,4055,2020,starter,25
135,4055,2021,bench,4
135,4055,2022,starter,44
135,4055,2023,bench,81
135,4055,2024,rotation,19
68,4056,2015,starter,18
133,4056,2016,starter,76
133,4056,2017,starter,54
133,4056,2018,starter,8
133,4056,2019,bench,11
133,4056,2020,rotation,16
133,4056,2021,rotation,58
133,4056,2022,bench,6
133,4056,2023,starter,58
133,4056,2024,bench,61
299,4057,2016,starter,10
267,4057,2017,starter,90
267,4057,2018,starter,98
267,4057,2019,rotation,18
267,4057,2020,rotation,40
267,4057,2021,rotation,2
267,4057,2022,starter,30
267,4057,2023,rotation,85
267,4057,2024,starter,57
41,4058,2015,starter,73
41,4058,2016,starter,62
41,4058,2017,bench,66
41,4058,2018,starter,63
41,4058,2019,starter,18
41,4058,2020,starter,86
325,4058,2021,rotation,75
343,4058,2022,starter,44
343,4058,2023,starter,89
305,4058,2024,rotation,97
145,4059,2024,bench,50
178,4060,2015,starter,8
178,4060,2016,rotation,98
178,4060,2017,starter,30
291,4060,2018,rotation,15
291,4060,2019,starter,72
291,4060,2020,bench,78
291,4060,2021,rotation,7
291,4060,2022,rotation,62
30,4061,2015,starter,78
367,4061,2016,bench,92
367,4061,2017,starter,14
367,4061,2018,rotation,67
367,4061,2019,starter,96
367,4061,2020,starter,75
367,4061,2021,starter,68
367,4061,2022,bench,67
25,4061,2023,rotation,58
25,4061,2024,rotation,55
169,4062,2015,bench,40
169,4062,2016,rotation,90
169,4062,2017,starter,5
169,4062,2018,rotation,14
169,4062,2019,starter,18
169,4062,2020,starter,7
169,4062,2021,bench,44
177,4062,2022,starter,32
177,4062,2023,rotation,21
177,4062,2024,starter,70
262,4063,2015,rotation,34
262,4063,2016,starter,49
262,4063,2017,starter,90
262,4063,2018,starter,59
262,4063,2019,starter,97
262,4063,2020,rotation,10
262,4063,2021,starter,40
262,4063,2022,bench,50
262,4063,2023,starter,18
138,4063,2024,starter,77
147,4066,2015,starter,90
147,4066,2016,starter,31
147,4066,2017,starter,82
147,4066,2018,starter,53
147,4066,2019,starter,46
343,4066,2020,starter,15
343,4066,2021,bench,69
343,4066,2022,rotation,86
343,4066,2023,starter,92
17,4067,2015,rotation,90
17,4067,2016,starter,34
17,4067,2017,starter,18
17,4067,2018,starter,47
17,4067,2019,bench,72
17,4067,2020,rotation,68
17,4067,2021,rotation,79
17,4067,2022,bench,94
153,4068,2024,starter,43
374,4069,2015,starter,11
374,4069,2016,starter,26
374,4069,2017,starter,5
374,4069,2018,starter,18
374,4069,2019,starter,89
374,4069,2020,starter,56
374,4069,2021,rotation,38
374,4069,2022,starter,57
374,4069,2023,starter,92
374,4069,2024,rotation,57
245,4071,2015,starter,73
245,4071,2016,bench,73
205,4071,2017,rotation,93
205,4071,2018,rotation,15
339,4071,2019,bench,5
339,4071,2020,rotation,10
339,4071,2021,bench,50
323,4071,2022,rotation,53
323,4071,2023,bench,10
323,4071,2024,starter,87
281,4072,2016,starter,10
281,4072,2017,starter,33
281,4072,2018,starter,21
281,4072,2019,starter,43
281,4072,2020,starter,3
281,4072,2021,starter,88
205,4072,2022,starter,68
205,4072,2023,starter,84
205,4072,2024,starter,75
322,4073,2023,starter,82
322,4073,2024,starter,72
362,4074,2019,starter,5
362,4074,2020,starter,28
278,4074,2021,starter,73
68,4074,2022,bench,8
68,4074,2023,starter,28
68,4074,2024,starter,86
338,4075,2015,starter,41
338,4075,2016,starter,60
338,4075,2017,starter,48
361,4075,2018,bench,57
129,4075,2019,starter,20
129,4075,2020,starter,76
129,4075,2021,starter,91
129,4075,2022,rotation,12
129,4075,2023,rotation,4
189,4075,2024,rotation,69
287,4076,2015,starter,19
287,4076,2016,starter,96
287,4076,2017,starter,83
287,4076,2018,starter,87
287,4076,2019,rotation,32
287,4076,2020,starter,27
287,4076,2021,starter,56
287,4076,2022,starter,54
287,4076,2023,starter,82
287,4076,2024,rotation,19
314,4077,2015,starter,70
314,4077,2016,rotation,3
314,4077,2017,rotation,45
314,4077,2018,starter,71
314,4077,2019,rotation,51
314,4077,2020,starter,67
314,4077,2021,rotation,64
314,4077,2022,bench,20
314,4077,2023,bench,63
314,4077,2024,bench,16
286,4078,2017,bench,87
286,4078,2018,starter,11
286,4078,2019,starter,64
286,4078,2020,rotation,33
286,4078,2021,starter,47
286,4078,2022,rotation,8
286,4078,2023,starter,28
286,4078,2024,rotation,26
369,4079,2017,rotation,21
369,4079,2018,starter,56
369,4079,2019,rotation,28
377,4079,2020,rotation,25
377,4079,2021,starter,73
377,4079,2022,starter,50
59,4079,2023,rotation,79
59,4079,2024,bench,41
216,4080,2015,starter,36
216,4080,2016,starter,70
216,4080,2017,starter,30
216,4080,2018,starter,49
216,4080,2019,starter,73
216,4080,2020,rotation,3
216,4080,2021,starter,67
216,4080,2022,starter,70
216,4080,2023,rotation,83
228,4082,2019,bench,85
255,4082,2020,starter,88
255,4082,2021,starter,45
255,4082,2022,starter,87
255,4082,2023,bench,89
255,4082,2024,starter,95
90,4083,2015,rotation,71
90,4083,2016,starter,48
90,4083,2017,rotation,51
90,4083,2018,rotation,22
90,4083,2019,rotation,3
90,4083,2020,starter,86
243,4083,2021,bench,42
243,4083,2022,starter,66
243,4083,2023,rotation,14
243,4083,2024,starter,13
218,4084,2015,starter,81
218,4084,2016,starter,93
218,4084,2017,starter,72
218,4084,2018,rotation,27
218,4084,2019,starter,77
218,4084,2020,starter,44
218,4084,2021,rotation,98
218,4084,2022,rotation,53
218,4084,2023,starter,69
218,4084,2024,starter,48
272,4085,2023,starter,18
272,4085,2024,starter,40
210,4086,2015,rotation,53
210,4086,2016,rotation,91
210,4086,2017,starter,97
210,4086,2018,rotation,63
360,4086,2019,starter,77
360,4086,2020,bench,47
86,4086,2021,starter,14
143,4086,2022,starter,64
143,4086,2023,starter,18
143,4086,2024,bench,48
83,4087,2024,rotation,27
164,4088,2015,starter,4
164,4088,2016,bench,23
164,4088,2017,starter,61
164,4088,2018,rotation,96
164,4088,2019,starter,94
103,4088,2020,rotation,8
103,4088,2021,starter,55
103,4088,2022,starter,66
103,4088,2023,bench,36
103,4088,2024,starter,87
55,4089,2015,rotation,70
55,4089,2016,starter,60
55,4089,2017,rotation,71
55,4089,2018,starter,77
55,4089,2019,bench,56
252,4089,2020,rotation,93
252,4089,2021,bench,80
252,4089,2022,starter,14
252,4089,2023,rotation,81
252,4089,2024,starter,1
291,4090,2020,starter,18
291,4090,2021,starter,14
291,4090,2022,rotation,29
291,4090,2023,rotation,93
291,4090,2024,starter,33
160,4091,2015,starter,65
160,4091,2016,starter,23
160,4091,2017,bench,76
160,4091,2018,bench,98
160,4091,2019,rotation,61
160,4091,2020,bench,60
160,4091,2021,starter,67
160,4091,2022,rotation,96
160,4091,2023,rotation,73
160,4091,2024,starter,76
239,4092,2015,rotation,76
239,4092,2016,starter,21
239,4092,2017,starter,89
239,4092,2018,starter,75
239,4092,2019,starter,83
239,4092,2020,bench,80
239,4092,2021,bench,93
206,4093,2015,starter,5
206,4093,2016,bench,53
206,4093,2017,starter,4
206,4093,2018,starter,72
206,4093,2019,rotation,63
206,4093,2020,starter,35
206,4093,2021,starter,39
206,4093,2022,starter,59
206,4093,2023,starter,49
206,4093,2024,starter,65
305,4094,2015,starter,74
305,4094,2016,rotation,22
305,4094,2017,starter,16
179,4094,2018,starter,89
179,4094,2019,starter,38
179,4094,2020,rotation,45
325,4094,2021,starter,91
325,4094,2022,starter,42
325,4094,2023,rotation,10
325,4094,2024,starter,63
264,4095,2015,starter,62
264,4095,2016,starter,52
264,4095,2017,bench,43
264,4095,2018,starter,15
264,4095,2019,rotation,37
264,4095,2020,starter,93
77,4095,2021,rotation,70
77,4095,2022,bench,65
77,4095,2023,bench,28
77,4095,2024,rotation,3
322,4097,2023,rotation,11
322,4097,2024,starter,60
337,4098,2015,starter,82
337,4098,2016,rotation,43
337,4098,2017,starter,95
337,4098,2018,starter,45
294,4098,2019,rotation,90
294,4098,2020,bench,43
294,4098,2021,rotation,78
294,4098,2022,starter,39
294,4098,2023,starter,64
211,4098,2024,starter,65
342,4100,2018,starter,97
342,4100,2019,starter,8
342,4100,2020,starter,96
342,4100,2021,starter,91
342,4100,2022,rotation,30
290,4100,2023,bench,69
290,4100,2024,starter,28
233,4101,2015,starter,25
233,4101,2016,rotation,45
233,4101,2017,starter,53
233,4101,2018,starter,85
115,4101,2019,rotation,42
115,4101,2020,rotation,49
88,4102,2021,rotation,80
88,4102,2022,starter,95
88,4102,2023,starter,68
88,4102,2024,rotation,92
350,4103,2016,rotation,62
350,4103,2017,starter,80
350,4103,2018,starter,51
350,4103,2019,starter,72
350,4103,2020,starter,98
350,4103,2021,bench,49
350,4103,2022,starter,55
199,4103,2023,rotation,52
199,4103,2024,starter,56
5,4104,2024,starter,97
6,4105,2018,rotation,80
6,4105,2019,starter,57
6,4105,2020,bench,87
6,4105,2021,starter,44
6,4105,2022,starter,62
6,4105,2023,starter,2
6,4105,2024,starter,69
214,4106,2017,starter,21
214,4106,2018,starter,47
214,4106,2019,starter,27
214,4106,2020,starter,35
214,4106,2021,starter,49
214,4106,2022,starter,61
214,4106,2023,rotation,50
214,4106,2024,starter,19
165,4107,2015,bench,1
165,4107,2016,starter,74
165,4107,2017,starter,56
165,4107,2018,starter,1
165,4107,2019,starter,44
165,4107,2020,starter,40
165,4107,2021,starter,9
123,4107,2022,rotation,74
123,4107,2023,starter,40
41,4107,2024,starter,72
370,4109,2018,rotation,28
370,4109,2019,starter,80
370,4109,2020,rotation,38
370,4109,2021,bench,24
370,4109,2022,bench,88
370,4109,2023,starter,29
370,4109,2024,starter,84
2,4110,2015,starter,2
2,4110,2016,starter,47
351,4110,2017,starter,31
351,4110,2018,bench,34
351,4110,2019,starter,58
351,4110,2020,rotation,67
351,4110,2021,rotation,71
351,4110,2022,bench,69
351,4110,2023,starter,75
351,4110,2024,bench,62
169,4111,2015,starter,75
169,4111,2016,rotation,21
169,4111,2017,bench,23
169,4111,2018,rotation,83
169,4111,2019,starter,23
169,4111,2020,starter,76
169,4111,2021,starter,83
169,4111,2022,starter,89
169,4111,2023,starter,87
169,4111,2024,starter,14
123,4112,2019,rotation,6
123,4112,2020,starter,91
123,4112,2021,bench,43
123,4112,2022,rotation,66
123,4112,2023,rotation,31
123,4112,2024,starter,17
108,4113,2017,rotation,81
294,4113,2018,starter,1
294,4113,2019,starter,16
294,4113,2020,bench,5
294,4113,2021,bench,51
294,4113,2022,starter,95
360,4113,2023,rotation,83
360,4113,2024,starter,17
77,4115,2015,starter,40
77,4115,2016,bench,59
77,4115,2017,rotation,16
77,4115,2018,starter,47
77,4115,2019,bench,17
77,4115,2020,starter,96
77,4115,2021,starter,77
77,4115,2022,bench,98
168,4116,2018,bench,7
168,4116,2019,starter,54
168,4116,2020,bench,70
168,4116,2021,starter,61
366,4116,2022,starter,22
366,4116,2023,rotation,94
366,4116,2024,bench,44
107,4117,2017,bench,83
107,4117,2018,starter,61
107,4117,2019,rotation,60
107,4117,2020,rotation,33
107,4117,2021,starter,61
107,4117,2022,bench,25
107,4117,2023,starter,35
107,4117,2024,starter,34
332,4118,2015,starter,65
332,4118,2016,starter,96
332,4118,2017,starter,95
332,4118,2018,starter,17
332,4118,2019,rotation,35
332,4118,2020,bench,14
332,4118,2021,starter,79
332,4118,2022,starter,94
332,4118,2023,starter,60
332,4118,2024,rotation,43
338,4119,2019,starter,54
338,4119,2020,starter,8
338,4119,2021,starter,73
338,4119,2022,starter,40
338,4119,2023,starter,76
338,4119,2024,starter,62
146,4120,2019,starter,86
146,4120,2020,starter,15
146,4120,2021,starter,95
146,4120,2022,rotation,70
146,4120,2023,bench,45
146,4120,2024,rotation,46
98,4121,2015,bench,5
98,4121,2016,starter,82
354,4121,2017,rotation,67
354,4121,2018,starter,61
354,4121,2019,rotation,78
354,4121,2020,starter,84
354,4121,2021,starter,62
354,4121,2022,starter,5
354,4121,2023,starter,2
354,4121,2024,bench,26
186,4122,2015,starter,87
186,4122,2016,starter,68
186,4122,2017,starter,79
186,4122,2018,starter,50
186,4122,2019,bench,54
186,4122,2020,bench,39
306,4122,2021,rotation,51
306,4122,2022,starter,86
306,4122,2023,rotation,83
279,4122,2024,rotation,78
201,4123,2015,starter,89
201,4123,2016,rotation,40
201,4123,2017,starter,73
201,4123,2018,starter,81
201,4123,2019,starter,48
201,4123,2020,starter,3
201,4123,2021,starter,28
201,4123,2022,rotation,47
201,4123,2023,starter,57
201,4123,2024,starter,71
369,4124,2015,starter,23
369,4124,2016,bench,74
369,4124,2017,bench,69
369,4124,2018,starter,23
369,4124,2019,starter,96
369,4124,2020,rotation,3
369,4124,2021,starter,90
249,4126,2015,starter,26
249,4126,2016,starter,92
249,4126,2017,starter,66
347,4126,2018,rotation,76
309,4126,2019,rotation,15
309,4126,2020,bench,32
336,4126,2021,bench,68
336,4126,2022,starter,32
336,4126,2023,starter,49
336,4126,2024,starter,64
189,4127,2017,starter,32
189,4127,2018,starter,65
189,4127,2019,rotation,87
189,4127,2020,starter,47
26,4127,2021,starter,40
207,4127,2022,bench,52
207,4127,2023,starter,17
207,4127,2024,bench,31
361,4128,2015,bench,57
361,4128,2016,rotation,34
361,4128,2017,starter,19
361,4128,2018,starter,62
361,4128,2019,rotation,42
151,4128,2020,starter,40
369,4128,2021,starter,45
369,4128,2022,starter,32
109,4128,2023,starter,2
109,4128,2024,rotation,35
246,4129,2019,starter,11
246,4129,2020,starter,72
330,4129,2021,starter,19
330,4129,2022,starter,5
330,4129,2023,starter,94
330,4129,2024,starter,46
62,4130,2015,starter,64
62,4130,2016,rotation,83
365,4130,2017,starter,68
365,4130,2018,starter,70
365,4130,2019,starter,78
365,4130,2020,starter,58
365,4130,2021,starter,45
365,4130,2022,bench,11
365,4130,2023,starter,46
215,4133,2015,starter,35
215,4133,2016,starter,88
215,4133,2017,starter,8
216,4133,2018,starter,93
216,4133,2019,starter,90
216,4133,2020,bench,11
355,4133,2021,rotation,33
355,4133,2022,starter,28
355,4133,2023,rotation,98
355,4133,2024,starter,74
84,4134,2019,starter,34
84,4134,2020,starter,23
84,4134,2021,starter,33
84,4134,2022,starter,13
84,4134,2023,starter,42
84,4134,2024,bench,71
341,4135,2023,rotation,95
341,4135,2024,starter,40
252,4136,2015,rotation,83
252,4136,2016,starter,62
252,4136,2017,bench,35
252,4136,2018,bench,98
252,4136,2019,starter,83
367,4136,2020,starter,74
367,4136,2021,rotation,5
367,4136,2022,rotation,52
367,4136,2023,rotation,78
367,4136,2024,starter,61
70,4137,2022,starter,37
70,4137,2023,rotation,30
70,4137,2024,starter,90
177,4138,2015,starter,88
177,4138,2016,rotation,21
177,4138,2017,starter,87
177,4138,2018,starter,9
177,4138,2019,starter,97
177,4138,2020,starter,56
177,4138,2021,bench,74
177,4138,2022,bench,49
177,4138,2023,starter,41
177,4138,2024,rotation,3
273,4139,2015,starter,78
273,4139,2016,starter,65
273,4139,2017,starter,32
273,4139,2018,bench,63
273,4139,2019,rotation,24
273,4139,2020,starter,56
273,4139,2021,rotation,73
273,4139,2022,starter,34
266,4140,2015,bench,47
266,4140,2016,starter,85
266,4140,2017,rotation,1
266,4140,2018,bench,85
266,4140,2019,rotation,8
266,4140,2020,starter,10
266,4140,2021,rotation,38
266,4140,2022,rotation,79
353,4141,2015,rotation,44
353,4141,2016,starter,51
353,4141,2017,starter,41
353,4141,2018,rotation,92
353,4141,2019,starter,91
226,4141,2020,starter,84
226,4141,2021,rotation,60
226,4141,2022,starter,12
226,4141,2023,starter,39
252,4146,2015,starter,22
252,4146,2016,rotation,38
252,4146,2017,bench,74
252,4146,2018,starter,67
252,4146,2019,starter,36
252,4146,2020,starter,58
252,4146,2021,bench,90
252,4146,2022,starter,10
252,4146,2023,starter,21
107,4147,2022,starter,63
107,4147,2023,starter,45
107,4147,2024,rotation,47
376,4148,2021,starter,51
365,4148,2022,starter,11
365,4148,2023,starter,93
365,4148,2024,starter,74
331,4149,2015,bench,62
331,4149,2016,rotation,55
331,4149,2017,bench,51
331,4149,2018,rotation,91
331,4149,2019,starter,27
331,4149,2020,starter,74
331,4149,2021,starter,88
331,4149,2022,bench,93
331,4149,2023,rotation,48
331,4149,2024,starter,37
315,4150,2022,starter,59
370,4150,2023,starter,25
344,4150,2024,starter,39
379,4151,2015,rotation,40
379,4151,2016,starter,21
379,4151,2017,starter,57
379,4151,2018,starter,29
379,4151,2019,starter,71
379,4151,2020,starter,13
362,4151,2021,starter,90
362,4151,2022,starter,5
362,4151,2023,starter,20
362,4151,2024,rotation,46
270,4152,2015,bench,50
270,4152,2016,rotation,88
270,4152,2017,starter,20
285,4152,2018,starter,63
285,4152,2019,starter,54
285,4152,2020,starter,80
319,4152,2021,starter,61
377,4152,2022,starter,74
377,4152,2023,rotation,48
128,4152,2024,starter,38
226,4153,2017,rotation,15
226,4153,2018,bench,5
226,4153,2019,starter,1
226,4153,2020,rotation,39
226,4153,2021,rotation,45
226,4153,2022,bench,84
226,4153,2023,starter,71
226,4153,2024,starter,15
367,4154,2015,starter,49
367,4154,2016,starter,7
367,4154,2017,rotation,2
367,4154,2018,rotation,51
367,4154,2019,starter,62
109,4154,2020,rotation,68
109,4154,2021,bench,62
91,4154,2022,starter,90
91,4154,2023,rotation,40
91,4154,2024,starter,30
154,4155,2020,bench,45
154,4155,2021,starter,60
154,4155,2022,starter,74
174,4155,2023,starter,85
174,4155,2024,starter,7
335,4156,2015,starter,15
335,4156,2016,rotation,79
335,4156,2017,starter,40
335,4156,2018,starter,20
335,4156,2019,rotation,68
335,4156,2020,starter,63
335,4156,2021,bench,95
244,4157,2022,starter,41
244,4157,2023,rotation,45
244,4157,2024,starter,21
352,4158,2021,starter,64
352,4158,2022,starter,18
352,4158,2023,starter,80
352,4158,2024,starter,88
78,4159,2015,starter,55
78,4159,2016,starter,34
78,4159,2017,starter,42
235,4159,2018,bench,55
235,4159,2019,starter,31
235,4159,2020,starter,44
235,4159,2021,starter,10
235,4159,2022,bench,98
235,4159,2023,starter,32
235,4159,2024,starter,4
364,4160,2015,rotation,22
364,4160,2016,starter,82
364,4160,2017,starter,86
364,4160,2018,rotation,6
364,4160,2019,starter,47
364,4160,2020,starter,57
364,4160,2021,starter,27
364,4160,2022,rotation,48
364,4160,2023,starter,13
364,4160,2024,rotation,48
364,4161,2019,starter,79
364,4161,2020,rotation,96
310,4161,2021,starter,74
310,4161,2022,starter,63
16,4161,2023,starter,53
16,4161,2024,bench,53
342,4162,2015,starter,25
342,4162,2016,starter,39
342,4162,2017,starter,39
342,4162,2018,starter,65
342,4162,2019,starter,94
342,4162,2020,rotation,57
342,4162,2021,rotation,13
342,4162,2022,rotation,87
342,4162,2023,starter,88
342,4162,2024,rotation,98
79,4163,2015,rotation,10
79,4163,2016,rotation,86
79,4163,2017,bench,3
79,4163,2018,rotation,1
79,4163,2019,starter,86
79,4163,2020,starter,69
79,4163,2021,starter,98
79,4163,2022,starter,40
79,4163,2023,starter,15
79,4163,2024,starter,23
286,4164,2023,starter,37
59,4164,2024,rotation,28
173,4165,2015,starter,53
173,4165,2016,starter,33
173,4165,2017,starter,37
173,4165,2018,starter,4
173,4165,2019,starter,37
173,4165,2020,starter,78
173,4165,2021,starter,95
304,4166,2018,bench,12
304,4166,2019,starter,81
47,4166,2020,starter,34
47,4166,2021,rotation,52
47,4166,2022,starter,41
47,4166,2023,bench,59
47,4166,2024,starter,48
379,4167,2016,rotation,89
379,4167,2017,rotation,22
379,4167,2018,starter,51
379,4167,2019,bench,43
379,4167,2020,starter,59
379,4167,2021,rotation,87
379,4167,2022,bench,95
379,4167,2023,bench,51
379,4167,2024,bench,94
79,4168,2015,starter,67
79,4168,2016,starter,66
79,4168,2017,rotation,56
79,4168,2018,starter,57
79,4168,2019,starter,76
79,4168,2020,starter,83
79,4168,2021,starter,14
79,4168,2022,rotation,78
79,4168,2023,starter,5
143,4168,2024,starter,33
335,4169,2015,rotation,71
335,4169,2016,starter,33
335,4169,2017,bench,20
310,4169,2018,rotation,65
310,4169,2019,rotation,91
364,4169,2020,rotation,4
364,4169,2021,bench,21
364,4169,2022,starter,8
364,4169,2023,starter,76
364,4169,2024,starter,59
270,4170,2015,starter,81
270,4170,2016,rotation,79
290,4170,2017,starter,77
290,4170,2018,starter,24
290,4170,2019,bench,58
375,4170,2020,starter,96
375,4170,2021,starter,41
375,4170,2022,starter,58
375,4170,2023,starter,84
261,4170,2024,starter,14
206,4171,2015,rotation,39
206,4171,2016,rotation,96
206,4171,2017,bench,25
206,4171,2018,rotation,24
206,4171,2019,starter,52
206,4171,2020,starter,13
206,4171,2021,starter,87
222,4171,2022,rotation,52
222,4171,2023,starter,82
222,4171,2024,starter,2
200,4172,2020,starter,95
320,4172,2021,starter,51
320,4172,2022,starter,23
320,4172,2023,bench,6
320,4172,2024,rotation,88
150,4173,2019,starter,29
269,4173,2020,starter,27
269,4173,2021,starter,30
269,4173,2022,starter,96
269,4173,2023,rotation,39
269,4173,2024,rotation,70
143,4174,2020,starter,16
143,4174,2021,starter,79
34,4174,2022,bench,94
34,4174,2023,rotation,48
34,4174,2024,rotation,90
368,4175,2015,rotation,16
368,4175,2016,bench,68
368,4175,2017,starter,79
368,4175,2018,starter,4
368,4175,2019,starter,88
368,4175,2020,starter,19
368,4175,2021,starter,46
368,4175,2022,starter,98
368,4175,2023,starter,58
368,4175,2024,rotation,88
57,4176,2022,rotation,46
57,4176,2023,rotation,26
57,4176,2024,starter,24
298,4177,2023,bench,53
298,4177,2024,rotation,17
366,4179,2017,starter,61
366,4179,2018,starter,19
366,4179,2019,starter,12
366,4179,2020,starter,30
366,4179,2021,starter,59
366,4179,2022,starter,65
366,4179,2023,starter,50
366,4179,2024,rotation,27
183,4180,2019,starter,86
183,4180,2020,starter,11
183,4180,2021,starter,64
131,4180,2022,rotation,14
131,4180,2023,starter,49
131,4180,2024,rotation,39
233,4181,2015,starter,1
233,4181,2016,starter,43
233,4181,2017,starter,96
233,4181,2018,starter,40
233,4181,2019,bench,35
233,4181,2020,starter,2
364,4181,2021,starter,35
267,4182,2018,rotation,81
267,4182,2019,bench,97
267,4182,2020,bench,16
267,4182,2021,starter,3
267,4182,2022,starter,54
267,4182,2023,starter,41
267,4182,2024,starter,36
111,4183,2017,bench,79
111,4183,2018,bench,28
111,4183,2019,starter,82
111,4183,2020,rotation,90
111,4183,2021,rotation,58
111,4183,2022,bench,26
111,4183,2023,rotation,84
342,4183,2024,starter,31
222,4185,2015,starter,91
222,4185,2016,bench,96
222,4185,2017,starter,41
222,4185,2018,starter,3
222,4185,2019,starter,47
222,4185,2020,bench,97
222,4185,2021,starter,18
95,4185,2022,starter,74
185,4185,2023,starter,84
185,4185,2024,rotation,21
230,4186,2015,bench,95
233,4186,2016,starter,38
233,4186,2017,starter,18
233,4186,2018,starter,69
233,4186,2019,starter,66
233,4186,2020,starter,54
233,4186,2021,starter,6
233,4186,2022,starter,18
233,4186,2023,rotation,85
233,4186,2024,starter,13
313,4187,2015,starter,19
313,4187,2016,starter,93
138,4187,2017,starter,12
138,4187,2018,rotation,93
120,4187,2019,starter,9
120,4187,2020,starter,21
120,4187,2021,starter,61
120,4187,2022,rotation,36
120,4187,2023,starter,38
120,4187,2024,starter,52
64,4188,2015,starter,71
64,4188,2016,starter,3
64,4188,2017,starter,32
205,4188,2018,bench,6
205,4188,2019,rotation,88
205,4188,2020,starter,27
205,4188,2021,rotation,14
205,4188,2022,starter,29
205,4188,2023,bench,12
205,4188,2024,bench,89
226,4189,2023,starter,73
226,4189,2024,starter,70
88,4191,2022,bench,97
88,4191,2023,bench,64
88,4191,2024,starter,68
40,4192,2024,starter,58
373,4193,2015,starter,88
353,4193,2016,rotation,38
353,4193,2017,rotation,51
353,4193,2018,rotation,79
353,4193,2019,rotation,9
353,4193,2020,bench,20
353,4193,2021,starter,45
353,4193,2022,rotation,9
353,4193,2023,bench,14
353,4193,2024,starter,40
308,4194,2015,starter,12
308,4194,2016,starter,90
308,4194,2017,starter,92
308,4194,2018,rotation,69
308,4194,2019,starter,11
308,4194,2020,rotation,14
308,4194,2021,rotation,59
308,4194,2022,starter,52
173,4194,2023,starter,75
173,4194,2024,bench,96
92,4195,2023,rotation,33
92,4195,2024,starter,72
143,4196,2021,starter,81
121,4196,2022,starter,21
121,4196,2023,bench,36
121,4196,2024,bench,6
67,4197,2015,bench,17
370,4197,2016,starter,70
370,4197,2017,bench,64
370,4197,2018,starter,72
370,4197,2019,starter,92
370,4197,2020,starter,92
370,4197,2021,rotation,10
165,4197,2022,starter,90
165,4197,2023,rotation,40
181,4198,2021,rotation,24
181,4198,2022,bench,14
181,4198,2023,starter,14
181,4198,2024,starter,4
164,4199,2015,bench,89
164,4199,2016,starter,59
164,4199,2017,starter,74
164,4199,2018,rotation,37
164,4199,2019,starter,93
154,4199,2020,bench,8
154,4199,2021,rotation,31
154,4199,2022,starter,98
154,4199,2023,starter,27
154,4199,2024,bench,25
88,4200,2020,bench,38
88,4200,2021,rotation,64
88,4200,2022,starter,59
88,4200,2023,starter,82
88,4200,2024,rotation,10
301,4201,2015,starter,59
301,4201,2016,starter,48
301,4201,2017,starter,87
301,4201,2018,rotation,9
35,4201,2019,bench,57
35,4201,2020,starter,26
35,4201,2021,starter,7
110,4201,2022,bench,77
110,4201,2023,bench,74
347,4201,2024,rotation,12
175,4202,2018,starter,98
175,4202,2019,starter,33
175,4202,2020,rotation,36
175,4202,2021,starter,28
175,4202,2022,starter,67
175,4202,2023,rotation,30
175,4202,2024,starter,80
323,4203,2015,rotation,57
323,4203,2016,rotation,15
323,4203,2017,starter,72
323,4203,2018,rotation,93
323,4203,2019,starter,18
178,4205,2024,starter,82
234,4206,2015,starter,85
234,4206,2016,starter,29
234,4206,2017,rotation,62
234,4206,2018,rotation,24
234,4206,2019,starter,30
234,4206,2020,starter,14
234,4206,2021,starter,60
234,4206,2022,starter,77
171,4206,2023,bench,51
171,4206,2024,starter,85
358,4207,2015,starter,19
358,4207,2016,rotation,52
358,4207,2017,starter,56
358,4207,2018,starter,25
358,4207,2019,starter,36
99,4207,2020,starter,83
99,4207,2021,rotation,36
99,4207,2022,rotation,6
99,4207,2023,bench,58
99,4207,2024,bench,16
175,4208,2015,starter,41
175,4208,2016,rotation,41
175,4208,2017,bench,1
175,4208,2018,starter,85
175,4208,2019,starter,55
25,4208,2020,starter,32
25,4208,2021,starter,20
25,4208,2022,starter,77
25,4208,2023,rotation,74
25,4208,2024,starter,25
222,4209,2020,rotation,72
222,4209,2021,rotation,37
222,4209,2022,rotation,17
222,4209,2023,starter,12
222,4209,2024,rotation,20
347,4211,2015,rotation,58
347,4211,2016,starter,57
347,4211,2017,starter,94
347,4211,2018,starter,19
364,4211,2019,starter,12
364,4211,2020,starter,16
364,4211,2021,starter,2
364,4211,2022,rotation,64
364,4211,2023,rotation,85
364,4211,2024,starter,75
73,4212,2015,bench,63
256,4212,2016,bench,63
256,4212,2017,rotation,27
256,4212,2018,bench,75
256,4212,2019,starter,78
256,4212,2020,rotation,95
256,4212,2021,rotation,83
256,4212,2022,starter,64
256,4212,2023,rotation,81
256,4212,2024,starter,87
200,4213,2016,starter,76
200,4213,2017,rotation,96
200,4213,2018,bench,60
200,4213,2019,starter,4
200,4213,2020,bench,94
181,4213,2021,rotation,93
181,4213,2022,rotation,34
181,4213,2023,starter,66
181,4213,2024,starter,18
208,4214,2024,starter,15
274,4215,2019,bench,15
274,4215,2020,rotation,33
274,4215,2021,starter,59
274,4215,2022,starter,38
274,4215,2023,rotation,47
274,4215,2024,starter,3
242,4216,2015,bench,6
242,4216,2016,starter,51
242,4216,2017,rotation,41
285,4216,2018,bench,22
285,4216,2019,bench,48
90,4216,2020,starter,93
90,4216,2021,starter,2
90,4216,2022,rotation,71
90,4216,2023,starter,88
187,4216,2024,starter,6
357,4217,2023,starter,20
357,4217,2024,starter,6
355,4218,2015,bench,81
355,4218,2016,bench,30
355,4218,2017,rotation,17
355,4218,2018,rotation,1
355,4218,2019,starter,8
128,4218,2020,starter,24
128,4218,2021,starter,71
110,4218,2022,rotation,15
110,4218,2023,starter,73
110,4218,2024,starter,94
358,4219,2022,starter,9
358,4219,2023,rotation,42
253,4219,2024,rotation,26
288,4220,2015,bench,34
288,4220,2016,starter,3
288,4220,2017,starter,41
288,4220,2018,starter,81
288,4220,2019,rotation,39
288,4220,2020,starter,37
297,4220,2021,starter,20
297,4220,2022,starter,75
297,4220,2023,starter,21
297,4220,2024,starter,3
160,4221,2019,starter,15
160,4221,2020,starter,6
160,4221,2021,rotation,8
160,4221,2022,rotation,50
160,4221,2023,rotation,14
160,4221,2024,starter,73
307,4223,2015,starter,65
307,4223,2016,starter,85
299,4223,2017,starter,56
299,4223,2018,starter,40
299,4223,2019,starter,58
378,4223,2020,starter,38
378,4223,2021,bench,34
170,4224,2015,starter,66
170,4224,2016,starter,33
170,4224,2017,rotation,44
170,4224,2018,starter,82
170,4224,2019,bench,87
349,4224,2020,rotation,92
349,4224,2021,starter,38
349,4224,2022,bench,22
349,4224,2023,rotation,35
349,4224,2024,bench,85
28,4225,2020,rotation,86
28,4225,2021,rotation,30
28,4225,2022,starter,34
28,4225,2023,rotation,70
28,4225,2024,starter,77
376,4226,2016,rotation,69
132,4226,2017,starter,42
132,4226,2018,bench,92
286,4226,2019,bench,92
286,4226,2020,rotation,47
286,4226,2021,rotation,70
286,4226,2022,rotation,61
286,4226,2023,rotation,94
89,4226,2024,bench,56
239,4227,2015,bench,33
239,4227,2016,rotation,27
239,4227,2017,starter,66
239,4227,2018,starter,93
239,4227,2019,rotation,44
239,4227,2020,starter,65
239,4227,2021,starter,24
239,4227,2022,starter,24
239,4227,2023,starter,23
239,4227,2024,rotation,22
348,4228,2016,starter,89
348,4228,2017,starter,42
348,4228,2018,starter,5
348,4228,2019,bench,55
348,4228,2020,starter,36
348,4228,2021,rotation,58
131,4228,2022,rotation,82
131,4228,2023,starter,41
131,4228,2024,starter,81
270,4229,2023,bench,88
270,4229,2024,starter,37
312,4230,2015,starter,31
312,4230,2016,rotation,23
312,4230,2017,rotation,95
312,4230,2018,starter,27
312,4230,2019,rotation,27
24,4230,2020,rotation,14
24,4230,2021,rotation,1
24,4230,2022,starter,54
24,4230,2023,rotation,34
24,4230,2024,starter,62
119,4231,2015,starter,15
119,4231,2016,rotation,16
119,4231,2017,bench,26
119,4231,2018,starter,16
144,4231,2019,bench,61
213,4231,2020,starter,13
213,4231,2021,starter,59
317,4231,2022,starter,85
317,4231,2023,starter,38
317,4231,2024,rotation,36
259,4232,2015,starter,10
259,4232,2016,starter,4
259,4232,2017,starter,75
193,4232,2018,starter,13
193,4232,2019,starter,74
193,4232,2020,starter,43
193,4232,2021,bench,70
193,4232,2022,bench,2
193,4232,2023,bench,9
193,4232,2024,starter,66
188,4233,2015,starter,50
188,4233,2016,starter,57
188,4233,2017,starter,83
188,4233,2018,bench,9
188,4233,2019,starter,90
188,4233,2020,bench,30
188,4233,2021,starter,35
188,4233,2022,bench,31
188,4233,2023,rotation,33
188,4233,2024,rotation,2
60,4234,2015,rotation,41
60,4234,2016,starter,5
60,4234,2017,rotation,23
60,4234,2018,starter,17
60,4234,2019,rotation,37
60,4234,2020,bench,69
60,4234,2021,rotation,27
60,4234,2022,starter,43
60,4234,2023,starter,41
60,4234,2024,rotation,38
366,4235,2023,rotation,41
159,4235,2024,starter,32
350,4237,2019,starter,47
350,4237,2020,starter,61
350,4237,2021,bench,41
10,4237,2022,starter,42
367,4237,2023,starter,37
367,4237,2024,bench,26
163,4239,2015,starter,45
163,4239,2016,rotation,81
163,4239,2017,starter,85
163,4239,2018,rotation,21
163,4239,2019,bench,96
163,4239,2020,bench,14
15,4239,2021,bench,45
15,4239,2022,starter,69
15,4239,2023,starter,48
15,4239,2024,starter,23
296,4241,2021,starter,82
296,4241,2022,bench,75
296,4241,2023,starter,73
345,4241,2024,rotation,16
2,4242,2021,bench,46
2,4242,2022,starter,15
2,4242,2023,starter,95
280,4242,2024,rotation,9
253,4243,2020,starter,7
253,4243,2021,rotation,15
253,4243,2022,starter,81
253,4243,2023,starter,44
253,4243,2024,starter,55
154,4244,2016,starter,10
312,4244,2017,starter,26
312,4244,2018,starter,4
312,4244,2019,starter,31
151,4244,2020,rotation,57
151,4244,2021,rotation,61
151,4244,2022,rotation,24
151,4244,2023,starter,45
151,4244,2024,rotation,51
227,4245,2015,starter,54
227,4245,2016,starter,27
227,4245,2017,starter,90
227,4245,2018,rotation,72
227,4245,2019,starter,46
227,4245,2020,rotation,96
227,4245,2021,rotation,15
227,4245,2022,rotation,60
227,4245,2023,starter,39
227,4245,2024,bench,96
232,4246,2020,starter,40
106,4246,2021,starter,70
280,4246,2022,starter,23
280,4246,2023,rotation,65
49,4246,2024,bench,76
220,4247,2015,starter,59
220,4247,2016,starter,97
220,4247,2017,starter,33
220,4247,2018,starter,87
220,4247,2019,starter,47
220,4247,2020,starter,74
220,4247,2021,starter,81
220,4247,2022,bench,76
220,4247,2023,bench,75
220,4247,2024,bench,83
275,4249,2015,starter,81
275,4249,2016,starter,39
275,4249,2017,starter,39
275,4249,2018,starter,45
275,4249,2019,rotation,30
275,4249,2020,rotation,1
275,4249,2021,starter,60
275,4249,2022,rotation,39
371,4249,2023,starter,82
371,4249,2024,starter,93
311,4250,2019,starter,18
311,4250,2020,starter,61
311,4250,2021,bench,92
311,4250,2022,bench,59
311,4250,2023,starter,10
311,4250,2024,starter,67
125,4251,2023,starter,14
125,4251,2024,starter,46
325,4252,2021,bench,52
325,4252,2022,rotation,16
325,4252,2023,starter,79
325,4252,2024,rotation,88
244,4253,2017,starter,36
244,4253,2018,rotation,5
86,4253,2019,starter,1
296,4253,2020,starter,64
296,4253,2021,starter,9
296,4253,2022,starter,15
296,4253,2023,starter,7
296,4253,2024,starter,44
84,4254,2015,starter,97
84,4254,2016,starter,53
84,4254,2017,bench,26
84,4254,2018,rotation,94
84,4254,2019,starter,11
84,4254,2020,starter,5
84,4254,2021,starter,2
84,4254,2022,starter,52
110,4254,2023,rotation,58
110,4254,2024,starter,34
379,4255,2023,starter,98
268,4255,2024,starter,3
347,4256,2015,starter,4
347,4256,2016,rotation,72
347,4256,2017,starter,44
347,4256,2018,starter,13
347,4256,2019,starter,84
347,4256,2020,bench,74
347,4256,2021,starter,27
103,4256,2022,bench,61
103,4256,2023,rotation,26
346,4258,2020,starter,88
346,4258,2021,bench,92
346,4258,2022,starter,36
346,4258,2023,bench,22
346,4258,2024,starter,1
196,4259,2023,starter,8
196,4259,2024,rotation,27
325,4260,2017,starter,22
325,4260,2018,starter,64
325,4260,2019,rotation,22
325,4260,2020,starter,28
325,4260,2021,rotation,88
325,4260,2022,rotation,96
325,4260,2023,starter,45
325,4260,2024,starter,43
253,4261,2019,starter,9
253,4261,2020,rotation,8
253,4261,2021,starter,73
106,4261,2022,starter,78
106,4261,2023,starter,75
106,4261,2024,starter,69
219,4262,2015,bench,64
219,4262,2016,starter,72
375,4262,2017,rotation,54
375,4262,2018,bench,22
375,4262,2019,starter,47
66,4262,2020,starter,5
66,4262,2021,starter,80
66,4262,2022,bench,96
97,4263,2024,rotation,32
317,4264,2018,bench,82
317,4264,2019,rotation,28
317,4264,2020,rotation,15
317,4264,2021,starter,41
317,4264,2022,starter,8
317,4264,2023,starter,2
317,4264,2024,rotation,31
73,4266,2015,bench,49
351,4266,2016,starter,17
364,4266,2017,rotation,68
364,4266,2018,starter,22
364,4266,2019,bench,90
364,4266,2020,bench,46
48,4266,2021,starter,84
48,4266,2022,starter,7
48,4266,2023,starter,97
48,4266,2024,rotation,93
352,4267,2016,rotation,74
352,4267,2017,rotation,19
352,4267,2018,starter,6
352,4267,2019,starter,83
352,4267,2020,starter,66
352,4267,2021,rotation,69
352,4267,2022,starter,88
352,4267,2023,rotation,62
352,4267,2024,bench,76
300,4268,2016,starter,44
300,4268,2017,starter,62
210,4268,2018,starter,86
210,4268,2019,bench,28
210,4268,2020,starter,25
210,4268,2021,starter,87
210,4268,2022,starter,17
365,4268,2023,starter,68
365,4268,2024,starter,43
116,4269,2024,starter,28
126,4270,2015,starter,62
126,4270,2016,rotation,79
126,4270,2017,starter,6
213,4270,2018,starter,62
213,4270,2019,rotation,89
213,4270,2020,starter,59
213,4270,2021,bench,92
213,4270,2022,starter,83
213,4270,2023,bench,53
360,4270,2024,bench,34
12,4271,2015,starter,97
12,4271,2016,rotation,37
12,4271,2017,bench,10
12,4271,2018,bench,36
297,4271,2019,bench,53
91,4271,2020,starter,7
91,4271,2021,rotation,94
91,4271,2022,starter,45
91,4271,2023,rotation,97
91,4271,2024,starter,72
376,4272,2017,starter,95
376,4272,2018,rotation,78
376,4272,2019,starter,68
376,4272,2020,starter,92
376,4272,2021,starter,93
376,4272,2022,bench,8
376,4272,2023,rotation,24
376,4272,2024,starter,89
279,4273,2021,starter,24
279,4273,2022,starter,23
279,4273,2023,rotation,57
279,4273,2024,bench,54
120,4274,2015,starter,22
120,4274,2016,starter,78
120,4274,2017,starter,1
120,4274,2018,starter,36
120,4274,2019,starter,44
120,4274,2020,rotation,79
238,4274,2021,rotation,3
238,4274,2022,starter,87
238,4274,2023,starter,25
238,4274,2024,starter,79
377,4275,2017,starter,42
377,4275,2018,starter,17
377,4275,2019,rotation,29
377,4275,2020,starter,42
377,4275,2021,starter,1
377,4275,2022,starter,22
377,4275,2023,starter,68
377,4275,2024,bench,75
71,4278,2015,starter,7
71,4278,2016,starter,2
71,4278,2017,starter,53
71,4278,2018,starter,59
71,4278,2019,starter,47
71,4278,2020,starter,30
71,4278,2021,bench,10
71,4278,2022,rotation,13
141,4278,2023,starter,91
141,4278,2024,rotation,33
71,4279,2015,starter,25
71,4279,2016,starter,43
71,4279,2017,rotation,35
71,4279,2018,bench,11
231,4279,2019,bench,68
231,4279,2020,bench,16
231,4279,2021,rotation,63
231,4279,2022,starter,10
299,4280,2015,starter,83
299,4280,2016,starter,59
299,4280,2017,starter,25
299,4280,2018,starter,15
299,4280,2019,starter,50
299,4280,2020,starter,60
299,4280,2021,bench,30
299,4280,2022,starter,33
299,4280,2023,rotation,86
299,4280,2024,rotation,28
264,4281,2015,rotation,74
320,4281,2016,rotation,98
330,4281,2017,starter,76
330,4281,2018,starter,78
361,4281,2019,starter,73
361,4281,2020,starter,93
361,4281,2021,bench,79
361,4281,2022,starter,71
361,4281,2023,starter,4
151,4283,2015,starter,85
151,4283,2016,starter,6
151,4283,2017,starter,60
151,4283,2018,starter,80
151,4283,2019,bench,39
151,4283,2020,starter,95
151,4283,2021,rotation,4
151,4283,2022,starter,67
151,4283,2023,starter,65
151,4283,2024,starter,9
48,4284,2015,starter,31
48,4284,2016,bench,49
226,4284,2017,starter,57
226,4284,2018,bench,57
226,4284,2019,starter,97
226,4284,2020,starter,31
226,4284,2021,rotation,23
344,4284,2022,rotation,33
344,4284,2023,starter,94
221,4285,2017,bench,23
221,4285,2018,starter,96
221,4285,2019,starter,40
221,4285,2020,starter,94
221,4285,2021,bench,11
221,4285,2022,starter,41
221,4285,2023,rotation,20
221,4285,2024,rotation,31
361,4286,2024,starter,16
271,4287,2017,starter,26
271,4287,2018,starter,39
271,4287,2019,starter,12
271,4287,2020,rotation,84
271,4287,2021,bench,63
271,4287,2022,rotation,81
271,4287,2023,starter,59
271,4287,2024,rotation,64
47,4288,2015,starter,18
47,4288,2016,starter,49
47,4288,2017,starter,46
47,4288,2018,rotation,31
47,4288,2019,starter,72
47,4288,2020,bench,69
47,4288,2021,starter,59
369,4288,2022,starter,93
369,4288,2023,starter,73
369,4288,2024,starter,63
155,4289,2015,starter,35
155,4289,2016,starter,5
155,4289,2017,rotation,35
155,4289,2018,bench,30
155,4289,2019,starter,39
155,4289,2020,starter,17
155,4289,2021,starter,60
155,4289,2022,rotation,92
155,4289,2023,starter,7
155,4289,2024,rotation,98
258,4290,2015,rotation,77
258,4290,2016,rotation,67
258,4290,2017,starter,95
258,4290,2018,starter,72
258,4290,2019,bench,23
258,4290,2020,starter,77
258,4290,2021,starter,50
258,4290,2022,starter,15
143,4290,2023,bench,56
143,4290,2024,bench,97
231,4291,2022,bench,7
231,4291,2023,rotation,43
231,4291,2024,starter,97
296,4292,2015,starter,71
296,4292,2016,starter,60
296,4292,2017,rotation,55
296,4292,2018,starter,81
296,4292,2019,starter,45
296,4292,2020,starter,90
296,4292,2021,rotation,91
296,4292,2022,rotation,86
296,4292,2023,bench,88
237,4292,2024,rotation,29
128,4293,2023,rotation,10
128,4293,2024,starter,50
365,4294,2017,rotation,84
365,4294,2018,starter,1
365,4294,2019,starter,72
365,4294,2020,bench,20
365,4294,2021,starter,18
365,4294,2022,starter,80
253,4294,2023,starter,25
291,4294,2024,starter,8
304,4295,2017,rotation,53
304,4295,2018,starter,55
304,4295,2019,starter,30
267,4295,2020,starter,91
267,4295,2021,rotation,70
267,4295,2022,starter,16
305,4295,2023,starter,32
305,4295,2024,starter,46
220,4296,2015,bench,53
220,4296,2016,rotation,17
9,4296,2017,starter,25
9,4296,2018,starter,75
9,4296,2019,starter,48
9,4296,2020,starter,60
144,4296,2021,starter,47
144,4296,2022,bench,94
144,4296,2023,starter,10
296,4296,2024,starter,44
171,4297,2015,bench,8
171,4297,2016,rotation,28
171,4297,2017,starter,14
171,4297,2018,starter,22
171,4297,2019,rotation,5
171,4297,2020,bench,68
171,4297,2021,starter,21
171,4297,2022,rotation,3
171,4297,2023,rotation,41
171,4297,2024,starter,43
320,4298,2016,starter,54
329,4298,2017,starter,59
329,4298,2018,rotation,94
329,4298,2019,starter,17
329,4298,2020,starter,81
329,4298,2021,starter,23
329,4298,2022,starter,16
329,4298,2023,starter,21
278,4298,2024,rotation,9
299,4299,2015,starter,18
299,4299,2016,starter,82
299,4299,2017,starter,12
345,4299,2018,starter,91
345,4299,2019,starter,13
345,4299,2020,bench,85
345,4299,2021,starter,79
345,4299,2022,starter,27
367,4299,2023,starter,12
367,4299,2024,bench,45
327,4300,2016,bench,87
327,4300,2017,bench,74
327,4300,2018,starter,70
327,4300,2019,bench,12
327,4300,2020,bench,43
327,4300,2021,bench,62
327,4300,2022,starter,79
327,4300,2023,rotation,14
327,4300,2024,starter,2
154,4301,2018,starter,86
154,4301,2019,starter,94
154,4301,2020,starter,41
154,4301,2021,starter,46
154,4301,2022,starter,67
154,4301,2023,bench,37
154,4301,2024,rotation,69
356,4302,2022,bench,35
356,4302,2023,starter,91
356,4302,2024,starter,81
361,4304,2015,rotation,2
361,4304,2016,rotation,44
361,4304,2017,starter,52
361,4304,2018,starter,83
361,4304,2019,bench,46
361,4304,2020,bench,50
361,4304,2021,starter,62
361,4304,2022,bench,33
361,4304,2023,starter,23
361,4304,2024,starter,69
366,4305,2015,rotation,73
366,4305,2016,starter,43
366,4305,2017,starter,40
366,4305,2018,rotation,96
366,4305,2019,rotation,85
366,4305,2020,starter,90
366,4305,2021,bench,6
366,4305,2022,bench,73
366,4305,2023,starter,6
366,4305,2024,rotation,63
330,4306,2019,rotation,19
330,4306,2020,starter,66
330,4306,2021,bench,13
330,4306,2022,starter,79
330,4306,2023,starter,50
330,4306,2024,rotation,76
128,4308,2017,starter,83
128,4308,2018,starter,73
128,4308,2019,rotation,60
128,4308,2020,rotation,64
153,4308,2021,starter,45
153,4308,2022,rotation,67
153,4308,2023,starter,22
88,4308,2024,starter,28
153,4309,2015,starter,52
153,4309,2016,rotation,83
153,4309,2017,rotation,9
153,4309,2018,starter,22
153,4309,2019,starter,73
153,4309,2020,starter,26
153,4309,2021,starter,1
153,4309,2022,starter,75
153,4309,2023,starter,62
153,4309,2024,rotation,78
328,4310,2015,rotation,66
328,4310,2016,rotation,44
328,4310,2017,rotation,5
328,4310,2018,starter,93
244,4310,2019,starter,45
244,4310,2020,rotation,32
244,4310,2021,starter,94
314,4310,2022,bench,86
338,4310,2023,rotation,74
338,4310,2024,rotation,22
87,4311,2021,starter,34
87,4311,2022,rotation,92
87,4311,2023,starter,35
87,4311,2024,rotation,45
363,4312,2015,rotation,84
363,4312,2016,starter,61
363,4312,2017,starter,36
363,4312,2018,starter,25
363,4312,2019,starter,16
363,4312,2020,bench,27
363,4312,2021,rotation,73
363,4312,2022,rotation,34
363,4312,2023,starter,23
363,4312,2024,bench,68
104,4313,2019,rotation,20
104,4313,2020,starter,57
104,4313,2021,rotation,6
218,4313,2022,bench,53
218,4313,2023,starter,91
218,4313,2024,rotation,97
58,4314,2016,starter,64
110,4314,2017,starter,16
110,4314,2018,bench,51
110,4314,2019,starter,82
110,4314,2020,rotation,60
217,4314,2021,bench,66
217,4314,2022,starter,26
217,4314,2023,starter,26
217,4314,2024,starter,4
86,4315,2019,starter,17
86,4315,2020,bench,96
86,4315,2021,rotation,35
86,4315,2022,starter,4
111,4315,2023,starter,87
111,4315,2024,rotation,54
289,4316,2018,starter,95
289,4316,2019,rotation,6
289,4316,2020,starter,10
289,4316,2021,starter,96
289,4316,2022,starter,24
289,4316,2023,rotation,96
289,4316,2024,starter,96
194,4317,2015,starter,4
194,4317,2016,starter,80
194,4317,2017,starter,16
194,4317,2018,starter,42
5,4317,2019,bench,67
380,4317,2020,bench,30
380,4317,2021,starter,74
380,4317,2022,starter,95
380,4317,2023,bench,4
380,4317,2024,starter,12
230,4318,2018,bench,82
230,4318,2019,rotation,6
230,4318,2020,starter,37
230,4318,2021,bench,82
230,4318,2022,starter,53
230,4318,2023,rotation,40
230,4318,2024,rotation,58
250,4319,2015,rotation,37
250,4319,2016,starter,78
250,4319,2017,bench,68
250,4319,2018,bench,71
250,4319,2019,starter,93
250,4319,2020,rotation,93
351,4319,2021,rotation,61
351,4319,2022,starter,18
106,4319,2023,rotation,67
106,4319,2024,starter,72
111,4320,2015,starter,41
111,4320,2016,bench,49
111,4320,2017,bench,5
111,4320,2018,bench,79
18,4320,2019,starter,60
18,4320,2020,starter,58
18,4320,2021,bench,94
18,4320,2022,starter,97
18,4320,2023,starter,16
18,4320,2024,starter,56
160,4321,2017,bench,70
160,4321,2018,starter,41
160,4321,2019,starter,26
160,4321,2020,starter,67
160,4321,2021,starter,4
160,4321,2022,starter,44
160,4321,2023,starter,16
160,4321,2024,bench,36
352,4322,2021,rotation,51
352,4322,2022,starter,26
352,4322,2023,starter,16
352,4322,2024,bench,26
268,4323,2018,starter,66
268,4323,2019,rotation,61
268,4323,2020,starter,90
268,4323,2021,starter,8
268,4323,2022,rotation,76
268,4323,2023,bench,29
268,4323,2024,rotation,97
353,4324,2016,rotation,88
353,4324,2017,starter,23
240,4324,2018,starter,41
240,4324,2019,starter,91
240,4324,2020,starter,38
240,4324,2021,bench,40
240,4324,2022,rotation,8
240,4324,2023,rotation,20
240,4324,2024,starter,32
138,4325,2022,starter,50
138,4325,2023,starter,9
138,4325,2024,rotation,91
364,4326,2015,starter,94
364,4326,2016,bench,48
364,4326,2017,starter,82
364,4326,2018,starter,90
364,4326,2019,starter,84
364,4326,2020,starter,91
364,4326,2021,rotation,59
364,4326,2022,starter,73
364,4326,2023,rotation,70
226,4326,2024,starter,77
264,4327,2020,starter,86
264,4327,2021,starter,65
264,4327,2022,rotation,53
264,4327,2023,starter,65
264,4327,2024,rotation,48
341,4328,2015,starter,89
341,4328,2016,starter,36
341,4328,2017,bench,75
341,4328,2018,starter,45
341,4328,2019,starter,64
341,4328,2020,rotation,16
341,4328,2021,starter,36
341,4328,2022,starter,76
375,4328,2023,starter,90
375,4328,2024,starter,26
72,4329,2015,starter,14
72,4329,2016,bench,74
358,4329,2017,starter,80
281,4329,2018,starter,98
281,4329,2019,starter,73
281,4329,2020,rotation,98
281,4329,2021,starter,33
281,4329,2022,starter,70
284,4329,2023,rotation,32
284,4329,2024,rotation,43
154,4330,2024,starter,25
315,4331,2015,starter,34
315,4331,2016,rotation,62
315,4331,2017,starter,37
315,4331,2018,bench,47
315,4331,2019,starter,20
315,4331,2020,starter,41
144,4331,2021,starter,60
144,4331,2022,rotation,70
144,4331,2023,bench,10
144,4331,2024,starter,8
347,4332,2018,rotation,68
261,4332,2019,starter,97
261,4332,2020,rotation,12
269,4332,2021,starter,38
269,4332,2022,starter,15
269,4332,2023,bench,58
269,4332,2024,rotation,9
372,4333,2015,rotation,34
372,4333,2016,starter,90
372,4333,2017,starter,5
372,4333,2018,starter,46
372,4333,2019,rotation,59
372,4333,2020,rotation,97
372,4333,2021,bench,30
372,4333,2022,starter,14
372,4333,2023,starter,45
372,4333,2024,starter,44
369,4334,2023,starter,79
369,4334,2024,starter,36
334,4335,2015,rotation,31
334,4335,2016,starter,2
334,4335,2017,starter,71
334,4335,2018,starter,80
334,4335,2019,rotation,23
334,4335,2020,starter,92
334,4335,2021,bench,51
334,4335,2022,rotation,65
334,4335,2023,bench,63
334,4335,2024,starter,5
30,4336,2018,rotation,39
30,4336,2019,starter,67
30,4336,2020,starter,57
30,4336,2021,rotation,19
326,4336,2022,starter,29
326,4336,2023,starter,63
326,4336,2024,bench,83
184,4338,2015,starter,1
184,4338,2016,starter,29
184,4338,2017,starter,69
184,4338,2018,starter,37
86,4338,2019,starter,19
86,4338,2020,starter,35
86,4338,2021,starter,54
86,4338,2022,rotation,56
86,4338,2023,rotation,88
86,4338,2024,starter,72
314,4339,2017,starter,80
314,4339,2018,starter,70
156,4339,2019,starter,39
156,4339,2020,starter,32
156,4339,2021,starter,90
156,4339,2022,starter,35
156,4339,2023,starter,58
156,4339,2024,starter,55
67,4345,2019,starter,79
67,4345,2020,bench,71
67,4345,2021,starter,17
67,4345,2022,rotation,7
67,4345,2023,starter,66
67,4345,2024,rotation,2
29,4346,2018,bench,66
29,4346,2019,bench,52
29,4346,2020,rotation,65
29,4346,2021,bench,9
29,4346,2022,starter,36
29,4346,2023,starter,85
29,4346,2024,starter,58
175,4347,2018,bench,57
175,4347,2019,starter,86
175,4347,2020,starter,51
326,4347,2021,rotation,23
326,4347,2022,starter,17
326,4347,2023,starter,88
326,4347,2024,starter,15
352,4348,2023,starter,49
352,4348,2024,starter,89
360,4349,2018,starter,79
360,4349,2019,starter,16
360,4349,2020,rotation,69
360,4349,2021,bench,74
360,4349,2022,starter,43
360,4349,2023,bench,91
360,4349,2024,starter,55
321,4350,2015,bench,59
358,4350,2016,rotation,85
358,4350,2017,starter,73
358,4350,2018,rotation,37
358,4350,2019,rotation,97
358,4350,2020,bench,75
358,4350,2021,starter,4
358,4350,2022,starter,85
14,4350,2023,starter,40
14,4350,2024,starter,33
290,4351,2017,rotation,29
290,4351,2018,starter,38
290,4351,2019,rotation,72
191,4351,2020,starter,64
191,4351,2021,starter,8
191,4351,2022,starter,17
191,4351,2023,starter,9
191,4351,2024,starter,30
378,4354,2015,rotation,48
378,4354,2016,starter,33
378,4354,2017,starter,89
378,4354,2018,starter,44
378,4354,2019,starter,29
378,4354,2020,bench,15
378,4354,2021,starter,77
378,4354,2022,rotation,20
378,4354,2023,starter,6
378,4354,2024,bench,49
228,4355,2019,starter,86
228,4355,2020,rotation,10
228,4355,2021,bench,74
228,4355,2022,rotation,13
267,4355,2023,starter,77
358,4355,2024,rotation,13
312,4356,2017,starter,35
312,4356,2018,bench,92
312,4356,2019,rotation,53
312,4356,2020,rotation,35
363,4356,2021,bench,1
363,4356,2022,starter,63
363,4356,2023,starter,93
363,4356,2024,rotation,48
53,4357,2015,starter,68
53,4357,2016,rotation,29
53,4357,2017,starter,30
53,4357,2018,starter,58
42,4357,2019,rotation,72
42,4357,2020,starter,84
42,4357,2021,rotation,53
42,4357,2022,starter,84
42,4357,2023,starter,82
42,4357,2024,rotation,89
291,4358,2020,rotation,80
291,4358,2021,starter,66
291,4358,2022,rotation,72
291,4358,2023,starter,40
291,4358,2024,bench,39
122,4359,2015,starter,42
122,4359,2016,starter,31
122,4359,2017,starter,69
122,4359,2018,bench,75
122,4359,2019,bench,75
122,4359,2020,rotation,8
122,4359,2021,bench,54
122,4359,2022,starter,33
122,4359,2023,starter,83
122,4359,2024,starter,40
220,4360,2021,starter,65
220,4360,2022,bench,83
220,4360,2023,rotation,86
220,4360,2024,starter,83
23,4361,2015,starter,50
61,4361,2016,starter,50
61,4361,2017,rotation,34
61,4361,2018,rotation,58
61,4361,2019,starter,18
61,4361,2020,rotation,22
61,4361,2021,starter,5
61,4361,2022,starter,1
169,4361,2023,rotation,58
169,4361,2024,rotation,47
100,4362,2015,starter,3
100,4362,2016,starter,10
100,4362,2017,bench,42
100,4362,2018,starter,6
100,4362,2019,bench,8
248,4362,2020,rotation,64
248,4362,2021,starter,62
248,4362,2022,starter,47
248,4362,2023,starter,50
248,4362,2024,starter,77
343,4363,2015,starter,32
343,4363,2016,starter,42
343,4363,2017,rotation,10
343,4363,2018,bench,68
343,4363,2019,rotation,47
343,4363,2020,starter,80
343,4363,2021,starter,34
343,4363,2022,starter,17
343,4363,2023,rotation,23
343,4363,2024,rotation,48
313,4364,2018,rotation,45
313,4364,2019,starter,45
313,4364,2020,starter,97
67,4364,2021,rotation,49
67,4364,2022,bench,59
67,4364,2023,rotation,70
67,4364,2024,starter,13
326,4365,2018,starter,72
326,4365,2019,starter,18
326,4365,2020,starter,71
326,4365,2021,starter,35
326,4365,2022,starter,32
326,4365,2023,starter,72
326,4365,2024,starter,56
349,4366,2015,starter,46
349,4366,2016,starter,88
349,4366,2017,starter,5
349,4366,2018,starter,1
349,4366,2019,rotation,1
349,4366,2020,starter,12
64,4366,2021,starter,48
64,4366,2022,starter,24
121,4367,2024,starter,15
365,4368,2023,bench,42
365,4368,2024,starter,96
100,4369,2022,starter,56
100,4369,2023,starter,1
100,4369,2024,starter,22
165,4371,2015,starter,27
165,4371,2016,rotation,74
165,4371,2017,starter,93
165,4371,2018,rotation,4
165,4371,2019,starter,58
315,4371,2020,rotation,51
315,4371,2021,starter,65
315,4371,2022,starter,8
315,4371,2023,starter,84
315,4371,2024,starter,96
349,4372,2016,starter,46
349,4372,2017,starter,92
349,4372,2018,starter,98
349,4372,2019,starter,24
349,4372,2020,starter,15
349,4372,2021,starter,67
349,4372,2022,starter,86
349,4372,2023,bench,31
349,4372,2024,starter,89
347,4373,2015,starter,21
347,4373,2016,rotation,15
347,4373,2017,starter,97
347,4373,2018,rotation,27
347,4373,2019,bench,58
247,4373,2020,starter,56
247,4373,2021,starter,46
80,4373,2022,rotation,95
140,4373,2023,rotation,44
140,4373,2024,starter,55
127,4374,2015,bench,49
376,4374,2016,starter,12
376,4374,2017,starter,42
376,4374,2018,starter,87
376,4374,2019,starter,47
376,4374,2020,starter,26
376,4374,2021,starter,49
376,4374,2022,rotation,65
373,4375,2023,bench,6
373,4375,2024,starter,43
26,4376,2015,rotation,76
26,4376,2016,starter,63
26,4376,2017,starter,70
26,4376,2018,starter,31
26,4376,2019,starter,65
26,4376,2020,starter,41
26,4376,2021,starter,64
25,4376,2022,rotation,81
25,4376,2023,starter,1
25,4376,2024,starter,58
345,4377,2015,starter,5
236,4377,2016,starter,10
236,4377,2017,bench,82
236,4377,2018,starter,46
236,4377,2019,starter,98
236,4377,2020,rotation,36
236,4377,2021,bench,61
236,4377,2022,starter,33
236,4377,2023,starter,61
236,4377,2024,starter,71
321,4378,2015,starter,51
321,4378,2016,bench,66
321,4378,2017,starter,54
321,4378,2018,starter,59
321,4378,2019,starter,30
321,4378,2020,rotation,36
321,4378,2021,rotation,12
321,4378,2022,starter,54
372,4378,2023,bench,44
372,4378,2024,starter,77
152,4379,2015,starter,49
152,4379,2016,rotation,73
152,4379,2017,starter,54
152,4379,2018,rotation,8
152,4379,2019,starter,70
152,4379,2020,rotation,85
152,4379,2021,starter,63
152,4379,2022,starter,95
152,4379,2023,starter,7
152,4379,2024,starter,94
326,4380,2015,rotation,63
326,4380,2016,starter,50
342,4380,2017,starter,20
342,4380,2018,starter,62
342,4380,2019,bench,59
342,4380,2020,starter,97
342,4380,2021,rotation,51
342,4380,2022,starter,25
313,4380,2023,rotation,40
380,4380,2024,rotation,61
167,4381,2015,rotation,35
167,4381,2016,starter,28
167,4381,2017,rotation,18
167,4381,2018,starter,98
167,4381,2019,starter,79
167,4381,2020,starter,39
167,4381,2021,starter,75
167,4381,2022,starter,66
167,4381,2023,rotation,77
38,4382,2015,rotation,1
38,4382,2016,starter,31
38,4382,2017,starter,94
38,4382,2018,starter,43
38,4382,2019,starter,87
38,4382,2020,starter,41
38,4382,2021,rotation,42
38,4382,2022,starter,49
38,4382,2023,starter,39
38,4382,2024,starter,21
299,4384,2015,bench,77
299,4384,2016,starter,95
299,4384,2017,rotation,31
299,4384,2018,rotation,48
299,4384,2019,rotation,5
299,4384,2020,starter,27
299,4384,2021,bench,46
299,4384,2022,starter,31
299,4384,2023,rotation,55
3,4384,2024,starter,96
294,4385,2015,rotation,51
326,4385,2016,starter,59
326,4385,2017,rotation,6
326,4385,2018,bench,7
301,4385,2019,starter,76
301,4385,2020,bench,50
280,4385,2021,starter,73
280,4385,2022,starter,60
280,4385,2023,rotation,17
259,4386,2015,starter,64
259,4386,2016,starter,87
259,4386,2017,starter,18
259,4386,2018,starter,31
259,4386,2019,starter,82
259,4386,2020,bench,42
259,4386,2021,bench,51
259,4386,2022,starter,91
259,4386,2023,rotation,85
259,4386,2024,bench,11
375,4387,2017,rotation,44
375,4387,2018,starter,41
375,4387,2019,bench,95
375,4387,2020,starter,12
375,4387,2021,rotation,63
375,4387,2022,rotation,75
375,4387,2023,rotation,20
375,4387,2024,starter,77
216,4388,2017,starter,45
216,4388,2018,starter,97
216,4388,2019,starter,29
267,4388,2020,rotation,95
267,4388,2021,bench,34
267,4388,2022,bench,82
267,4388,2023,starter,11
267,4388,2024,bench,50
370,4389,2015,starter,83
370,4389,2016,rotation,6
370,4389,2017,starter,85
355,4389,2018,bench,29
110,4389,2019,starter,67
110,4389,2020,starter,79
110,4389,2021,starter,37
110,4389,2022,starter,13
110,4389,2023,starter,12
110,4389,2024,rotation,51
360,4390,2024,rotation,77
168,4391,2022,starter,85
168,4391,2023,starter,80
168,4391,2024,rotation,84
58,4392,2023,starter,8
58,4392,2024,bench,58
245,4393,2023,starter,23
245,4393,2024,starter,26
79,4394,2022,rotation,35
79,4394,2023,rotation,42
79,4394,2024,bench,74
346,4395,2015,starter,61
346,4395,2016,starter,11
346,4395,2017,rotation,10
346,4395,2018,rotation,57
346,4395,2019,rotation,44
346,4395,2020,starter,12
283,4395,2021,rotation,77
283,4395,2022,starter,67
283,4395,2023,bench,14
283,4395,2024,starter,9
246,4397,2019,starter,80
246,4397,2020,starter,41
140,4397,2021,rotation,66
140,4397,2022,rotation,34
140,4397,2023,starter,71
140,4397,2024,starter,34
274,4398,2018,starter,51
274,4398,2019,starter,2
274,4398,2020,bench,28
274,4398,2021,starter,40
240,4398,2022,starter,11
240,4398,2023,starter,30
240,4398,2024,starter,24
214,4399,2023,rotation,85
214,4399,2024,starter,53
2,4400,2015,starter,32
2,4400,2016,starter,34
247,4400,2017,starter,58
247,4400,2018,rotation,15
247,4400,2019,starter,9
142,4400,2020,rotation,90
142,4400,2021,starter,62
142,4400,2022,bench,25
142,4400,2023,bench,83
142,4400,2024,starter,24
297,4401,2015,bench,83
297,4401,2016,rotation,66
297,4401,2017,starter,5
297,4401,2018,starter,24
297,4401,2019,bench,55
297,4401,2020,bench,76
297,4401,2021,starter,39
297,4401,2022,starter,65
297,4401,2023,bench,54
297,4401,2024,rotation,95
226,4402,2015,starter,93
129,4402,2016,starter,30
129,4402,2017,starter,74
351,4402,2018,bench,50
351,4402,2019,rotation,23
351,4402,2020,starter,34
351,4402,2021,bench,50
351,4402,2022,starter,76
351,4402,2023,starter,52
351,4402,2024,bench,54
369,4405,2015,bench,28
369,4405,2016,starter,8
369,4405,2017,starter,20
369,4405,2018,bench,1
369,4405,2019,starter,68
369,4405,2020,starter,90
369,4405,2021,starter,39
369,4405,2022,starter,41
235,4406,2015,bench,59
185,4406,2016,rotation,21
185,4406,2017,starter,20
185,4406,2018,rotation,37
185,4406,2019,starter,22
185,4406,2020,starter,42
315,4406,2021,bench,64
315,4406,2022,starter,8
315,4406,2023,starter,11
315,4406,2024,starter,13
326,4407,2015,rotation,83
326,4407,2016,rotation,78
326,4407,2017,rotation,80
326,4407,2018,starter,83
326,4407,2019,starter,9
326,4407,2020,starter,97
366,4408,2024,starter,52
350,4409,2021,rotation,97
350,4409,2022,starter,80
350,4409,2023,starter,24
350,4409,2024,starter,58
312,4410,2015,bench,89
312,4410,2016,rotation,21
312,4410,2017,starter,65
312,4410,2018,starter,77
312,4410,2019,starter,9
312,4410,2020,rotation,40
312,4410,2021,starter,35
310,4410,2022,starter,20
310,4410,2023,starter,90
310,4410,2024,bench,47
138,4411,2015,starter,27
133,4411,2016,starter,97
133,4411,2017,starter,44
133,4411,2018,starter,10
133,4411,2019,starter,20
133,4411,2020,starter,47
133,4411,2021,starter,16
133,4411,2022,starter,11
133,4411,2023,starter,92
133,4411,2024,starter,61
162,4412,2015,starter,51
162,4412,2016,starter,87
162,4412,2017,rotation,76
162,4412,2018,starter,34
162,4412,2019,starter,3
162,4412,2020,bench,33
162,4412,2021,starter,94
213,4413,2021,starter,81
213,4413,2022,starter,16
213,4413,2023,starter,35
213,4413,2024,starter,52
206,4414,2024,starter,11
295,4415,2015,bench,55
295,4415,2016,starter,51
295,4415,2017,starter,72
295,4415,2018,starter,67
295,4415,2019,bench,26
295,4415,2020,rotation,55
295,4415,2021,rotation,15
295,4415,2022,bench,80
295,4415,2023,rotation,63
295,4415,2024,bench,31
226,4416,2015,starter,59
226,4416,2016,starter,21
226,4416,2017,starter,9
226,4416,2018,starter,68
226,4416,2019,bench,73
226,4416,2020,starter,83
226,4416,2021,starter,61
226,4416,2022,rotation,26
226,4416,2023,starter,17
226,4416,2024,starter,27
101,4418,2018,starter,20
101,4418,2019,starter,31
101,4418,2020,starter,27
101,4418,2021,rotation,98
361,4418,2022,starter,11
361,4418,2023,starter,18
361,4418,2024,starter,82
107,4419,2024,starter,14
272,4420,2015,bench,41
91,4420,2016,starter,83
91,4420,2017,starter,16
91,4420,2018,rotation,58
91,4420,2019,rotation,82
91,4420,2020,rotation,3
91,4420,2021,starter,42
348,4421,2018,starter,58
348,4421,2019,rotation,78
348,4421,2020,starter,16
348,4421,2021,starter,92
348,4421,2022,starter,76
348,4421,2023,starter,12
348,4421,2024,starter,60
130,4422,2017,starter,19
130,4422,2018,rotation,16
372,4422,2019,starter,77
372,4422,2020,starter,17
372,4422,2021,starter,72
372,4422,2022,rotation,53
372,4422,2023,starter,54
119,4422,2024,starter,32
348,4423,2015,starter,28
348,4423,2016,rotation,3
348,4423,2017,starter,49
348,4423,2018,rotation,89
348,4423,2019,rotation,78
348,4423,2020,rotation,1
348,4423,2021,starter,38
348,4423,2022,starter,1
348,4423,2023,bench,93
348,4423,2024,starter,92
176,4424,2015,starter,94
176,4424,2016,starter,95
176,4424,2017,bench,42
176,4424,2018,starter,66
279,4424,2019,starter,63
279,4424,2020,rotation,61
279,4424,2021,starter,6
279,4424,2022,starter,28
279,4424,2023,rotation,10
279,4424,2024,starter,93
289,4425,2018,starter,87
289,4425,2019,starter,5
289,4425,2020,starter,48
289,4425,2021,starter,82
276,4425,2022,bench,92
276,4425,2023,starter,91
276,4425,2024,starter,52
42,4426,2018,rotation,34
42,4426,2019,starter,41
42,4426,2020,starter,53
42,4426,2021,rotation,13
42,4426,2022,starter,63
42,4426,2023,starter,56
42,4426,2024,starter,59
292,4427,2015,starter,70
292,4427,2016,bench,97
292,4427,2017,starter,6
292,4427,2018,starter,30
292,4427,2019,starter,14
292,4427,2020,starter,34
292,4427,2021,rotation,98
292,4427,2022,starter,37
292,4427,2023,starter,64
292,4427,2024,bench,48
116,4428,2019,starter,29
116,4428,2020,rotation,95
116,4428,2021,rotation,37
1,4428,2022,starter,94
162,4428,2023,starter,16
162,4428,2024,rotation,64
330,4429,2015,starter,69
330,4429,2016,starter,30
148,4429,2017,starter,52
148,4429,2018,starter,54
342,4429,2019,rotation,80
374,4429,2020,bench,74
374,4429,2021,starter,12
374,4429,2022,starter,17
374,4429,2023,bench,50
374,4429,2024,starter,6
196,4430,2015,starter,1
196,4430,2016,rotation,19
196,4430,2017,starter,42
196,4430,2018,starter,88
256,4430,2019,starter,61
256,4430,2020,starter,10
256,4430,2021,starter,24
256,4430,2022,rotation,52
256,4430,2023,rotation,71
256,4430,2024,bench,10
106,4431,2015,starter,27
106,4431,2016,bench,7
106,4431,2017,rotation,9
106,4431,2018,starter,1
106,4431,2019,starter,29
106,4431,2020,starter,97
106,4431,2021,starter,25
367,4432,2015,rotation,13
101,4432,2016,starter,15
101,4432,2017,rotation,48
101,4432,2018,rotation,37
197,4432,2019,starter,87
197,4432,2020,rotation,7
197,4432,2021,starter,83
197,4432,2022,starter,15
197,4432,2023,rotation,52
197,4432,2024,starter,38
266,4435,2024,starter,74
361,4436,2021,bench,23
361,4436,2022,starter,88
361,4436,2023,bench,28
361,4436,2024,starter,8
126,4437,2015,bench,6
126,4437,2016,starter,34
126,4437,2017,starter,6
126,4437,2018,bench,65
126,4437,2019,rotation,76
126,4437,2020,starter,86
126,4437,2021,starter,52
344,4438,2023,starter,63
344,4438,2024,rotation,20
302,4439,2015,rotation,71
302,4439,2016,bench,94
302,4439,2017,rotation,4
302,4439,2018,rotation,51
302,4439,2019,starter,62
302,4439,2020,starter,31
302,4439,2021,starter,74
302,4439,2022,starter,33
302,4439,2023,starter,25
304,4441,2015,rotation,30
304,4441,2016,starter,81
304,4441,2017,starter,93
304,4441,2018,bench,61
304,4441,2019,starter,49
304,4441,2020,starter,24
304,4441,2021,starter,85
304,4441,2022,rotation,16
304,4441,2023,starter,45
304,4441,2024,starter,49
320,4442,2015,starter,87
320,4442,2016,starter,46
320,4442,2017,bench,51
320,4442,2018,starter,83
101,4442,2019,rotation,31
101,4442,2020,bench,5
101,4442,2021,rotation,32
101,4442,2022,starter,42
101,4442,2023,rotation,5
217,4443,2015,starter,79
217,4443,2016,rotation,29
217,4443,2017,starter,79
217,4443,2018,starter,25
217,4443,2019,starter,73
217,4443,2020,starter,81
217,4443,2021,rotation,8
217,4443,2022,starter,67
217,4443,2023,starter,51
217,4443,2024,starter,55
232,4444,2015,rotation,54
232,4444,2016,starter,54
232,4444,2017,rotation,23
232,4444,2018,starter,33
232,4444,2019,bench,69
164,4445,2024,starter,97
131,4446,2021,starter,87
131,4446,2022,rotation,66
131,4446,2023,starter,84
131,4446,2024,starter,4
297,4447,2015,bench,82
364,4447,2016,starter,18
364,4447,2017,starter,29
364,4447,2018,starter,95
364,4447,2019,rotation,97
364,4447,2020,rotation,59
364,4447,2021,starter,57
116,4448,2015,starter,16
116,4448,2016,starter,2
116,4448,2017,rotation,89
116,4448,2018,starter,39
116,4448,2019,rotation,7
116,4448,2020,starter,40
116,4448,2021,bench,10
116,4448,2022,bench,86
116,4448,2023,rotation,8
116,4448,2024,rotation,44
205,4449,2015,starter,65
205,4449,2016,starter,69
205,4449,2017,starter,76
205,4449,2018,rotation,88
205,4449,2019,starter,29
205,4449,2020,rotation,13
205,4449,2021,bench,73
205,4449,2022,rotation,34
205,4449,2023,bench,94
205,4449,2024,starter,90
123,4451,2017,starter,8
123,4451,2018,rotation,77
123,4451,2019,rotation,49
123,4451,2020,starter,10
13,4451,2021,rotation,2
13,4451,2022,bench,15
13,4451,2023,starter,12
13,4451,2024,bench,76
206,4452,2020,starter,87
206,4452,2021,starter,83
206,4452,2022,rotation,81
206,4452,2023,starter,55
206,4452,2024,rotation,98
355,4453,2015,starter,94
355,4453,2016,rotation,74
355,4453,2017,bench,29
355,4453,2018,rotation,47
355,4453,2019,starter,29
328,4453,2020,starter,49
328,4453,2021,starter,61
328,4453,2022,starter,91
328,4453,2023,rotation,59
328,4453,2024,starter,8
97,4454,2015,starter,55
97,4454,2016,starter,47
97,4454,2017,rotation,82
97,4454,2018,rotation,59
97,4454,2019,bench,21
97,4454,2020,starter,57
97,4454,2021,starter,36
97,4454,2022,starter,1
97,4454,2023,starter,40
378,4454,2024,starter,2
308,4455,2015,bench,95
308,4455,2016,starter,33
308,4455,2017,starter,34
308,4455,2018,rotation,83
308,4455,2019,starter,62
308,4455,2020,bench,9
274,4455,2021,bench,57
274,4455,2022,starter,68
274,4455,2023,rotation,39
32,4456,2015,starter,42
32,4456,2016,rotation,43
32,4456,2017,starter,81
32,4456,2018,starter,36
32,4456,2019,bench,73
32,4456,2020,rotation,78
154,4458,2016,starter,80
154,4458,2017,rotation,16
154,4458,2018,starter,60
154,4458,2019,rotation,11
154,4458,2020,rotation,43
297,4458,2021,starter,62
297,4458,2022,starter,39
297,4458,2023,starter,70
297,4458,2024,rotation,20
214,4459,2023,bench,37
214,4459,2024,starter,96
357,4460,2015,starter,3
357,4460,2016,starter,45
357,4460,2017,starter,19
357,4460,2018,starter,4
357,4460,2019,starter,95
357,4460,2020,starter,15
357,4460,2021,starter,34
357,4460,2022,starter,46
357,4460,2023,starter,62
229,4460,2024,rotation,77
91,4461,2022,starter,47
91,4461,2023,starter,10
91,4461,2024,bench,94
360,4462,2015,rotation,78
360,4462,2016,rotation,49
349,4462,2017,rotation,26
349,4462,2018,rotation,2
349,4462,2019,starter,38
349,4462,2020,starter,52
349,4462,2021,rotation,95
349,4462,2022,bench,35
349,4462,2023,starter,52
349,4462,2024,starter,83
370,4463,2016,rotation,66
370,4463,2017,rotation,50
370,4463,2018,starter,76
370,4463,2019,starter,27
370,4463,2020,starter,59
370,4463,2021,starter,8
370,4463,2022,starter,49
278,4463,2023,starter,64
278,4463,2024,rotation,27
109,4464,2018,starter,65
109,4464,2019,starter,91
109,4464,2020,starter,36
109,4464,2021,rotation,34
109,4464,2022,starter,15
109,4464,2023,bench,87
377,4464,2024,starter,39
134,4465,2023,starter,3
134,4465,2024,bench,73
280,4466,2015,starter,41
359,4466,2016,starter,25
359,4466,2017,starter,16
359,4466,2018,starter,91
359,4466,2019,rotation,89
359,4466,2020,starter,84
154,4467,2015,bench,69
154,4467,2016,bench,94
154,4467,2017,starter,34
154,4467,2018,starter,98
154,4467,2019,starter,53
339,4467,2020,rotation,36
339,4467,2021,starter,49
339,4467,2022,starter,68
339,4467,2023,starter,92
339,4467,2024,starter,36
331,4468,2024,starter,17
191,4469,2015,starter,82
191,4469,2016,starter,28
191,4469,2017,rotation,80
191,4469,2018,starter,52
191,4469,2019,starter,74
322,4469,2020,starter,39
322,4469,2021,rotation,57
322,4469,2022,starter,70
322,4469,2023,starter,74
322,4469,2024,starter,67
263,4471,2015,bench,52
65,4471,2016,bench,62
65,4471,2017,starter,28
65,4471,2018,starter,3
65,4471,2019,rotation,31
162,4471,2020,bench,54
162,4471,2021,starter,27
162,4471,2022,starter,15
162,4471,2023,rotation,81
162,4471,2024,starter,14
149,4472,2015,starter,13
149,4472,2016,rotation,57
149,4472,2017,rotation,16
149,4472,2018,rotation,24
149,4472,2019,starter,9
149,4472,2020,starter,89
149,4472,2021,rotation,40
149,4472,2022,starter,49
149,4472,2023,rotation,18
149,4472,2024,bench,1
152,4473,2015,starter,79
152,4473,2016,rotation,54
152,4473,2017,starter,75
152,4473,2018,starter,97
152,4473,2019,rotation,93
152,4473,2020,starter,69
152,4473,2021,rotation,89
152,4473,2022,rotation,22
152,4473,2023,rotation,64
152,4473,2024,starter,28
166,4475,2015,rotation,82
166,4475,2016,starter,3
275,4475,2017,rotation,48
275,4475,2018,starter,34
275,4475,2019,bench,25
297,4475,2020,starter,28
48,4475,2021,starter,53
48,4475,2022,starter,66
377,4476,2020,bench,45
132,4476,2021,starter,29
132,4476,2022,bench,44
132,4476,2023,starter,45
132,4476,2024,starter,25
266,4477,2018,rotation,98
266,4477,2019,starter,27
266,4477,2020,starter,52
266,4477,2021,starter,9
208,4477,2022,starter,37
208,4477,2023,starter,78
15,4477,2024,starter,91
156,4478,2015,starter,51
156,4478,2016,rotation,10
156,4478,2017,bench,83
156,4478,2018,rotation,1
156,4478,2019,rotation,11
156,4478,2020,starter,91
156,4478,2021,starter,51
366,4478,2022,starter,65
366,4478,2023,rotation,53
366,4478,2024,rotation,6
316,4480,2015,starter,84
316,4480,2016,starter,88
316,4480,2017,starter,3
316,4480,2018,starter,76
316,4480,2019,starter,59
316,4480,2020,starter,77
316,4480,2021,starter,93
316,4480,2022,starter,60
316,4480,2023,starter,96
316,4480,2024,starter,19
78,4481,2015,starter,92
78,4481,2016,starter,67
78,4481,2017,starter,83
78,4481,2018,starter,15
78,4481,2019,starter,29
78,4481,2020,starter,62
78,4481,2021,starter,89
378,4481,2022,rotation,54
378,4481,2023,rotation,96
378,4481,2024,starter,27
364,4482,2019,starter,75
364,4482,2020,rotation,48
364,4482,2021,starter,98
364,4482,2022,bench,96
364,4482,2023,rotation,39
364,4482,2024,bench,71
265,4483,2015,starter,14
265,4483,2016,bench,82
265,4483,2017,rotation,16
265,4483,2018,starter,64
265,4483,2019,bench,50
265,4483,2020,starter,27
265,4483,2021,starter,2
265,4483,2022,bench,64
350,4484,2015,rotation,26
350,4484,2016,rotation,48
285,4484,2017,starter,76
285,4484,2018,starter,45
285,4484,2019,starter,96
285,4484,2020,rotation,46
285,4484,2021,starter,80
285,4484,2022,starter,77
285,4484,2023,starter,52
285,4484,2024,starter,51
204,4485,2023,starter,17
204,4485,2024,rotation,89
316,4486,2023,starter,32
316,4486,2024,starter,73
265,4488,2015,rotation,25
265,4488,2016,bench,87
265,4488,2017,rotation,31
265,4488,2018,starter,45
133,4488,2019,starter,16
133,4488,2020,bench,3
328,4488,2021,rotation,10
328,4488,2022,starter,98
328,4488,2023,rotation,72
328,4488,2024,starter,66
360,4489,2019,starter,13
360,4489,2020,starter,5
360,4489,2021,rotation,18
360,4489,2022,starter,37
175,4489,2023,starter,32
175,4489,2024,rotation,50
369,4490,2015,starter,22
86,4490,2016,starter,91
86,4490,2017,starter,81
86,4490,2018,starter,91
86,4490,2019,bench,4
55,4490,2020,bench,45
55,4490,2021,starter,86
55,4490,2022,starter,90
55,4490,2023,starter,38
325,4490,2024,starter,79
377,4491,2022,starter,10
377,4491,2023,starter,71
377,4491,2024,bench,10
373,4492,2015,starter,47
373,4492,2016,rotation,60
373,4492,2017,bench,78
373,4492,2018,starter,54
373,4492,2019,rotation,6
373,4492,2020,bench,82
373,4492,2021,starter,94
373,4492,2022,starter,97
373,4492,2023,starter,9
373,4492,2024,starter,55
350,4493,2015,bench,39
350,4493,2016,rotation,77
350,4493,2017,bench,77
350,4493,2018,starter,80
350,4493,2019,starter,54
350,4493,2020,rotation,28
350,4493,2021,starter,26
350,4493,2022,starter,87
350,4493,2023,rotation,24
350,4493,2024,starter,85
352,4494,2015,starter,7
352,4494,2016,starter,13
147,4494,2017,rotation,92
147,4494,2018,starter,25
147,4494,2019,bench,27
147,4494,2020,starter,85
147,4494,2021,starter,84
147,4494,2022,rotation,23
147,4494,2023,rotation,39
147,4494,2024,bench,87
160,4495,2015,starter,27
160,4495,2016,bench,38
160,4495,2017,starter,78
160,4495,2018,rotation,19
160,4495,2019,starter,61
160,4495,2020,bench,33
160,4495,2021,starter,4
160,4495,2022,rotation,41
160,4495,2023,starter,91
160,4495,2024,starter,45
306,4496,2017,bench,13
306,4496,2018,starter,31
306,4496,2019,rotation,3
306,4496,2020,rotation,92
306,4496,2021,rotation,1
306,4496,2022,rotation,54
306,4496,2023,bench,69
306,4496,2024,starter,62
46,4497,2020,rotation,12
46,4497,2021,starter,73
46,4497,2022,starter,53
46,4497,2023,bench,80
46,4497,2024,bench,81
246,4498,2018,starter,17
246,4498,2019,bench,92
246,4498,2020,rotation,54
246,4498,2021,starter,26
273,4498,2022,rotation,26
250,4498,2023,starter,46
250,4498,2024,starter,50
154,4500,2015,starter,72
154,4500,2016,starter,82
154,4500,2017,starter,86
154,4500,2018,bench,78
154,4500,2019,bench,12
154,4500,2020,starter,49
154,4500,2021,rotation,4
154,4500,2022,rotation,77
154,4500,2023,starter,42
154,4500,2024,rotation,52
376,4501,2015,starter,16
68,4501,2016,starter,42
68,4501,2017,starter,15
68,4501,2018,bench,1
68,4501,2019,starter,44
68,4501,2020,bench,34
68,4501,2021,rotation,97
68,4501,2022,rotation,86
68,4501,2023,starter,4
197,4501,2024,starter,32
160,4502,2020,starter,67
322,4502,2021,rotation,58
322,4502,2022,starter,90
322,4502,2023,rotation,86
322,4502,2024,starter,57
296,4503,2015,starter,54
296,4503,2016,rotation,20
296,4503,2017,starter,87
296,4503,2018,rotation,78
296,4503,2019,starter,51
296,4503,2020,starter,92
296,4503,2021,starter,62
296,4503,2022,rotation,62
296,4503,2023,starter,12
296,4503,2024,rotation,93
2,4504,2017,bench,47
2,4504,2018,starter,63
2,4504,2019,starter,20
2,4504,2020,rotation,56
2,4504,2021,bench,42
361,4504,2022,rotation,64
361,4504,2023,starter,73
361,4504,2024,rotation,19
116,4505,2015,rotation,74
116,4505,2016,starter,80
116,4505,2017,starter,56
116,4505,2018,starter,32
116,4505,2019,rotation,79
116,4505,2020,bench,17
116,4505,2021,starter,34
116,4505,2022,bench,87
116,4505,2023,rotation,70
116,4505,2024,rotation,62
64,4506,2023,starter,1
64,4506,2024,starter,74
280,4507,2015,starter,83
280,4507,2016,rotation,23
280,4507,2017,starter,84
280,4507,2018,starter,31
280,4507,2019,rotation,34
280,4507,2020,rotation,90
280,4507,2021,starter,10
280,4507,2022,rotation,66
280,4507,2023,bench,50
118,4508,2015,bench,93
118,4508,2016,starter,37
104,4508,2017,starter,98
104,4508,2018,starter,21
104,4508,2019,starter,23
104,4508,2020,starter,83
368,4508,2021,starter,46
368,4508,2022,starter,78
376,4508,2023,starter,68
376,4508,2024,starter,72
55,4509,2015,rotation,62
55,4509,2016,starter,51
55,4509,2017,starter,4
55,4509,2018,rotation,69
55,4509,2019,starter,24
55,4509,2020,starter,37
55,4509,2021,bench,84
55,4509,2022,rotation,30
55,4509,2023,starter,40
55,4509,2024,starter,64
180,4510,2015,rotation,90
180,4510,2016,starter,74
180,4510,2017,bench,97
180,4510,2018,starter,32
180,4510,2019,rotation,55
180,4510,2020,starter,8
180,4510,2021,starter,93
180,4510,2022,starter,8
180,4510,2023,starter,16
180,4510,2024,rotation,4
158,4511,2015,starter,18
158,4511,2016,rotation,79
302,4511,2017,rotation,36
317,4511,2018,starter,36
317,4511,2019,rotation,23
317,4511,2020,starter,64
317,4511,2021,rotation,83
74,4511,2022,rotation,21
74,4511,2023,starter,86
74,4511,2024,starter,48
119,4512,2023,rotation,16
119,4512,2024,bench,13
380,4514,2015,starter,64
380,4514,2016,rotation,66
380,4514,2017,rotation,18
380,4514,2018,rotation,86
265,4514,2019,starter,67
265,4514,2020,starter,96
265,4514,2021,starter,36
265,4514,2022,rotation,61
265,4514,2023,starter,85
265,4514,2024,starter,39
45,4515,2023,starter,29
45,4515,2024,rotation,59
347,4516,2015,starter,15
347,4516,2016,rotation,85
347,4516,2017,rotation,39
347,4516,2018,starter,34
347,4516,2019,starter,87
347,4516,2020,starter,17
347,4516,2021,rotation,48
347,4516,2022,starter,16
141,4517,2015,starter,17
141,4517,2016,rotation,12
141,4517,2017,starter,68
141,4517,2018,rotation,69
141,4517,2019,starter,69
141,4517,2020,starter,44
141,4517,2021,starter,63
141,4517,2022,starter,62
141,4517,2023,starter,95
141,4517,2024,rotation,20
156,4519,2015,starter,4
156,4519,2016,starter,58
156,4519,2017,rotation,5
156,4519,2018,starter,16
156,4519,2019,starter,58
156,4519,2020,starter,31
156,4519,2021,bench,92
156,4519,2022,starter,98
156,4519,2023,rotation,78
156,4519,2024,starter,39
284,4520,2015,starter,69
284,4520,2016,bench,46
284,4520,2017,starter,23
284,4520,2018,starter,57
284,4520,2019,starter,55
284,4520,2020,starter,35
284,4520,2021,starter,40
363,4521,2015,starter,33
363,4521,2016,bench,87
363,4521,2017,starter,35
363,4521,2018,bench,6
363,4521,2019,starter,73
363,4521,2020,starter,75
327,4521,2021,starter,78
327,4521,2022,rotation,29
327,4521,2023,bench,98
327,4521,2024,starter,78
209,4522,2022,starter,81
355,4522,2023,bench,95
355,4522,2024,starter,23
55,4523,2015,starter,81
55,4523,2016,rotation,87
55,4523,2017,bench,96
55,4523,2018,rotation,86
55,4523,2019,starter,20
55,4523,2020,rotation,98
113,4523,2021,starter,62
113,4523,2022,rotation,94
113,4523,2023,starter,47
113,4523,2024,rotation,11
62,4524,2022,rotation,81
62,4524,2023,starter,21
62,4524,2024,rotation,31
254,4525,2020,bench,49
254,4525,2021,rotation,72
254,4525,2022,starter,36
254,4525,2023,starter,84
254,4525,2024,starter,45
344,4526,2015,rotation,19
148,4526,2016,bench,24
148,4526,2017,starter,41
148,4526,2018,starter,49
148,4526,2019,bench,25
148,4526,2020,starter,3
148,4526,2021,starter,15
148,4526,2022,starter,76
161,4526,2023,rotation,35
161,4526,2024,starter,56
308,4527,2016,rotation,47
352,4527,2017,starter,56
352,4527,2018,bench,34
352,4527,2019,starter,90
352,4527,2020,rotation,35
352,4527,2021,bench,50
352,4527,2022,starter,7
352,4527,2023,rotation,49
352,4527,2024,rotation,29
371,4528,2015,starter,64
371,4528,2016,rotation,60
371,4528,2017,starter,43
371,4528,2018,rotation,74
169,4528,2019,starter,24
169,4528,2020,rotation,2
169,4528,2021,rotation,35
169,4528,2022,bench,41
169,4528,2023,bench,49
169,4528,2024,starter,74
364,4529,2021,rotation,93
364,4529,2022,starter,66
364,4529,2023,starter,26
364,4529,2024,bench,82
173,4530,2015,rotation,90
173,4530,2016,starter,15
173,4530,2017,rotation,18
253,4530,2018,starter,50
253,4530,2019,starter,98
253,4530,2020,starter,35
253,4530,2021,starter,59
253,4530,2022,starter,92
253,4530,2023,starter,79
253,4530,2024,rotation,52
280,4531,2019,starter,51
280,4531,2020,bench,71
280,4531,2021,starter,37
280,4531,2022,starter,27
280,4531,2023,rotation,20
280,4531,2024,starter,69
106,4532,2020,bench,84
106,4532,2021,rotation,92
106,4532,2022,rotation,67
106,4532,2023,starter,11
293,4532,2024,starter,29
37,4533,2015,bench,37
37,4533,2016,starter,35
37,4533,2017,starter,54
37,4533,2018,starter,24
37,4533,2019,starter,33
37,4533,2020,rotation,57
37,4533,2021,starter,44
63,4534,2023,starter,91
63,4534,2024,rotation,15
252,4535,2015,starter,68
252,4535,2016,starter,94
252,4535,2017,rotation,26
252,4535,2018,starter,49
252,4535,2019,starter,8
252,4535,2020,starter,9
252,4535,2021,starter,38
252,4535,2022,starter,97
252,4535,2023,rotation,13
146,4536,2015,rotation,68
146,4536,2016,bench,56
146,4536,2017,rotation,22
146,4536,2018,bench,5
146,4536,2019,rotation,82
146,4536,2020,rotation,36
146,4536,2021,bench,23
146,4536,2022,starter,90
146,4536,2023,rotation,88
146,4536,2024,starter,98
155,4537,2021,starter,80
155,4537,2022,rotation,21
155,4537,2023,starter,37
155,4537,2024,starter,59
160,4538,2018,rotation,63
330,4538,2019,starter,95
330,4538,2020,starter,84
330,4538,2021,starter,52
330,4538,2022,bench,42
330,4538,2023,rotation,79
175,4538,2024,starter,76
375,4539,2015,starter,1
375,4539,2016,starter,22
375,4539,2017,starter,20
297,4539,2018,rotation,47
297,4539,2019,bench,26
297,4539,2020,starter,84
309,4539,2021,starter,10
309,4539,2022,starter,79
171,4539,2023,starter,44
171,4539,2024,starter,40
280,4540,2015,bench,61
280,4540,2016,starter,87
280,4540,2017,starter,19
280,4540,2018,bench,49
280,4540,2019,starter,26
280,4540,2020,bench,12
280,4540,2021,starter,75
280,4540,2022,rotation,72
280,4540,2023,starter,39
280,4540,2024,rotation,56
63,4541,2019,bench,84
63,4541,2020,starter,36
63,4541,2021,starter,17
63,4541,2022,rotation,44
63,4541,2023,starter,77
63,4541,2024,bench,22
151,4542,2018,starter,72
151,4542,2019,starter,88
177,4542,2020,starter,2
177,4542,2021,starter,65
177,4542,2022,starter,86
177,4542,2023,rotation,6
177,4542,2024,starter,5
74,4543,2020,bench,57
74,4543,2021,starter,12
74,4543,2022,bench,7
74,4543,2023,bench,51
74,4543,2024,rotation,59
291,4544,2016,rotation,72
291,4544,2017,starter,42
291,4544,2018,bench,46
291,4544,2019,starter,87
226,4544,2020,starter,7
226,4544,2021,rotation,76
226,4544,2022,rotation,45
377,4544,2023,starter,26
377,4544,2024,starter,67
16,4545,2023,rotation,66
16,4545,2024,starter,31
360,4546,2015,bench,67
360,4546,2016,rotation,15
136,4546,2017,starter,6
136,4546,2018,starter,3
136,4546,2019,bench,47
136,4546,2020,rotation,53
136,4546,2021,bench,53
136,4546,2022,starter,82
136,4546,2023,starter,93
136,4546,2024,bench,1
159,4547,2023,bench,67
373,4547,2024,starter,84
86,4548,2019,starter,34
86,4548,2020,starter,97
86,4548,2021,starter,87
86,4548,2022,rotation,20
86,4548,2023,bench,5
86,4548,2024,starter,86
333,4549,2024,starter,53
373,4550,2015,rotation,48
373,4550,2016,rotation,19
373,4550,2017,rotation,60
373,4550,2018,starter,68
203,4550,2019,starter,86
203,4550,2020,starter,61
203,4550,2021,bench,16
203,4550,2022,starter,17
203,4550,2023,starter,19
203,4550,2024,starter,57
371,4551,2015,starter,75
371,4551,2016,rotation,16
371,4551,2017,starter,61
371,4551,2018,starter,86
371,4551,2019,rotation,64
371,4551,2020,starter,25
371,4551,2021,starter,7
371,4551,2022,bench,40
371,4551,2023,rotation,34
88,4552,2016,rotation,53
88,4552,2017,starter,80
159,4552,2018,starter,92
159,4552,2019,starter,67
159,4552,2020,starter,30
159,4552,2021,starter,62
159,4552,2022,starter,54
256,4552,2023,rotation,34
256,4552,2024,rotation,8
194,4553,2015,starter,66
156,4553,2016,starter,15
156,4553,2017,starter,64
156,4553,2018,starter,82
156,4553,2019,rotation,74
156,4553,2020,rotation,4
156,4553,2021,bench,6
156,4553,2022,bench,37
156,4553,2023,starter,20
156,4553,2024,rotation,17
316,4554,2020,bench,58
316,4554,2021,starter,19
316,4554,2022,starter,45
316,4554,2023,rotation,97
316,4554,2024,rotation,47
348,4555,2015,rotation,49
348,4555,2016,bench,41
348,4555,2017,starter,72
348,4555,2018,starter,60
348,4555,2019,starter,33
348,4555,2020,starter,34
348,4555,2021,starter,14
348,4555,2022,starter,98
348,4555,2023,starter,14
348,4555,2024,rotation,85
284,4556,2019,starter,38
284,4556,2020,rotation,77
284,4556,2021,rotation,66
284,4556,2022,starter,66
284,4556,2023,starter,20
284,4556,2024,starter,75
344,4557,2015,starter,17
344,4557,2016,starter,9
344,4557,2017,rotation,41
344,4557,2018,rotation,53
344,4557,2019,starter,35
344,4557,2020,starter,81
344,4557,2021,starter,30
344,4557,2022,starter,24
344,4557,2023,starter,13
344,4557,2024,starter,20
138,4559,2015,starter,56
138,4559,2016,starter,95
138,4559,2017,starter,35
138,4559,2018,starter,23
138,4559,2019,starter,22
138,4559,2020,bench,36
138,4559,2021,rotation,3
378,4559,2022,starter,88
378,4559,2023,starter,22
378,4559,2024,starter,56
174,4560,2015,starter,53
174,4560,2016,starter,51
288,4560,2017,starter,19
288,4560,2018,starter,56
288,4560,2019,rotation,29
288,4560,2020,starter,51
288,4560,2021,starter,79
288,4560,2022,starter,27
288,4560,2023,starter,81
312,4560,2024,starter,83
33,4561,2015,rotation,73
33,4561,2016,rotation,40
33,4561,2017,starter,49
33,4561,2018,starter,68
33,4561,2019,starter,68
33,4561,2020,rotation,10
33,4561,2021,starter,18
33,4561,2022,rotation,86
33,4561,2023,rotation,29
214,4561,2024,bench,64
339,4562,2015,starter,56
339,4562,2016,starter,98
339,4562,2017,bench,21
339,4562,2018,bench,60
339,4562,2019,starter,42
233,4562,2020,starter,18
233,4562,2021,starter,62
233,4562,2022,rotation,37
233,4562,2023,starter,92
233,4562,2024,starter,98
126,4563,2015,starter,37
192,4563,2016,starter,7
192,4563,2017,rotation,66
252,4563,2018,starter,45
252,4563,2019,starter,33
252,4563,2020,bench,7
252,4563,2021,bench,78
252,4563,2022,rotation,40
252,4563,2023,starter,13
252,4563,2024,starter,72
293,4564,2015,starter,43
293,4564,2016,starter,72
293,4564,2017,starter,21
265,4564,2018,starter,47
265,4564,2019,starter,62
265,4564,2020,starter,38
265,4564,2021,starter,59
358,4565,2015,starter,52
358,4565,2016,bench,12
358,4565,2017,rotation,3
358,4565,2018,starter,15
358,4565,2019,rotation,9
358,4565,2020,starter,14
358,4565,2021,rotation,45
358,4565,2022,starter,18
358,4565,2023,starter,21
358,4565,2024,bench,28
278,4566,2015,rotation,84
278,4566,2016,starter,29
278,4566,2017,rotation,60
278,4566,2018,rotation,61
332,4566,2019,rotation,22
332,4566,2020,rotation,63
297,4566,2021,starter,29
297,4566,2022,rotation,17
297,4566,2023,bench,81
297,4566,2024,starter,17
114,4568,2015,starter,53
316,4568,2016,rotation,64
316,4568,2017,starter,26
316,4568,2018,starter,96
316,4568,2019,starter,83
316,4568,2020,starter,86
316,4568,2021,bench,55
316,4568,2022,rotation,86
335,4568,2023,starter,36
335,4568,2024,starter,52
249,4569,2015,starter,30
249,4569,2016,starter,13
249,4569,2017,bench,54
249,4569,2018,starter,88
249,4569,2019,starter,32
249,4569,2020,starter,83
249,4569,2021,starter,33
249,4569,2022,starter,30
249,4569,2023,starter,92
249,4569,2024,starter,23
158,4570,2016,rotation,67
158,4570,2017,starter,5
158,4570,2018,starter,27
158,4570,2019,starter,36
158,4570,2020,rotation,94
158,4570,2021,starter,45
158,4570,2022,rotation,2
158,4570,2023,rotation,32
283,4570,2024,starter,59
173,4571,2015,starter,92
173,4571,2016,starter,32
173,4571,2017,starter,3
173,4571,2018,starter,89
173,4571,2019,bench,57
173,4571,2020,bench,35
173,4571,2021,starter,23
173,4571,2022,starter,55
173,4571,2023,starter,26
173,4571,2024,starter,76
375,4572,2023,starter,43
375,4572,2024,starter,61
158,4573,2019,starter,64
158,4573,2020,starter,76
158,4573,2021,starter,8
158,4573,2022,starter,84
216,4573,2023,starter,80
216,4573,2024,starter,88
173,4575,2022,starter,64
173,4575,2023,rotation,56
173,4575,2024,rotation,1
365,4576,2017,starter,93
365,4576,2018,rotation,14
365,4576,2019,starter,25
365,4576,2020,starter,90
326,4576,2021,starter,37
326,4576,2022,starter,96
326,4576,2023,rotation,68
92,4576,2024,starter,84
224,4577,2015,starter,56
224,4577,2016,rotation,77
224,4577,2017,starter,30
224,4577,2018,starter,74
224,4577,2019,starter,51
224,4577,2020,rotation,76
224,4577,2021,rotation,2
224,4577,2022,starter,34
224,4577,2023,starter,1
224,4577,2024,starter,54
199,4579,2018,bench,40
199,4579,2019,starter,13
199,4579,2020,bench,54
199,4579,2021,starter,1
199,4579,2022,bench,88
199,4579,2023,rotation,17
199,4579,2024,rotation,92
325,4580,2015,starter,29
325,4580,2016,bench,48
325,4580,2017,rotation,76
325,4580,2018,starter,96
325,4580,2019,starter,63
325,4580,2020,rotation,58
325,4580,2021,starter,46
325,4580,2022,rotation,89
325,4580,2023,rotation,44
355,4580,2024,bench,21
347,4582,2015,bench,50
347,4582,2016,bench,92
347,4582,2017,rotation,75
49,4582,2018,bench,8
77,4582,2019,starter,84
316,4582,2020,rotation,88
316,4582,2021,starter,61
119,4582,2022,starter,37
119,4582,2023,bench,13
119,4582,2024,bench,93
344,4583,2019,bench,96
344,4583,2020,rotation,54
344,4583,2021,rotation,69
344,4583,2022,rotation,38
344,4583,2023,rotation,52
344,4583,2024,starter,78
354,4584,2015,rotation,41
354,4584,2016,bench,87
354,4584,2017,starter,21
159,4584,2018,starter,70
300,4584,2019,starter,75
300,4584,2020,starter,79
300,4584,2021,starter,82
300,4584,2022,starter,31
144,4585,2015,rotation,18
144,4585,2016,starter,24
144,4585,2017,starter,5
144,4585,2018,bench,66
122,4585,2019,starter,27
122,4585,2020,bench,82
122,4585,2021,rotation,16
122,4585,2022,rotation,27
355,4585,2023,starter,61
355,4585,2024,starter,4
352,4586,2015,starter,81
352,4586,2016,bench,89
352,4586,2017,starter,97
352,4586,2018,starter,59
352,4586,2019,starter,29
346,4586,2020,starter,58
346,4586,2021,starter,65
346,4586,2022,starter,48
346,4586,2023,starter,87
346,4586,2024,starter,21
231,4588,2015,starter,15
231,4588,2016,bench,77
231,4588,2017,starter,50
231,4588,2018,starter,24
231,4588,2019,starter,96
88,4588,2020,starter,78
88,4588,2021,starter,69
88,4588,2022,starter,54
88,4588,2023,rotation,35
88,4588,2024,bench,76
340,4589,2015,bench,61
340,4589,2016,rotation,53
340,4589,2017,bench,98
340,4589,2018,rotation,9
340,4589,2019,starter,82
340,4589,2020,rotation,51
340,4589,2021,starter,85
340,4589,2022,starter,75
340,4589,2023,bench,7
340,4589,2024,bench,47
95,4590,2020,starter,69
95,4590,2021,starter,38
70,4590,2022,starter,44
318,4590,2023,starter,29
318,4590,2024,rotation,79
146,4591,2015,rotation,92
146,4591,2016,starter,14
146,4591,2017,starter,85
146,4591,2018,starter,57
146,4591,2019,starter,45
146,4591,2020,bench,75
146,4591,2021,starter,12
146,4591,2022,starter,61
266,4592,2015,rotation,85
266,4592,2016,starter,13
317,4592,2017,starter,24
380,4592,2018,starter,34
380,4592,2019,starter,19
380,4592,2020,bench,54
380,4592,2021,starter,88
178,4592,2022,starter,3
127,4592,2023,starter,83
127,4592,2024,rotation,52
311,4593,2017,rotation,76
311,4593,2018,starter,58
253,4593,2019,rotation,53
253,4593,2020,starter,84
253,4593,2021,rotation,83
253,4593,2022,starter,35
253,4593,2023,rotation,97
253,4593,2024,starter,91
224,4595,2015,rotation,63
224,4595,2016,starter,73
224,4595,2017,starter,8
224,4595,2018,starter,7
224,4595,2019,bench,11
224,4595,2020,rotation,9
224,4595,2021,bench,33
224,4595,2022,starter,34
224,4595,2023,rotation,67
224,4595,2024,starter,12
299,4597,2015,starter,46
299,4597,2016,starter,92
299,4597,2017,rotation,36
299,4597,2018,starter,54
299,4597,2019,rotation,85
299,4597,2020,starter,13
299,4597,2021,starter,14
299,4597,2022,rotation,16
299,4597,2023,rotation,28
296,4598,2020,rotation,27
296,4598,2021,starter,10
296,4598,2022,starter,10
296,4598,2023,starter,57
296,4598,2024,starter,41
312,4599,2023,bench,26
312,4599,2024,starter,91
225,4600,2018,rotation,76
225,4600,2019,starter,90
225,4600,2020,starter,84
225,4600,2021,bench,75
225,4600,2022,rotation,5
225,4600,2023,rotation,49
225,4600,2024,rotation,30
80,4601,2015,starter,67
80,4601,2016,starter,60
80,4601,2017,bench,15
80,4601,2018,rotation,27
80,4601,2019,starter,74
80,4601,2020,starter,88
80,4601,2021,starter,70
80,4601,2022,starter,93
80,4601,2023,rotation,72
80,4601,2024,starter,93
320,4602,2020,starter,65
320,4602,2021,starter,91
320,4602,2022,bench,96
320,4602,2023,bench,15
12,4602,2024,starter,56
356,4603,2019,rotation,72
356,4603,2020,starter,46
356,4603,2021,starter,74
356,4603,2022,rotation,40
356,4603,2023,starter,71
356,4603,2024,starter,57
278,4604,2022,starter,3
278,4604,2023,starter,50
278,4604,2024,starter,56
123,4605,2022,starter,8
123,4605,2023,rotation,39
123,4605,2024,rotation,8
214,4606,2016,starter,67
214,4606,2017,starter,59
214,4606,2018,bench,36
214,4606,2019,starter,80
214,4606,2020,bench,70
214,4606,2021,starter,68
214,4606,2022,starter,50
214,4606,2023,starter,46
351,4606,2024,starter,7
365,4607,2015,starter,97
365,4607,2016,bench,9
372,4607,2017,rotation,30
372,4607,2018,starter,12
372,4607,2019,starter,78
372,4607,2020,bench,67
372,4607,2021,rotation,37
372,4607,2022,starter,83
339,4607,2023,rotation,49
339,4607,2024,starter,13
375,4608,2016,starter,7
375,4608,2017,bench,5
375,4608,2018,rotation,41
375,4608,2019,rotation,58
375,4608,2020,starter,79
375,4608,2021,starter,47
375,4608,2022,bench,87
375,4608,2023,starter,50
280,4608,2024,starter,59
218,4610,2015,rotation,27
218,4610,2016,starter,6
218,4610,2017,rotation,82
218,4610,2018,starter,24
218,4610,2019,rotation,4
218,4610,2020,rotation,77
218,4610,2021,rotation,81
218,4610,2022,starter,3
218,4610,2023,bench,79
218,4610,2024,starter,36
8,4611,2019,rotation,43
340,4611,2020,starter,16
340,4611,2021,starter,77
340,4611,2022,starter,11
340,4611,2023,bench,25
340,4611,2024,starter,12
173,4612,2015,starter,90
173,4612,2016,starter,86
173,4612,2017,starter,93
173,4612,2018,rotation,86
222,4612,2019,starter,43
222,4612,2020,starter,70
222,4612,2021,rotation,40
222,4612,2022,starter,12
222,4612,2023,rotation,10
222,4612,2024,starter,47
362,4613,2015,starter,9
362,4613,2016,starter,33
362,4613,2017,starter,66
362,4613,2018,starter,85
362,4613,2019,rotation,28
148,4613,2020,starter,57
148,4613,2021,starter,65
148,4613,2022,rotation,17
148,4613,2023,starter,66
302,4614,2021,starter,37
302,4614,2022,starter,15
302,4614,2023,starter,91
302,4614,2024,starter,98
371,4616,2019,starter,72
371,4616,2020,bench,89
371,4616,2021,starter,80
371,4616,2022,bench,80
371,4616,2023,bench,23
56,4616,2024,starter,44
227,4617,2015,starter,16
227,4617,2016,starter,50
315,4617,2017,bench,39
315,4617,2018,starter,50
315,4617,2019,starter,85
315,4617,2020,bench,83
315,4617,2021,starter,71
315,4617,2022,starter,74
203,4617,2023,starter,25
203,4617,2024,starter,73
269,4618,2015,rotation,30
269,4618,2016,starter,53
269,4618,2017,starter,97
269,4618,2018,starter,15
269,4618,2019,rotation,81
269,4618,2020,starter,13
269,4618,2021,rotation,28
20,4618,2022,rotation,67
20,4618,2023,rotation,11
20,4618,2024,starter,56
376,4619,2015,starter,66
376,4619,2016,rotation,26
376,4619,2017,starter,19
376,4619,2018,starter,71
376,4619,2019,starter,66
376,4619,2020,starter,44
80,4619,2021,bench,69
80,4619,2022,rotation,18
80,4619,2023,starter,51
80,4619,2024,starter,97
147,4620,2017,starter,64
147,4620,2018,starter,26
147,4620,2019,starter,55
147,4620,2020,rotation,84
147,4620,2021,bench,66
147,4620,2022,starter,87
147,4620,2023,rotation,17
147,4620,2024,starter,74
250,4621,2016,starter,80
250,4621,2017,bench,3
250,4621,2018,starter,44
250,4621,2019,starter,24
267,4621,2020,starter,22
267,4621,2021,starter,93
267,4621,2022,starter,57
135,4621,2023,starter,98
135,4621,2024,rotation,42
379,4622,2021,starter,33
379,4622,2022,rotation,70
379,4622,2023,starter,44
379,4622,2024,rotation,20
230,4623,2015,bench,77
230,4623,2016,starter,44
230,4623,2017,starter,40
230,4623,2018,starter,20
230,4623,2019,starter,34
313,4623,2020,starter,48
313,4623,2021,starter,36
313,4623,2022,starter,76
313,4623,2023,starter,72
313,4623,2024,rotation,48
148,4624,2015,bench,20
148,4624,2016,starter,59
148,4624,2017,starter,62
148,4624,2018,bench,42
148,4624,2019,starter,48
43,4624,2020,starter,53
43,4624,2021,bench,66
325,4624,2022,bench,49
325,4624,2023,starter,45
365,4624,2024,starter,78
365,4626,2022,starter,20
365,4626,2023,starter,50
365,4626,2024,starter,9
150,4627,2016,starter,82
150,4627,2017,rotation,14
150,4627,2018,rotation,41
150,4627,2019,starter,72
150,4627,2020,starter,85
150,4627,2021,bench,81
150,4627,2022,starter,16
150,4627,2023,rotation,65
150,4627,2024,rotation,16
71,4628,2023,starter,83
71,4628,2024,starter,50
86,4629,2015,starter,6
86,4629,2016,bench,87
86,4629,2017,rotation,60
86,4629,2018,starter,59
86,4629,2019,starter,43
349,4629,2020,starter,98
349,4629,2021,bench,13
349,4629,2022,bench,49
349,4629,2023,starter,72
349,4629,2024,starter,16
104,4631,2015,rotation,18
104,4631,2016,starter,79
104,4631,2017,starter,62
177,4631,2018,starter,19
177,4631,2019,starter,43
177,4631,2020,rotation,88
177,4631,2021,starter,23
177,4631,2022,bench,44
177,4631,2023,starter,37
177,4631,2024,starter,70
148,4632,2017,starter,60
88,4632,2018,bench,46
88,4632,2019,starter,13
358,4632,2020,rotation,67
358,4632,2021,starter,3
358,4632,2022,bench,47
358,4632,2023,starter,7
358,4632,2024,rotation,42
281,4633,2024,starter,27
361,4634,2015,rotation,41
361,4634,2016,rotation,9
361,4634,2017,starter,90
230,4634,2018,starter,48
142,4634,2019,starter,76
142,4634,2020,rotation,8
142,4634,2021,rotation,57
142,4634,2022,rotation,94
142,4634,2023,rotation,45
142,4634,2024,bench,65
357,4635,2024,rotation,26
286,4636,2015,starter,57
276,4636,2016,rotation,88
276,4636,2017,rotation,98
276,4636,2018,rotation,50
356,4636,2019,starter,37
356,4636,2020,starter,41
356,4636,2021,rotation,23
356,4636,2022,starter,58
356,4636,2023,rotation,49
356,4636,2024,rotation,2
358,4637,2021,starter,68
358,4637,2022,starter,53
346,4637,2023,bench,17
346,4637,2024,starter,34
307,4638,2017,rotation,49
252,4638,2018,starter,96
252,4638,2019,bench,86
252,4638,2020,starter,93
252,4638,2021,rotation,66
333,4638,2022,rotation,58
333,4638,2023,starter,37
333,4638,2024,rotation,3
82,4639,2015,rotation,83
82,4639,2016,starter,29
82,4639,2017,starter,73
82,4639,2018,starter,95
82,4639,2019,starter,52
82,4639,2020,starter,92
82,4639,2021,starter,6
257,4639,2022,starter,77
257,4639,2023,rotation,31
257,4639,2024,starter,74
344,4641,2015,starter,94
344,4641,2016,starter,53
344,4641,2017,starter,13
344,4641,2018,starter,47
344,4641,2019,starter,73
344,4641,2020,starter,21
344,4641,2021,starter,89
345,4641,2022,rotation,11
345,4641,2023,starter,87
345,4641,2024,starter,71
378,4642,2024,starter,11
118,4643,2015,starter,88
118,4643,2016,starter,25
118,4643,2017,starter,2
118,4643,2018,starter,61
118,4643,2019,rotation,76
118,4643,2020,starter,88
118,4643,2021,starter,16
118,4643,2022,rotation,97
96,4643,2023,starter,39
96,4643,2024,rotation,87
345,4644,2015,rotation,27
345,4644,2016,starter,47
345,4644,2017,starter,82
345,4644,2018,starter,86
345,4644,2019,rotation,28
4,4645,2020,bench,83
4,4645,2021,rotation,79
4,4645,2022,starter,13
4,4645,2023,rotation,3
4,4645,2024,rotation,51
205,4646,2015,starter,79
205,4646,2016,rotation,12
205,4646,2017,starter,8
205,4646,2018,starter,53
205,4646,2019,rotation,67
205,4646,2020,starter,45
274,4646,2021,starter,76
150,4646,2022,starter,30
150,4646,2023,starter,7
150,4646,2024,rotation,48
12,4647,2021,starter,2
12,4647,2022,starter,25
12,4647,2023,starter,79
12,4647,2024,rotation,90
323,4648,2020,bench,1
323,4648,2021,rotation,70
374,4648,2022,rotation,15
374,4648,2023,starter,89
374,4648,2024,bench,24
262,4649,2015,bench,31
262,4649,2016,starter,91
262,4649,2017,starter,91
221,4649,2018,starter,18
156,4649,2019,starter,85
156,4649,2020,starter,5
359,4649,2021,bench,41
169,4650,2022,starter,26
169,4650,2023,starter,48
169,4650,2024,starter,89
322,4651,2015,starter,3
322,4651,2016,starter,50
322,4651,2017,rotation,7
322,4651,2018,starter,25
322,4651,2019,rotation,48
322,4651,2020,starter,43
322,4651,2021,starter,32
322,4651,2022,rotation,64
322,4651,2023,starter,12
322,4651,2024,bench,80
49,4652,2023,starter,20
49,4652,2024,rotation,54
119,4653,2024,starter,48
377,4655,2019,rotation,28
377,4655,2020,starter,82
377,4655,2021,rotation,26
377,4655,2022,bench,98
377,4655,2023,rotation,46
377,4655,2024,starter,28
322,4656,2015,rotation,75
322,4656,2016,starter,31
322,4656,2017,starter,61
219,4656,2018,starter,55
219,4656,2019,starter,42
347,4656,2020,starter,3
347,4656,2021,starter,16
296,4656,2022,starter,79
345,4656,2023,starter,68
345,4656,2024,rotation,40
168,4658,2015,starter,78
168,4658,2016,bench,28
168,4658,2017,rotation,79
168,4658,2018,starter,96
168,4658,2019,starter,40
168,4658,2020,starter,14
168,4658,2021,rotation,16
168,4658,2022,starter,51
168,4658,2023,rotation,38
168,4658,2024,starter,42
29,4660,2017,bench,82
41,4660,2018,starter,72
351,4660,2019,starter,79
351,4660,2020,bench,85
351,4660,2021,bench,83
351,4660,2022,bench,52
351,4660,2023,starter,89
351,4660,2024,starter,61
372,4661,2015,rotation,66
372,4661,2016,bench,20
372,4661,2017,starter,5
372,4661,2018,starter,58
372,4661,2019,starter,19
105,4661,2020,starter,79
105,4661,2021,starter,11
105,4661,2022,starter,67
105,4661,2023,starter,37
105,4661,2024,rotation,15
347,4662,2015,starter,30
347,4662,2016,rotation,18
347,4662,2017,bench,71
347,4662,2018,rotation,87
347,4662,2019,starter,71
136,4662,2020,starter,67
136,4662,2021,starter,30
136,4662,2022,starter,48
136,4662,2023,bench,95
136,4662,2024,rotation,65
302,4663,2015,rotation,89
302,4663,2016,bench,29
302,4663,2017,starter,60
302,4663,2018,rotation,87
360,4663,2019,rotation,15
360,4663,2020,starter,87
278,4663,2021,starter,10
278,4663,2022,rotation,19
278,4663,2023,starter,44
278,4663,2024,bench,64
207,4664,2015,starter,8
207,4664,2016,rotation,38
207,4664,2017,starter,46
207,4664,2018,starter,92
207,4664,2019,starter,29
207,4664,2020,starter,35
207,4664,2021,starter,23
207,4664,2022,rotation,2
207,4664,2023,rotation,47
207,4664,2024,bench,63
10,4665,2015,bench,75
10,4665,2016,starter,80
10,4665,2017,rotation,21
10,4665,2018,bench,44
10,4665,2019,starter,77
10,4665,2020,starter,34
230,4665,2021,starter,1
230,4665,2022,starter,77
130,4665,2023,starter,73
130,4665,2024,starter,27
45,4667,2015,starter,61
158,4667,2016,rotation,51
158,4667,2017,starter,81
158,4667,2018,starter,58
158,4667,2019,starter,7
158,4667,2020,starter,17
158,4667,2021,rotation,37
158,4667,2022,starter,64
158,4667,2023,bench,17
158,4667,2024,bench,75
116,4668,2015,starter,93
116,4668,2016,rotation,17
116,4668,2017,rotation,6
358,4668,2018,rotation,81
358,4668,2019,bench,37
358,4668,2020,rotation,78
358,4668,2021,starter,58
358,4668,2022,starter,67
358,4668,2023,starter,29
208,4669,2022,starter,42
208,4669,2023,rotation,49
208,4669,2024,bench,4
261,4670,2017,starter,20
261,4670,2018,starter,38
261,4670,2019,rotation,38
261,4670,2020,bench,2
261,4670,2021,rotation,4
261,4670,2022,rotation,26
222,4670,2023,starter,7
222,4670,2024,bench,69
153,4671,2022,starter,2
153,4671,2023,starter,22
153,4671,2024,rotation,64
337,4673,2021,rotation,24
337,4673,2022,starter,67
340,4673,2023,starter,28
347,4673,2024,starter,48
343,4674,2015,starter,1
343,4674,2016,bench,61
343,4674,2017,bench,78
343,4674,2018,starter,42
343,4674,2019,starter,51
343,4674,2020,bench,22
353,4674,2021,starter,71
353,4674,2022,starter,34
353,4674,2023,starter,40
353,4674,2024,starter,38
177,4675,2022,rotation,58
177,4675,2023,starter,70
177,4675,2024,starter,5
310,4676,2016,starter,7
310,4676,2017,rotation,26
310,4676,2018,rotation,39
162,4676,2019,rotation,39
162,4676,2020,bench,94
162,4676,2021,starter,13
162,4676,2022,starter,59
162,4676,2023,rotation,47
162,4676,2024,starter,34
310,4677,2017,starter,29
310,4677,2018,starter,81
310,4677,2019,starter,59
298,4677,2020,starter,39
298,4677,2021,rotation,5
298,4677,2022,starter,44
298,4677,2023,rotation,63
298,4677,2024,rotation,75
261,4678,2022,rotation,2
261,4678,2023,starter,53
261,4678,2024,starter,30
371,4679,2015,starter,33
119,4679,2016,starter,70
119,4679,2017,starter,13
119,4679,2018,rotation,49
119,4679,2019,rotation,66
119,4679,2020,starter,74
119,4679,2021,starter,90
119,4679,2022,rotation,53
119,4679,2023,bench,1
119,4679,2024,bench,89
157,4680,2021,starter,29
157,4680,2022,bench,86
157,4680,2023,starter,16
157,4680,2024,rotation,40
53,4681,2015,starter,42
53,4681,2016,starter,33
53,4681,2017,starter,47
53,4681,2018,rotation,92
53,4681,2019,starter,33
53,4681,2020,starter,23
53,4681,2021,starter,52
53,4681,2022,bench,91
53,4681,2023,bench,17
53,4681,2024,rotation,24
64,4682,2015,rotation,92
64,4682,2016,starter,17
137,4682,2017,starter,18
137,4682,2018,starter,84
137,4682,2019,starter,59
137,4682,2020,starter,37
137,4682,2021,starter,16
137,4682,2022,starter,55
137,4682,2023,starter,33
52,4682,2024,starter,87
163,4683,2015,rotation,89
163,4683,2016,starter,40
163,4683,2017,starter,91
8,4683,2018,starter,13
8,4683,2019,rotation,59
8,4683,2020,starter,40
8,4683,2021,rotation,28
8,4683,2022,starter,25
8,4683,2023,starter,12
8,4683,2024,starter,93
123,4684,2015,starter,43
123,4684,2016,rotation,78
123,4684,2017,rotation,27
123,4684,2018,starter,28
123,4684,2019,rotation,8
123,4684,2020,rotation,9
123,4684,2021,rotation,16
123,4684,2022,rotation,82
123,4684,2023,starter,77
123,4684,2024,starter,34
177,4685,2015,starter,89
177,4685,2016,bench,78
177,4685,2017,rotation,98
177,4685,2018,starter,76
177,4685,2019,rotation,95
309,4685,2020,starter,9
309,4685,2021,bench,32
309,4685,2022,starter,84
309,4685,2023,rotation,52
309,4685,2024,rotation,43
329,4686,2015,bench,32
329,4686,2016,starter,11
329,4686,2017,rotation,73
329,4686,2018,bench,38
329,4686,2019,bench,25
329,4686,2020,bench,32
329,4686,2021,starter,36
270,4686,2022,starter,82
270,4686,2023,starter,77
270,4686,2024,rotation,81
365,4688,2015,starter,16
365,4688,2016,starter,62
365,4688,2017,starter,72
365,4688,2018,starter,23
365,4688,2019,starter,5
365,4688,2020,starter,65
250,4688,2021,rotation,3
250,4688,2022,rotation,77
250,4688,2023,starter,35
250,4688,2024,starter,47
103,4689,2016,starter,30
103,4689,2017,rotation,13
103,4689,2018,starter,94
103,4689,2019,starter,1
103,4689,2020,starter,44
103,4689,2021,starter,37
103,4689,2022,bench,72
103,4689,2023,starter,35
103,4689,2024,starter,83
193,4690,2016,starter,67
193,4690,2017,rotation,74
193,4690,2018,bench,82
193,4690,2019,starter,2
193,4690,2020,bench,54
193,4690,2021,starter,75
193,4690,2022,rotation,83
193,4690,2023,bench,36
193,4690,2024,starter,51
200,4691,2015,starter,33
200,4691,2016,rotation,54
200,4691,2017,starter,33
179,4691,2018,rotation,53
179,4691,2019,starter,12
80,4691,2020,starter,3
80,4691,2021,starter,92
80,4691,2022,rotation,29
80,4691,2023,starter,60
80,4691,2024,rotation,11
243,4692,2023,starter,66
243,4692,2024,rotation,54
250,4693,2015,rotation,10
250,4693,2016,starter,77
250,4693,2017,starter,4
250,4693,2018,bench,48
250,4693,2019,rotation,12
250,4693,2020,bench,70
250,4693,2021,starter,34
202,4693,2022,bench,28
202,4693,2023,starter,43
202,4693,2024,starter,38
354,4694,2015,starter,73
354,4694,2016,starter,37
354,4694,2017,starter,15
354,4694,2018,rotation,28
351,4694,2019,starter,51
351,4694,2020,starter,70
351,4694,2021,starter,45
351,4694,2022,bench,67
351,4694,2023,rotation,19
351,4694,2024,starter,8
373,4695,2015,starter,75
373,4695,2016,bench,1
203,4695,2017,rotation,70
203,4695,2018,starter,59
203,4695,2019,rotation,80
203,4695,2020,starter,98
203,4695,2021,rotation,3
268,4695,2022,starter,20
199,4696,2015,starter,15
199,4696,2016,starter,97
199,4696,2017,starter,68
199,4696,2018,rotation,1
199,4696,2019,rotation,13
199,4696,2020,rotation,40
199,4696,2021,starter,61
160,4697,2024,bench,65
327,4698,2015,starter,93
327,4698,2016,rotation,65
295,4698,2017,rotation,91
295,4698,2018,bench,61
295,4698,2019,starter,59
318,4698,2020,rotation,9
318,4698,2021,starter,28
318,4698,2022,starter,97
318,4698,2023,starter,62
318,4698,2024,rotation,63
360,4699,2015,starter,11
87,4699,2016,rotation,67
87,4699,2017,starter,41
87,4699,2018,starter,18
363,4699,2019,rotation,60
362,4700,2015,bench,97
362,4700,2016,rotation,19
362,4700,2017,starter,50
362,4700,2018,starter,48
362,4700,2019,bench,46
362,4700,2020,starter,13
362,4700,2021,starter,58
362,4700,2022,starter,34
362,4700,2023,starter,13
362,4700,2024,starter,30
45,4701,2015,rotation,24
107,4701,2016,bench,84
107,4701,2017,rotation,10
107,4701,2018,rotation,27
107,4701,2019,starter,34
107,4701,2020,bench,88
107,4701,2021,rotation,16
107,4701,2022,starter,74
107,4701,2023,rotation,7
107,4701,2024,starter,23
312,4703,2015,starter,38
312,4703,2016,bench,88
312,4703,2017,starter,73
312,4703,2018,starter,6
312,4703,2019,starter,81
312,4703,2020,starter,79
312,4703,2021,starter,49
312,4703,2022,rotation,36
312,4703,2023,starter,68
312,4703,2024,rotation,86
60,4704,2015,rotation,75
60,4704,2016,rotation,29
60,4704,2017,starter,67
288,4704,2018,starter,39
288,4704,2019,starter,14
288,4704,2020,starter,26
288,4704,2021,bench,17
288,4704,2022,rotation,78
288,4704,2023,starter,23
288,4704,2024,starter,46
157,4706,2015,starter,84
157,4706,2016,starter,3
157,4706,2017,starter,4
157,4706,2018,starter,75
157,4706,2019,bench,87
157,4706,2020,bench,49
289,4706,2021,starter,31
289,4706,2022,starter,21
289,4706,2023,starter,97
289,4706,2024,starter,35
246,4707,2015,bench,94
186,4707,2016,starter,67
186,4707,2017,bench,84
186,4707,2018,starter,63
186,4707,2019,rotation,83
186,4707,2020,starter,4
356,4707,2021,rotation,52
356,4707,2022,rotation,86
356,4707,2023,bench,83
356,4707,2024,starter,51
236,4709,2015,starter,85
236,4709,2016,bench,37
236,4709,2017,rotation,15
236,4709,2018,starter,67
236,4709,2019,bench,4
236,4709,2020,starter,40
69,4709,2021,starter,53
69,4709,2022,starter,20
69,4709,2023,rotation,8
69,4709,2024,rotation,74
223,4710,2017,starter,45
223,4710,2018,starter,61
223,4710,2019,starter,16
223,4710,2020,starter,86
223,4710,2021,rotation,96
223,4710,2022,bench,2
223,4710,2023,rotation,57
223,4710,2024,starter,35
302,4712,2024,starter,80
56,4713,2019,starter,49
56,4713,2020,rotation,82
56,4713,2021,starter,44
56,4713,2022,rotation,97
56,4713,2023,starter,19
56,4713,2024,bench,38
150,4714,2020,starter,65
150,4714,2021,starter,41
150,4714,2022,starter,32
182,4714,2023,rotation,86
182,4714,2024,starter,21
200,4715,2023,rotation,15
359,4715,2024,starter,11
151,4716,2015,starter,85
151,4716,2016,starter,60
311,4716,2017,bench,82
328,4716,2018,rotation,27
328,4716,2019,rotation,98
328,4716,2020,bench,40
328,4716,2021,starter,25
328,4716,2022,rotation,78
144,4716,2023,starter,70
366,4716,2024,starter,68
37,4717,2021,rotation,93
37,4717,2022,starter,30
37,4717,2023,starter,73
37,4717,2024,starter,66
278,4718,2018,bench,64
278,4718,2019,starter,84
278,4718,2020,rotation,54
278,4718,2021,bench,13
278,4718,2022,bench,68
278,4718,2023,starter,27
304,4718,2024,starter,98
302,4719,2015,bench,43
302,4719,2016,bench,39
302,4719,2017,bench,26
302,4719,2018,starter,77
302,4719,2019,starter,83
302,4719,2020,starter,11
302,4719,2021,starter,27
190,4720,2016,starter,86
190,4720,2017,starter,68
190,4720,2018,rotation,22
190,4720,2019,starter,70
190,4720,2020,bench,86
190,4720,2021,rotation,94
190,4720,2022,starter,46
190,4720,2023,starter,67
190,4720,2024,starter,6
23,4721,2020,rotation,6
23,4721,2021,starter,68
23,4721,2022,rotation,84
82,4721,2023,rotation,24
82,4721,2024,starter,15
94,4722,2024,starter,65
229,4724,2022,rotation,38
89,4724,2023,rotation,92
89,4724,2024,rotation,46
334,4725,2015,bench,32
334,4725,2016,starter,54
334,4725,2017,starter,21
326,4725,2018,rotation,16
326,4725,2019,starter,15
326,4725,2020,rotation,4
3,4726,2019,starter,73
179,4726,2020,starter,41
179,4726,2021,starter,97
179,4726,2022,starter,7
179,4726,2023,starter,43
179,4726,2024,starter,15
324,4727,2015,starter,46
324,4727,2016,starter,46
324,4727,2017,starter,85
324,4727,2018,bench,25
324,4727,2019,starter,23
340,4727,2020,starter,26
340,4727,2021,starter,12
340,4727,2022,rotation,18
340,4727,2023,starter,91
23,4728,2015,rotation,68
23,4728,2016,starter,86
23,4728,2017,rotation,40
23,4728,2018,rotation,75
23,4728,2019,starter,14
23,4728,2020,starter,97
23,4728,2021,rotation,41
23,4728,2022,bench,46
23,4728,2023,starter,66
23,4728,2024,starter,12
298,4729,2015,starter,89
298,4729,2016,rotation,32
298,4729,2017,starter,8
298,4729,2018,bench,34
339,4729,2019,starter,67
339,4729,2020,starter,12
339,4729,2021,rotation,39
97,4729,2022,starter,39
97,4729,2023,starter,75
97,4729,2024,starter,56
155,4730,2015,bench,73
155,4730,2016,starter,22
155,4730,2017,starter,49
137,4730,2018,starter,68
137,4730,2019,starter,6
137,4730,2020,bench,77
146,4730,2021,rotation,39
146,4730,2022,bench,70
146,4730,2023,starter,20
146,4730,2024,starter,24
304,4731,2015,starter,33
304,4731,2016,bench,59
304,4731,2017,bench,90
304,4731,2018,starter,88
304,4731,2019,rotation,86
304,4731,2020,starter,34
304,4731,2021,bench,58
304,4731,2022,starter,54
304,4731,2023,starter,53
304,4731,2024,starter,92
305,4732,2021,rotation,50
305,4732,2022,starter,4
305,4732,2023,starter,25
305,4732,2024,starter,92
211,4733,2020,rotation,9
142,4733,2021,rotation,63
142,4733,2022,starter,88
142,4733,2023,rotation,28
142,4733,2024,bench,23
323,4734,2020,starter,31
323,4734,2021,rotation,16
323,4734,2022,starter,26
323,4734,2023,starter,61
323,4734,2024,starter,13
315,4735,2024,starter,50
147,4737,2015,starter,70
147,4737,2016,starter,27
147,4737,2017,starter,48
147,4737,2018,starter,53
147,4737,2019,starter,29
147,4737,2020,starter,71
359,4737,2021,starter,63
124,4737,2022,bench,5
124,4737,2023,starter,75
124,4737,2024,rotation,35
149,4738,2015,starter,2
149,4738,2016,starter,29
149,4738,2017,rotation,40
149,4738,2018,starter,76
149,4738,2019,starter,63
149,4738,2020,starter,24
149,4738,2021,rotation,28
149,4738,2022,rotation,31
149,4738,2023,starter,24
149,4738,2024,starter,51
109,4740,2015,starter,17
109,4740,2016,rotation,98
109,4740,2017,starter,81
109,4740,2018,starter,72
109,4740,2019,starter,82
161,4740,2020,starter,7
161,4740,2021,starter,31
161,4740,2022,starter,76
310,4741,2015,starter,22
310,4741,2016,starter,78
310,4741,2017,rotation,11
310,4741,2018,rotation,71
310,4741,2019,bench,82
310,4741,2020,starter,49
310,4741,2021,starter,22
177,4742,2017,bench,39
177,4742,2018,starter,98
177,4742,2019,starter,54
177,4742,2020,starter,11
177,4742,2021,bench,42
177,4742,2022,rotation,74
177,4742,2023,starter,51
177,4742,2024,rotation,94
63,4743,2015,starter,66
63,4743,2016,starter,50
63,4743,2017,starter,72
63,4743,2018,bench,80
63,4743,2019,starter,33
63,4743,2020,starter,68
63,4743,2021,rotation,38
63,4743,2022,starter,22
214,4743,2023,starter,2
214,4743,2024,starter,94
65,4744,2015,starter,11
65,4744,2016,starter,81
351,4744,2017,starter,64
351,4744,2018,bench,93
351,4744,2019,starter,90
351,4744,2020,rotation,34
351,4744,2021,bench,29
351,4744,2022,starter,77
351,4744,2023,starter,12
71,4744,2024,bench,16
331,4745,2018,bench,11
331,4745,2019,starter,20
331,4745,2020,starter,1
331,4745,2021,rotation,70
331,4745,2022,bench,2
331,4745,2023,bench,80
331,4745,2024,starter,57
298,4746,2015,rotation,56
298,4746,2016,starter,19
298,4746,2017,rotation,7
184,4746,2018,bench,14
184,4746,2019,starter,69
184,4746,2020,starter,66
184,4746,2021,starter,28
148,4746,2022,bench,60
148,4746,2023,rotation,52
184,4747,2017,starter,53
184,4747,2018,rotation,52
184,4747,2019,rotation,91
184,4747,2020,starter,22
184,4747,2021,starter,72
184,4747,2022,starter,31
184,4747,2023,starter,60
184,4747,2024,rotation,31
322,4748,2015,starter,45
322,4748,2016,starter,55
322,4748,2017,rotation,3
322,4748,2018,starter,32
322,4748,2019,starter,92
322,4748,2020,starter,24
134,4749,2015,starter,49
134,4749,2016,starter,35
134,4749,2017,rotation,69
134,4749,2018,starter,67
134,4749,2019,starter,3
134,4749,2020,bench,30
134,4749,2021,starter,25
134,4749,2022,starter,5
134,4749,2023,starter,62
134,4749,2024,starter,38
315,4750,2015,starter,67
300,4750,2016,rotation,13
300,4750,2017,starter,2
300,4750,2018,rotation,52
300,4750,2019,rotation,92
300,4750,2020,starter,27
300,4750,2021,starter,47
300,4750,2022,rotation,93
311,4750,2023,starter,85
311,4750,2024,bench,91
238,4752,2024,starter,49
335,4753,2022,starter,24
335,4753,2023,rotation,76
335,4753,2024,starter,8
7,4754,2020,starter,49
7,4754,2021,starter,70
7,4754,2022,bench,86
241,4754,2023,starter,53
241,4754,2024,bench,12
349,4755,2017,rotation,20
195,4755,2018,starter,92
195,4755,2019,bench,75
269,4755,2020,starter,39
269,4755,2021,starter,84
269,4755,2022,starter,31
200,4755,2023,starter,60
200,4755,2024,starter,73
351,4756,2017,starter,68
351,4756,2018,starter,22
351,4756,2019,starter,6
351,4756,2020,starter,97
351,4756,2021,bench,23
351,4756,2022,rotation,26
351,4756,2023,starter,71
351,4756,2024,rotation,39
201,4757,2015,starter,61
201,4757,2016,starter,42
201,4757,2017,rotation,20
201,4757,2018,starter,36
201,4757,2019,starter,35
201,4757,2020,bench,20
201,4757,2021,starter,23
201,4757,2022,bench,59
348,4757,2023,rotation,94
348,4757,2024,rotation,57
375,4758,2015,starter,3
375,4758,2016,starter,75
375,4758,2017,starter,48
375,4758,2018,starter,61
375,4758,2019,rotation,55
375,4758,2020,starter,93
375,4758,2021,starter,39
83,4758,2022,rotation,92
83,4758,2023,starter,26
83,4758,2024,rotation,83
274,4759,2015,starter,58
274,4759,2016,rotation,79
274,4759,2017,rotation,7
274,4759,2018,starter,87
274,4759,2019,rotation,77
274,4759,2020,rotation,4
274,4759,2021,starter,15
274,4759,2022,starter,16
167,4759,2023,starter,18
167,4759,2024,bench,88
243,4760,2015,starter,32
243,4760,2016,rotation,11
243,4760,2017,starter,65
243,4760,2018,starter,2
243,4760,2019,starter,37
243,4760,2020,starter,15
243,4760,2021,rotation,93
243,4760,2022,starter,44
243,4760,2023,starter,16
240,4760,2024,starter,39
312,4761,2015,rotation,71
312,4761,2016,starter,76
62,4761,2017,starter,40
62,4761,2018,bench,98
62,4761,2019,starter,22
62,4761,2020,bench,83
62,4761,2021,starter,26
62,4761,2022,starter,70
62,4761,2023,starter,93
62,4761,2024,bench,18
313,4762,2015,rotation,63
313,4762,2016,rotation,93
313,4762,2017,starter,19
313,4762,2018,starter,22
313,4762,2019,starter,17
313,4762,2020,rotation,33
313,4762,2021,rotation,1
313,4762,2022,starter,93
34,4762,2023,starter,52
34,4762,2024,starter,43
269,4764,2015,starter,10
269,4764,2016,starter,58
269,4764,2017,bench,66
269,4764,2018,starter,76
269,4764,2019,rotation,75
269,4764,2020,starter,54
269,4764,2021,starter,76
269,4764,2022,bench,20
269,4764,2023,rotation,50
283,4764,2024,starter,95
154,4765,2015,starter,15
154,4765,2016,starter,7
154,4765,2017,bench,84
154,4765,2018,starter,91
154,4765,2019,rotation,87
355,4765,2020,starter,7
214,4765,2021,rotation,76
237,4765,2022,bench,26
237,4765,2023,rotation,81
237,4765,2024,bench,1
189,4766,2015,starter,32
173,4766,2016,starter,65
173,4766,2017,rotation,73
173,4766,2018,rotation,88
173,4766,2019,starter,89
173,4766,2020,starter,87
173,4766,2021,starter,87
173,4766,2022,starter,97
377,4768,2015,starter,12
377,4768,2016,starter,57
377,4768,2017,starter,96
380,4768,2018,starter,83
380,4768,2019,starter,18
380,4768,2020,starter,82
380,4768,2021,bench,82
380,4768,2022,starter,96
380,4768,2023,starter,88
380,4768,2024,starter,13
225,4769,2016,starter,89
225,4769,2017,starter,11
225,4769,2018,starter,32
225,4769,2019,starter,93
225,4769,2020,starter,21
225,4769,2021,rotation,39
225,4769,2022,starter,12
225,4769,2023,bench,77
225,4769,2024,bench,46
179,4770,2017,starter,58
179,4770,2018,bench,57
166,4770,2019,bench,9
166,4770,2020,starter,95
166,4770,2021,starter,58
238,4770,2022,bench,74
238,4770,2023,rotation,20
238,4770,2024,starter,39
239,4771,2024,starter,79
133,4772,2016,starter,49
133,4772,2017,starter,87
133,4772,2018,rotation,95
133,4772,2019,bench,21
133,4772,2020,rotation,74
133,4772,2021,starter,91
24,4772,2022,starter,45
24,4772,2023,bench,25
24,4772,2024,starter,11
251,4774,2015,starter,50
251,4774,2016,starter,14
251,4774,2017,rotation,13
251,4774,2018,rotation,85
251,4774,2019,starter,59
114,4776,2016,bench,28
116,4776,2017,rotation,77
116,4776,2018,bench,44
116,4776,2019,rotation,24
116,4776,2020,rotation,97
116,4776,2021,rotation,57
116,4776,2022,rotation,55
116,4776,2023,bench,94
116,4776,2024,starter,73
363,4777,2015,rotation,12
363,4777,2016,starter,56
363,4777,2017,starter,98
363,4777,2018,rotation,75
241,4777,2019,starter,17
241,4777,2020,bench,47
241,4777,2021,starter,54
241,4777,2022,bench,40
241,4777,2023,starter,16
241,4777,2024,rotation,67
348,4778,2015,rotation,2
348,4778,2016,starter,7
348,4778,2017,starter,96
348,4778,2018,rotation,53
348,4778,2019,starter,25
348,4778,2020,bench,73
348,4778,2021,rotation,67
118,4778,2022,rotation,52
118,4778,2023,rotation,14
118,4778,2024,rotation,12
224,4779,2015,starter,80
224,4779,2016,rotation,21
224,4779,2017,starter,61
224,4779,2018,starter,8
224,4779,2019,starter,87
224,4779,2020,rotation,65
220,4779,2021,rotation,70
220,4779,2022,starter,25
220,4779,2023,bench,32
220,4779,2024,starter,40
267,4780,2015,bench,29
267,4780,2016,starter,61
267,4780,2017,starter,17
267,4780,2018,bench,33
283,4780,2019,bench,68
283,4780,2020,starter,73
363,4780,2021,rotation,14
363,4780,2022,starter,6
363,4780,2023,bench,90
52,4780,2024,starter,50
346,4782,2018,starter,37
346,4782,2019,rotation,41
346,4782,2020,starter,7
346,4782,2021,starter,98
346,4782,2022,rotation,26
346,4782,2023,rotation,78
346,4782,2024,rotation,8
259,4784,2017,starter,23
259,4784,2018,rotation,62
259,4784,2019,starter,44
259,4784,2020,bench,63
259,4784,2021,rotation,41
259,4784,2022,starter,87
238,4784,2023,rotation,79
238,4784,2024,bench,70
363,4786,2015,rotation,34
363,4786,2016,starter,2
363,4786,2017,bench,56
363,4786,2018,rotation,2
363,4786,2019,rotation,42
363,4786,2020,starter,60
161,4786,2021,starter,31
161,4786,2022,starter,27
161,4786,2023,starter,26
161,4786,2024,starter,76
368,4787,2015,starter,64
368,4787,2016,starter,93
368,4787,2017,starter,45
368,4787,2018,starter,33
368,4787,2019,starter,73
368,4787,2020,bench,92
368,4787,2021,starter,98
368,4787,2022,starter,65
368,4787,2023,starter,51
114,4787,2024,starter,62
331,4788,2015,starter,17
331,4788,2016,starter,58
147,4788,2017,starter,72
147,4788,2018,starter,68
147,4788,2019,rotation,95
147,4788,2020,starter,34
378,4788,2021,starter,36
378,4788,2022,starter,68
378,4788,2023,rotation,40
378,4788,2024,starter,90
152,4789,2015,starter,88
152,4789,2016,starter,41
232,4789,2017,starter,81
232,4789,2018,starter,23
172,4789,2019,starter,36
172,4789,2020,bench,83
172,4789,2021,starter,30
172,4789,2022,starter,82
257,4789,2023,starter,88
320,4790,2018,starter,20
320,4790,2019,starter,3
320,4790,2020,rotation,18
320,4790,2021,starter,24
320,4790,2022,rotation,80
320,4790,2023,starter,5
25,4790,2024,starter,50
245,4792,2015,rotation,41
94,4792,2016,starter,45
94,4792,2017,starter,27
94,4792,2018,starter,6
94,4792,2019,starter,89
359,4792,2020,starter,56
359,4792,2021,rotation,19
359,4792,2022,starter,15
359,4792,2023,starter,24
359,4792,2024,starter,22
122,4794,2018,starter,58
122,4794,2019,starter,74
122,4794,2020,starter,35
122,4794,2021,starter,89
122,4794,2022,starter,33
4,4794,2023,starter,86
4,4794,2024,bench,56
106,4795,2015,starter,25
106,4795,2016,starter,89
106,4795,2017,starter,65
106,4795,2018,starter,83
56,4795,2019,bench,58
56,4795,2020,starter,72
56,4795,2021,starter,91
56,4795,2022,starter,98
56,4795,2023,rotation,85
56,4795,2024,starter,36
39,4797,2015,bench,15
39,4797,2016,starter,19
215,4797,2017,starter,18
215,4797,2018,starter,97
215,4797,2019,starter,63
282,4797,2020,starter,34
321,4797,2021,starter,42
349,4797,2022,starter,5
349,4797,2023,starter,47
349,4797,2024,rotation,83
17,4798,2015,bench,75
17,4798,2016,starter,92
17,4798,2017,rotation,71
17,4798,2018,bench,70
17,4798,2019,starter,90
17,4798,2020,rotation,10
17,4798,2021,rotation,59
17,4798,2022,rotation,4
17,4798,2023,starter,21
17,4798,2024,starter,66
297,4799,2015,starter,33
88,4799,2016,starter,13
88,4799,2017,starter,78
222,4799,2018,bench,47
222,4799,2019,starter,76
222,4799,2020,rotation,24
189,4799,2021,starter,10
189,4799,2022,bench,36
368,4799,2023,starter,37
368,4799,2024,starter,37
202,4800,2015,starter,68
202,4800,2016,bench,44
202,4800,2017,bench,31
202,4800,2018,starter,95
230,4800,2019,rotation,73
230,4800,2020,starter,41
230,4800,2021,starter,85
230,4800,2022,starter,41
230,4800,2023,rotation,14
230,4800,2024,starter,48
294,4801,2015,starter,23
294,4801,2016,bench,7
294,4801,2017,starter,16
294,4801,2018,starter,15
294,4801,2019,starter,14
294,4801,2020,starter,16
294,4801,2021,starter,24
294,4801,2022,starter,84
294,4801,2023,starter,42
294,4801,2024,bench,42
182,4802,2015,starter,82
277,4802,2016,bench,26
277,4802,2017,rotation,16
277,4802,2018,starter,5
277,4802,2019,starter,68
277,4802,2020,starter,77
277,4802,2021,starter,19
85,4803,2015,starter,36
85,4803,2016,starter,97
85,4803,2017,rotation,19
85,4803,2018,starter,2
85,4803,2019,starter,42
85,4803,2020,starter,21
85,4803,2021,starter,18
85,4803,2022,starter,93
85,4803,2023,starter,86
79,4803,2024,starter,72
179,4804,2019,bench,11
179,4804,2020,bench,29
179,4804,2021,starter,57
179,4804,2022,starter,25
179,4804,2023,starter,46
266,4804,2024,starter,87
334,4806,2016,rotation,76
334,4806,2017,starter,79
334,4806,2018,starter,35
334,4806,2019,bench,66
334,4806,2020,starter,97
334,4806,2021,starter,8
334,4806,2022,rotation,8
334,4806,2023,rotation,38
334,4806,2024,starter,73
315,4807,2015,starter,11
315,4807,2016,starter,40
315,4807,2017,starter,27
315,4807,2018,starter,33
325,4807,2019,rotation,90
325,4807,2020,rotation,79
325,4807,2021,rotation,89
325,4807,2022,bench,46
325,4807,2023,rotation,26
325,4807,2024,starter,10
157,4808,2015,starter,23
157,4808,2016,starter,13
157,4808,2017,rotation,89
157,4808,2018,starter,67
157,4808,2019,starter,52
157,4808,2020,starter,63
157,4808,2021,starter,65
157,4808,2022,rotation,22
157,4808,2023,starter,39
157,4808,2024,starter,75
284,4809,2015,bench,80
284,4809,2016,bench,91
284,4809,2017,bench,78
284,4809,2018,starter,48
284,4809,2019,starter,28
284,4809,2020,starter,73
284,4809,2021,bench,10
284,4809,2022,starter,66
284,4809,2023,starter,21
347,4809,2024,starter,97
171,4810,2016,starter,92
171,4810,2017,starter,12
350,4810,2018,rotation,75
165,4810,2019,bench,40
165,4810,2020,starter,27
165,4810,2021,rotation,18
185,4810,2022,rotation,82
185,4810,2023,bench,89
185,4810,2024,starter,18
367,4812,2016,starter,26
329,4812,2017,rotation,51
329,4812,2018,starter,45
329,4812,2019,starter,23
329,4812,2020,starter,25
140,4812,2021,starter,14
140,4812,2022,starter,11
140,4812,2023,starter,44
140,4812,2024,starter,35
108,4813,2023,starter,28
108,4813,2024,rotation,35
362,4814,2015,starter,53
362,4814,2016,starter,35
362,4814,2017,starter,54
362,4814,2018,rotation,82
362,4814,2019,rotation,91
362,4814,2020,rotation,62
362,4814,2021,starter,48
362,4814,2022,starter,7
362,4814,2023,bench,28
2,4814,2024,rotation,22
113,4815,2015,rotation,59
113,4815,2016,starter,7
113,4815,2017,rotation,58
370,4815,2018,starter,35
370,4815,2019,starter,14
370,4815,2020,starter,50
370,4815,2021,starter,20
370,4815,2022,bench,54
370,4815,2023,starter,69
239,4815,2024,rotation,55
166,4816,2015,rotation,75
166,4816,2016,starter,55
166,4816,2017,starter,12
166,4816,2018,bench,6
331,4816,2019,starter,58
331,4816,2020,starter,54
114,4817,2024,starter,34
64,4818,2015,rotation,19
64,4818,2016,rotation,28
64,4818,2017,bench,23
64,4818,2018,starter,66
361,4818,2019,starter,76
361,4818,2020,rotation,64
361,4818,2021,starter,76
361,4818,2022,starter,26
361,4818,2023,starter,53
361,4818,2024,starter,9
195,4820,2019,bench,92
195,4820,2020,starter,79
195,4820,2021,starter,78
195,4820,2022,rotation,6
19,4820,2023,starter,56
19,4820,2024,starter,88
223,4821,2015,starter,54
223,4821,2016,rotation,26
223,4821,2017,starter,37
223,4821,2018,starter,74
223,4821,2019,starter,36
223,4821,2020,starter,94
223,4821,2021,starter,65
223,4821,2022,starter,73
223,4821,2023,starter,24
223,4821,2024,rotation,56
197,4822,2015,starter,44
197,4822,2016,starter,7
341,4822,2017,starter,30
341,4822,2018,bench,79
341,4822,2019,starter,79
379,4822,2020,starter,7
379,4822,2021,starter,82
379,4822,2022,rotation,33
379,4822,2023,rotation,77
81,4823,2015,starter,73
81,4823,2016,starter,59
81,4823,2017,rotation,59
81,4823,2018,bench,31
81,4823,2019,starter,45
81,4823,2020,rotation,66
218,4824,2023,rotation,9
218,4824,2024,starter,37
338,4825,2019,rotation,53
338,4825,2020,rotation,86
338,4825,2021,starter,39
338,4825,2022,rotation,54
338,4825,2023,starter,5
338,4825,2024,starter,74
149,4826,2015,starter,42
149,4826,2016,starter,18
149,4826,2017,bench,93
149,4826,2018,starter,47
149,4826,2019,starter,85
149,4826,2020,bench,22
149,4826,2021,bench,79
149,4826,2022,starter,78
149,4826,2023,starter,77
149,4826,2024,starter,88
311,4827,2015,rotation,64
311,4827,2016,starter,3
311,4827,2017,starter,1
311,4827,2018,rotation,98
311,4827,2019,rotation,45
66,4827,2020,bench,14
66,4827,2021,starter,94
66,4827,2022,rotation,34
66,4827,2023,starter,21
66,4827,2024,starter,17
359,4829,2022,starter,96
359,4829,2023,bench,37
359,4829,2024,bench,71
334,4830,2015,rotation,11
361,4830,2016,starter,7
361,4830,2017,starter,80
361,4830,2018,rotation,89
361,4830,2019,starter,54
361,4830,2020,starter,5
118,4830,2021,starter,37
118,4830,2022,bench,90
151,4831,2024,starter,38
346,4835,2018,starter,19
346,4835,2019,rotation,11
346,4835,2020,starter,45
346,4835,2021,starter,35
151,4835,2022,starter,75
151,4835,2023,starter,68
151,4835,2024,rotation,76
18,4837,2022,rotation,90
18,4837,2023,starter,44
18,4837,2024,starter,83
303,4838,2020,rotation,38
133,4838,2021,starter,64
133,4838,2022,starter,52
133,4838,2023,starter,32
133,4838,2024,rotation,20
133,4840,2020,bench,4
133,4840,2021,starter,28
133,4840,2022,rotation,67
63,4840,2023,rotation,4
63,4840,2024,starter,95
373,4841,2015,starter,38
169,4841,2016,starter,17
169,4841,2017,starter,76
169,4841,2018,rotation,87
169,4841,2019,starter,64
169,4841,2020,starter,45
169,4841,2021,rotation,81
353,4841,2022,rotation,1
353,4841,2023,bench,79
120,4841,2024,starter,82
210,4842,2016,starter,57
7,4842,2017,starter,89
7,4842,2018,starter,93
162,4842,2019,starter,31
162,4842,2020,rotation,68
162,4842,2021,starter,90
162,4842,2022,rotation,56
162,4842,2023,starter,53
152,4842,2024,starter,79
277,4843,2017,bench,40
277,4843,2018,starter,48
277,4843,2019,starter,63
277,4843,2020,starter,96
277,4843,2021,starter,18
134,4843,2022,starter,38
134,4843,2023,rotation,32
134,4843,2024,rotation,37
246,4845,2015,starter,67
246,4845,2016,starter,84
246,4845,2017,rotation,32
246,4845,2018,rotation,87
246,4845,2019,starter,71
246,4845,2020,starter,81
246,4845,2021,starter,60
246,4845,2022,starter,67
246,4845,2023,bench,17
246,4845,2024,starter,52
362,4846,2015,bench,25
362,4846,2016,starter,19
362,4846,2017,starter,7
362,4846,2018,starter,54
362,4846,2019,starter,84
362,4846,2020,starter,94
362,4846,2021,starter,13
362,4846,2022,starter,79
309,4847,2015,rotation,35
309,4847,2016,starter,70
309,4847,2017,starter,84
338,4847,2018,starter,39
338,4847,2019,rotation,62
353,4847,2020,starter,17
353,4847,2021,rotation,16
353,4847,2022,starter,82
353,4847,2023,rotation,72
353,4847,2024,starter,56
346,4848,2021,rotation,33
293,4848,2022,starter,27
293,4848,2023,rotation,81
293,4848,2024,rotation,70
332,4850,2016,starter,77
332,4850,2017,starter,31
332,4850,2018,starter,59
332,4850,2019,rotation,41
332,4850,2020,rotation,9
332,4850,2021,starter,6
332,4850,2022,starter,55
332,4850,2023,starter,63
171,4850,2024,starter,14
314,4851,2015,starter,88
314,4851,2016,starter,72
314,4851,2017,starter,93
314,4851,2018,rotation,90
314,4851,2019,starter,39
314,4851,2020,rotation,91
314,4851,2021,starter,4
314,4851,2022,starter,11
314,4851,2023,starter,62
337,4851,2024,rotation,40
98,4853,2022,starter,31
98,4853,2023,starter,40
98,4853,2024,starter,12
234,4854,2015,starter,5
368,4854,2016,rotation,44
368,4854,2017,starter,86
160,4854,2018,starter,55
51,4854,2019,starter,46
51,4854,2020,bench,44
260,4854,2021,bench,54
260,4854,2022,starter,48
260,4854,2023,rotation,53
335,4854,2024,rotation,77
76,4855,2018,starter,87
76,4855,2019,rotation,18
76,4855,2020,starter,21
76,4855,2021,starter,55
175,4855,2022,starter,53
175,4855,2023,bench,65
175,4855,2024,rotation,50
66,4856,2015,bench,53
66,4856,2016,starter,11
66,4856,2017,starter,28
66,4856,2018,starter,40
66,4856,2019,rotation,2
66,4856,2020,starter,73
66,4856,2021,starter,44
66,4856,2022,rotation,8
372,4857,2021,bench,3
372,4857,2022,starter,14
372,4857,2023,starter,95
372,4857,2024,starter,44
168,4859,2015,starter,9
168,4859,2016,rotation,18
168,4859,2017,rotation,44
168,4859,2018,rotation,39
168,4859,2019,starter,67
168,4859,2020,rotation,60
168,4859,2021,bench,27
168,4859,2022,starter,18
168,4859,2023,rotation,24
168,4859,2024,starter,47
181,4860,2022,starter,69
181,4860,2023,starter,70
181,4860,2024,rotation,78
251,4861,2017,bench,47
251,4861,2018,rotation,36
251,4861,2019,rotation,17
251,4861,2020,starter,27
251,4861,2021,bench,80
251,4861,2022,starter,34
251,4861,2023,starter,97
251,4861,2024,starter,76
311,4862,2017,starter,62
311,4862,2018,rotation,16
350,4862,2019,bench,26
350,4862,2020,starter,86
350,4862,2021,bench,49
350,4862,2022,starter,12
345,4862,2023,rotation,17
246,4862,2024,rotation,43
139,4863,2020,rotation,77
139,4863,2021,rotation,31
139,4863,2022,starter,33
139,4863,2023,starter,17
139,4863,2024,rotation,45
281,4865,2024,starter,80
40,4866,2019,bench,65
40,4866,2020,starter,50
254,4866,2021,starter,57
254,4866,2022,starter,43
254,4866,2023,rotation,1
254,4866,2024,bench,26
249,4867,2015,starter,43
249,4867,2016,bench,5
249,4867,2017,starter,30
249,4867,2018,starter,98
249,4867,2019,bench,89
249,4867,2020,rotation,90
39,4868,2022,rotation,36
325,4868,2023,rotation,32
325,4868,2024,starter,93
227,4869,2017,starter,95
227,4869,2018,rotation,55
227,4869,2019,starter,50
227,4869,2020,rotation,59
227,4869,2021,rotation,17
120,4869,2022,starter,89
120,4869,2023,starter,50
120,4869,2024,rotation,73
367,4870,2015,starter,37
367,4870,2016,rotation,84
312,4870,2017,bench,96
312,4870,2018,rotation,45
312,4870,2019,rotation,86
312,4870,2020,rotation,76
126,4870,2021,starter,79
126,4870,2022,rotation,40
139,4871,2021,starter,77
139,4871,2022,starter,95
139,4871,2023,rotation,22
139,4871,2024,bench,24
28,4872,2015,starter,17
28,4872,2016,starter,31
28,4872,2017,starter,30
28,4872,2018,rotation,25
28,4872,2019,starter,46
28,4872,2020,starter,51
28,4872,2021,starter,58
28,4872,2022,starter,60
28,4872,2023,starter,89
291,4872,2024,rotation,22
230,4873,2015,starter,22
230,4873,2016,bench,6
230,4873,2017,starter,24
230,4873,2018,starter,92
230,4873,2019,starter,77
230,4873,2020,starter,36
230,4873,2021,starter,83
145,4874,2015,bench,6
145,4874,2016,starter,29
145,4874,2017,rotation,51
145,4874,2018,bench,94
145,4874,2019,starter,91
145,4874,2020,bench,74
145,4874,2021,bench,86
376,4874,2022,rotation,51
376,4874,2023,starter,63
376,4874,2024,rotation,91
288,4875,2015,starter,22
288,4875,2016,starter,79
288,4875,2017,starter,44
288,4875,2018,starter,53
288,4875,2019,starter,91
186,4875,2020,starter,71
186,4875,2021,rotation,84
186,4875,2022,starter,30
186,4875,2023,starter,79
186,4875,2024,starter,33
189,4876,2023,rotation,80
189,4876,2024,starter,61
275,4877,2016,starter,61
275,4877,2017,starter,8
174,4877,2018,starter,32
174,4877,2019,starter,49
174,4877,2020,starter,62
174,4877,2021,starter,70
174,4877,2022,starter,8
174,4877,2023,bench,76
174,4877,2024,starter,7
245,4878,2015,starter,92
245,4878,2016,rotation,45
324,4878,2017,rotation,36
324,4878,2018,starter,43
324,4878,2019,starter,75
324,4878,2020,starter,95
324,4878,2021,starter,67
324,4878,2022,bench,90
243,4878,2023,bench,87
243,4878,2024,bench,21
22,4879,2024,starter,15
189,4880,2015,rotation,95
189,4880,2016,starter,53
189,4880,2017,rotation,54
189,4880,2018,bench,61
154,4880,2019,starter,98
154,4880,2020,rotation,33
154,4880,2021,starter,73
154,4880,2022,bench,25
154,4880,2023,rotation,2
240,4880,2024,rotation,29
351,4881,2015,rotation,40
351,4881,2016,starter,75
351,4881,2017,rotation,18
351,4881,2018,starter,65
351,4881,2019,starter,61
351,4881,2020,starter,71
351,4881,2021,starter,41
351,4881,2022,starter,64
378,4882,2015,rotation,36
345,4882,2016,bench,45
345,4882,2017,starter,16
345,4882,2018,starter,78
345,4882,2019,starter,38
345,4882,2020,starter,74
345,4882,2021,starter,64
345,4882,2022,starter,14
345,4882,2023,bench,21
345,4882,2024,rotation,85
87,4883,2022,starter,61
87,4883,2023,rotation,47
87,4883,2024,bench,97
268,4885,2015,rotation,16
268,4885,2016,starter,44
268,4885,2017,starter,17
268,4885,2018,starter,61
268,4885,2019,bench,14
268,4885,2020,rotation,37
268,4885,2021,rotation,30
268,4885,2022,starter,32
268,4885,2023,starter,33
268,4885,2024,starter,98
85,4887,2023,starter,36
30,4887,2024,rotation,93
168,4888,2015,starter,67
168,4888,2016,starter,15
361,4888,2017,starter,21
361,4888,2018,starter,63
361,4888,2019,rotation,3
196,4888,2020,rotation,89
79,4888,2021,starter,34
79,4888,2022,bench,95
79,4888,2023,starter,80
187,4888,2024,starter,58
188,4890,2015,rotation,57
188,4890,2016,bench,74
188,4890,2017,starter,93
188,4890,2018,starter,68
188,4890,2019,starter,61
339,4891,2015,starter,84
339,4891,2016,starter,3
339,4891,2017,starter,62
339,4891,2018,starter,42
339,4891,2019,starter,7
339,4891,2020,rotation,20
339,4891,2021,starter,78
339,4891,2022,starter,32
339,4891,2023,starter,30
301,4892,2016,rotation,65
301,4892,2017,starter,21
301,4892,2018,starter,72
301,4892,2019,starter,83
301,4892,2020,starter,13
301,4892,2021,starter,70
301,4892,2022,rotation,2
301,4892,2023,bench,48
301,4892,2024,starter,77
276,4893,2021,rotation,43
276,4893,2022,rotation,73
276,4893,2023,starter,4
276,4893,2024,starter,35
4,4894,2015,starter,98
4,4894,2016,starter,51
4,4894,2017,starter,91
4,4894,2018,starter,11
4,4894,2019,rotation,16
4,4894,2020,starter,73
346,4895,2018,starter,58
346,4895,2019,starter,12
346,4895,2020,rotation,83
346,4895,2021,starter,69
21,4895,2022,bench,84
21,4895,2023,starter,83
21,4895,2024,rotation,85
2,4896,2015,bench,19
2,4896,2016,rotation,54
2,4896,2017,bench,36
2,4896,2018,starter,63
2,4896,2019,starter,65
2,4896,2020,starter,64
2,4896,2021,starter,3
2,4896,2022,bench,19
2,4896,2023,starter,97
2,4896,2024,starter,33
200,4897,2023,rotation,56
200,4897,2024,starter,29
68,4898,2016,starter,41
81,4898,2017,bench,67
81,4898,2018,starter,25
81,4898,2019,rotation,12
81,4898,2020,rotation,37
81,4898,2021,rotation,19
353,4898,2022,starter,73
353,4898,2023,starter,28
353,4898,2024,bench,84
253,4899,2018,rotation,12
253,4899,2019,starter,14
253,4899,2020,bench,78
297,4899,2021,starter,96
297,4899,2022,starter,81
297,4899,2023,starter,21
297,4899,2024,rotation,49
333,4900,2017,starter,43
333,4900,2018,bench,53
333,4900,2019,starter,6
333,4900,2020,starter,74
333,4900,2021,starter,67
333,4900,2022,rotation,31
333,4900,2023,starter,49
333,4900,2024,rotation,92
334,4901,2015,starter,76
334,4901,2016,bench,61
334,4901,2017,starter,23
334,4901,2018,starter,86
334,4901,2019,starter,88
334,4901,2020,starter,19
196,4901,2021,rotation,11
196,4901,2022,starter,89
196,4901,2023,starter,20
99,4902,2015,starter,50
99,4902,2016,rotation,37
99,4902,2017,starter,81
99,4902,2018,rotation,20
99,4902,2019,starter,67
99,4902,2020,starter,65
99,4902,2021,starter,83
99,4902,2022,rotation,31
99,4902,2023,starter,37
99,4902,2024,starter,61
361,4903,2022,starter,33
158,4903,2023,rotation,94
136,4903,2024,rotation,45
313,4904,2015,rotation,18
313,4904,2016,bench,39
313,4904,2017,starter,19
313,4904,2018,starter,22
313,4904,2019,starter,53
313,4904,2020,rotation,87
313,4904,2021,starter,9
313,4904,2022,starter,80
313,4904,2023,starter,97
313,4904,2024,starter,76
47,4905,2016,rotation,61
47,4905,2017,bench,51
47,4905,2018,starter,20
47,4905,2019,starter,31
47,4905,2020,starter,55
47,4905,2021,starter,36
363,4905,2022,starter,69
363,4905,2023,bench,39
363,4905,2024,starter,62
302,4907,2021,starter,26
302,4907,2022,starter,63
302,4907,2023,rotation,33
302,4907,2024,starter,44
116,4908,2015,bench,40
116,4908,2016,starter,56
116,4908,2017,starter,90
116,4908,2018,bench,91
116,4908,2019,starter,38
116,4908,2020,starter,59
116,4908,2021,starter,34
116,4908,2022,starter,72
116,4908,2023,rotation,36
116,4908,2024,starter,90
305,4909,2015,starter,58
305,4909,2016,bench,70
305,4909,2017,starter,77
305,4909,2018,starter,4
50,4909,2019,starter,94
50,4909,2020,starter,82
50,4909,2021,starter,97
368,4909,2022,rotation,51
368,4909,2023,bench,38
368,4909,2024,rotation,20
44,4910,2015,rotation,37
44,4910,2016,starter,22
356,4910,2017,rotation,43
356,4910,2018,starter,93
356,4910,2019,starter,55
356,4910,2020,starter,32
356,4910,2021,starter,44
356,4910,2022,starter,85
356,4910,2023,rotation,75
356,4910,2024,rotation,60
173,4911,2015,rotation,10
151,4911,2016,rotation,14
151,4911,2017,starter,49
333,4911,2018,rotation,38
333,4911,2019,starter,3
333,4911,2020,rotation,46
215,4912,2015,starter,93
215,4912,2016,bench,68
215,4912,2017,rotation,40
215,4912,2018,starter,72
215,4912,2019,starter,37
215,4912,2020,starter,31
215,4912,2021,rotation,21
215,4912,2022,rotation,21
215,4912,2023,starter,39
215,4912,2024,starter,32
301,4913,2015,starter,20
301,4913,2016,starter,27
301,4913,2017,starter,63
301,4913,2018,rotation,67
301,4913,2019,starter,59
301,4913,2020,rotation,20
301,4913,2021,rotation,55
301,4913,2022,rotation,89
301,4913,2023,starter,94
301,4913,2024,starter,36
297,4914,2015,rotation,52
297,4914,2016,rotation,53
297,4914,2017,rotation,23
297,4914,2018,starter,22
297,4914,2019,starter,77
297,4914,2020,starter,39
297,4914,2021,starter,47
297,4914,2022,starter,28
297,4914,2023,rotation,74
359,4914,2024,rotation,87
252,4915,2015,starter,58
252,4915,2016,bench,66
252,4915,2017,starter,87
252,4915,2018,rotation,90
252,4915,2019,bench,23
252,4915,2020,starter,47
252,4915,2021,starter,22
252,4915,2022,rotation,82
252,4915,2023,bench,33
37,4915,2024,bench,40
376,4916,2015,starter,76
376,4916,2016,rotation,31
376,4916,2017,starter,62
376,4916,2018,rotation,37
376,4916,2019,starter,17
376,4916,2020,starter,10
376,4916,2021,starter,47
376,4916,2022,starter,90
376,4916,2023,starter,5
376,4916,2024,rotation,81
211,4917,2015,bench,5
211,4917,2016,bench,13
211,4917,2017,bench,24
211,4917,2018,rotation,46
211,4917,2019,starter,8
242,4917,2020,starter,25
242,4917,2021,starter,16
242,4917,2022,bench,25
242,4917,2023,starter,97
242,4917,2024,starter,58
107,4918,2016,starter,43
107,4918,2017,starter,62
107,4918,2018,bench,88
107,4918,2019,starter,7
107,4918,2020,starter,26
107,4918,2021,starter,64
107,4918,2022,starter,72
107,4918,2023,starter,18
107,4918,2024,rotation,90
33,4919,2023,starter,16
33,4919,2024,bench,82
373,4920,2023,starter,86
373,4920,2024,bench,94
348,4921,2017,rotation,20
348,4921,2018,rotation,81
342,4921,2019,starter,31
342,4921,2020,starter,60
342,4921,2021,starter,30
342,4921,2022,starter,80
342,4921,2023,rotation,47
342,4921,2024,starter,71
360,4922,2016,rotation,90
268,4922,2017,starter,7
268,4922,2018,starter,41
268,4922,2019,rotation,77
268,4922,2020,rotation,24
270,4922,2021,starter,62
270,4922,2022,starter,27
270,4922,2023,starter,65
270,4922,2024,starter,15
110,4923,2015,starter,65
110,4923,2016,starter,41
110,4923,2017,starter,81
110,4923,2018,starter,79
351,4923,2019,rotation,14
351,4923,2020,rotation,2
351,4923,2021,starter,76
376,4923,2022,rotation,23
376,4923,2023,starter,8
376,4923,2024,bench,56
82,4926,2015,starter,52
82,4926,2016,starter,71
9,4926,2017,rotation,22
9,4926,2018,starter,57
9,4926,2019,bench,92
9,4926,2020,starter,86
9,4926,2021,starter,52
9,4926,2022,starter,45
137,4926,2023,starter,59
137,4926,2024,starter,6
133,4927,2015,starter,95
133,4927,2016,starter,19
133,4927,2017,bench,49
133,4927,2018,rotation,33
133,4927,2019,starter,86
133,4927,2020,bench,2
133,4927,2021,starter,87
209,4927,2022,starter,37
209,4927,2023,starter,15
209,4927,2024,rotation,93
266,4928,2015,starter,46
266,4928,2016,starter,69
266,4928,2017,starter,75
266,4928,2018,starter,61
375,4928,2019,starter,7
375,4928,2020,starter,77
375,4928,2021,bench,21
375,4928,2022,starter,25
375,4928,2023,starter,49
375,4928,2024,rotation,1
355,4929,2015,starter,87
355,4929,2016,starter,66
355,4929,2017,starter,6
355,4929,2018,bench,23
355,4929,2019,rotation,2
355,4929,2020,starter,62
355,4929,2021,starter,55
355,4929,2022,bench,82
355,4929,2023,starter,53
355,4929,2024,starter,19
72,4931,2015,rotation,2
72,4931,2016,rotation,77
60,4931,2017,starter,60
60,4931,2018,starter,72
60,4931,2019,starter,48
60,4931,2020,rotation,50
60,4931,2021,rotation,34
60,4931,2022,starter,1
60,4931,2023,starter,94
60,4931,2024,starter,41
247,4933,2015,starter,17
247,4933,2016,starter,11
247,4933,2017,bench,56
247,4933,2018,rotation,13
247,4933,2019,starter,83
247,4933,2020,starter,19
247,4933,2021,starter,40
247,4933,2022,starter,45
247,4933,2023,starter,58
247,4933,2024,starter,56
273,4934,2015,starter,8
370,4934,2016,starter,56
370,4934,2017,starter,46
370,4934,2018,starter,46
370,4934,2019,starter,79
370,4934,2020,starter,86
370,4934,2021,rotation,29
370,4934,2022,starter,4
173,4935,2021,starter,28
173,4935,2022,starter,22
173,4935,2023,rotation,80
173,4935,2024,starter,92
202,4936,2015,starter,89
202,4936,2016,bench,33
202,4936,2017,rotation,8
202,4936,2018,starter,13
202,4936,2019,starter,51
202,4936,2020,starter,93
202,4936,2021,starter,48
202,4936,2022,rotation,12
202,4936,2023,bench,22
202,4936,2024,rotation,78
351,4937,2018,rotation,46
351,4937,2019,starter,27
351,4937,2020,starter,92
351,4937,2021,rotation,16
351,4937,2022,starter,95
351,4937,2023,starter,91
351,4937,2024,bench,28
353,4938,2015,starter,15
353,4938,2016,rotation,66
353,4938,2017,rotation,72
353,4938,2018,rotation,64
353,4938,2019,starter,6
353,4938,2020,starter,70
352,4938,2021,rotation,9
57,4938,2022,starter,5
57,4938,2023,starter,77
57,4938,2024,starter,47
326,4939,2021,starter,6
326,4939,2022,rotation,95
326,4939,2023,starter,19
326,4939,2024,bench,68
354,4940,2015,starter,69
354,4940,2016,starter,43
354,4940,2017,starter,53
354,4940,2018,starter,41
354,4940,2019,starter,50
354,4940,2020,rotation,15
354,4940,2021,rotation,46
354,4940,2022,bench,2
354,4940,2023,starter,33
314,4940,2024,starter,50
369,4942,2017,starter,11
369,4942,2018,bench,90
369,4942,2019,rotation,74
369,4942,2020,starter,87
369,4942,2021,starter,1
369,4942,2022,starter,53
191,4942,2023,bench,26
191,4942,2024,bench,29
30,4943,2022,rotation,13
30,4943,2023,starter,29
30,4943,2024,starter,28
29,4944,2015,rotation,54
29,4944,2016,starter,71
29,4944,2017,rotation,8
29,4944,2018,starter,3
29,4944,2019,starter,85
365,4944,2020,starter,5
365,4944,2021,rotation,83
365,4944,2022,starter,69
2,4944,2023,starter,77
2,4944,2024,starter,52
17,4945,2015,starter,28
17,4945,2016,starter,22
199,4945,2017,starter,82
199,4945,2018,bench,85
199,4945,2019,starter,4
332,4945,2020,starter,12
332,4945,2021,starter,19
332,4945,2022,rotation,2
332,4945,2023,bench,37
332,4945,2024,starter,69
14,4946,2015,starter,4
14,4946,2016,starter,93
14,4946,2017,rotation,86
14,4946,2018,starter,7
14,4946,2019,starter,46
14,4946,2020,starter,17
14,4946,2021,starter,12
14,4946,2022,starter,55
14,4946,2023,rotation,38
14,4946,2024,rotation,52
346,4947,2015,starter,50
346,4947,2016,starter,78
346,4947,2017,rotation,49
346,4947,2018,starter,85
346,4947,2019,starter,3
346,4947,2020,bench,35
289,4948,2018,starter,77
289,4948,2019,starter,62
289,4948,2020,bench,69
289,4948,2021,starter,33
289,4948,2022,starter,31
289,4948,2023,starter,57
289,4948,2024,bench,44
329,4949,2015,starter,38
329,4949,2016,starter,61
309,4949,2017,starter,65
328,4949,2018,starter,88
328,4949,2019,starter,13
204,4949,2020,starter,82
199,4949,2021,rotation,57
199,4949,2022,starter,8
199,4949,2023,starter,54
199,4949,2024,starter,76
186,4950,2017,rotation,35
186,4950,2018,starter,57
186,4950,2019,rotation,71
186,4950,2020,starter,25
186,4950,2021,bench,32
31,4950,2022,starter,28
31,4950,2023,bench,31
31,4950,2024,rotation,83
136,4951,2016,bench,95
136,4951,2017,rotation,74
136,4951,2018,rotation,70
136,4951,2019,starter,62
136,4951,2020,rotation,27
136,4951,2021,starter,25
136,4951,2022,starter,95
88,4951,2023,rotation,75
88,4951,2024,starter,32
303,4954,2015,starter,4
303,4954,2016,bench,92
28,4954,2017,rotation,76
28,4954,2018,starter,21
28,4954,2019,starter,36
28,4954,2020,starter,2
361,4954,2021,starter,10
361,4954,2022,rotation,79
361,4954,2023,rotation,98
361,4954,2024,bench,90
118,4956,2015,starter,84
118,4956,2016,bench,54
118,4956,2017,starter,76
118,4956,2018,bench,30
118,4956,2019,starter,73
256,4956,2020,bench,39
256,4956,2021,starter,19
256,4956,2022,starter,51
256,4956,2023,starter,87
256,4956,2024,starter,86
334,4957,2015,starter,69
334,4957,2016,starter,74
334,4957,2017,rotation,71
334,4957,2018,starter,79
334,4957,2019,starter,57
334,4957,2020,starter,69
334,4957,2021,starter,32
334,4957,2022,rotation,69
334,4957,2023,starter,14
124,4957,2024,bench,98
211,4959,2021,starter,18
211,4959,2022,starter,50
211,4959,2023,starter,73
152,4959,2024,rotation,4
318,4960,2020,starter,31
349,4960,2021,rotation,1
349,4960,2022,rotation,32
349,4960,2023,rotation,38
349,4960,2024,starter,15
244,4961,2015,rotation,18
244,4961,2016,bench,87
244,4961,2017,bench,91
244,4961,2018,starter,32
244,4961,2019,starter,95
244,4961,2020,starter,19
244,4961,2021,starter,33
244,4961,2022,starter,83
244,4961,2023,starter,94
244,4961,2024,rotation,48
264,4962,2017,rotation,98
264,4962,2018,starter,4
264,4962,2019,starter,18
264,4962,2020,starter,26
264,4962,2021,starter,48
264,4962,2022,starter,27
264,4962,2023,starter,45
264,4962,2024,rotation,18
108,4964,2015,starter,88
108,4964,2016,starter,68
108,4964,2017,starter,5
108,4964,2018,rotation,4
108,4964,2019,starter,51
108,4964,2020,starter,16
108,4964,2021,starter,84
108,4964,2022,bench,22
108,4964,2023,starter,51
9,4965,2015,starter,41
46,4965,2016,starter,28
46,4965,2017,starter,82
46,4965,2018,rotation,86
46,4965,2019,starter,8
46,4965,2020,starter,45
46,4965,2021,starter,84
46,4965,2022,starter,41
46,4965,2023,bench,29
46,4965,2024,starter,34
221,4966,2015,starter,3
221,4966,2016,starter,77
221,4966,2017,starter,12
221,4966,2018,starter,20
221,4966,2019,starter,41
221,4966,2020,starter,79
221,4966,2021,starter,48
221,4966,2022,starter,56
221,4966,2023,starter,81
221,4967,2015,rotation,78
345,4967,2016,starter,70
345,4967,2017,starter,17
345,4967,2018,rotation,15
345,4967,2019,rotation,88
345,4967,2020,rotation,74
345,4967,2021,rotation,80
345,4967,2022,starter,13
345,4967,2023,rotation,81
345,4967,2024,starter,84
111,4968,2015,rotation,26
111,4968,2016,bench,1
111,4968,2017,starter,55
111,4968,2018,starter,64
111,4968,2019,rotation,54
111,4968,2020,starter,80
111,4968,2021,rotation,90
111,4968,2022,starter,35
111,4968,2023,starter,93
55,4968,2024,starter,98
271,4970,2015,starter,74
271,4970,2016,starter,48
271,4970,2017,starter,89
285,4970,2018,rotation,13
148,4970,2019,starter,65
148,4970,2020,starter,78
278,4970,2021,rotation,79
278,4970,2022,starter,66
278,4970,2023,starter,72
278,4970,2024,rotation,30
7,4971,2020,starter,3
7,4971,2021,bench,20
7,4971,2022,starter,22
7,4971,2023,rotation,11
7,4971,2024,rotation,43
291,4972,2015,starter,2
291,4972,2016,starter,14
291,4972,2017,starter,85
291,4972,2018,starter,40
291,4972,2019,starter,35
291,4972,2020,bench,58
291,4972,2021,starter,35
291,4972,2022,starter,59
291,4972,2023,starter,48
291,4972,2024,starter,27
279,4973,2015,starter,24
279,4973,2016,starter,87
279,4973,2017,starter,47
117,4973,2018,starter,21
93,4973,2019,starter,11
93,4973,2020,rotation,50
93,4973,2021,starter,44
93,4973,2022,starter,97
93,4973,2023,bench,39
156,4973,2024,rotation,80
330,4974,2024,starter,95
14,4975,2022,starter,4
14,4975,2023,starter,94
258,4975,2024,starter,1
71,4976,2017,starter,65
71,4976,2018,rotation,9
71,4976,2019,rotation,97
71,4976,2020,starter,77
71,4976,2021,starter,80
141,4976,2022,starter,66
141,4976,2023,bench,43
141,4976,2024,starter,75
244,4977,2015,rotation,13
244,4977,2016,starter,19
244,4977,2017,rotation,32
244,4977,2018,starter,27
244,4977,2019,rotation,85
244,4977,2020,starter,49
244,4977,2021,rotation,17
244,4977,2022,rotation,37
244,4977,2023,rotation,65
244,4977,2024,rotation,57
287,4978,2015,bench,87
287,4978,2016,starter,92
287,4978,2017,starter,85
287,4978,2018,bench,6
287,4978,2019,starter,57
287,4978,2020,starter,95
287,4978,2021,starter,53
157,4978,2022,bench,28
157,4978,2023,bench,58
157,4978,2024,rotation,51
53,4979,2015,rotation,17
53,4979,2016,starter,1
53,4979,2017,starter,49
53,4979,2018,starter,9
53,4979,2019,starter,39
53,4979,2020,bench,30
53,4979,2021,starter,52
53,4979,2022,bench,58
53,4979,2023,starter,82
53,4979,2024,bench,51
262,4980,2015,rotation,6
262,4980,2016,rotation,18
262,4980,2017,starter,36
262,4980,2018,starter,97
262,4980,2019,rotation,13
262,4980,2020,starter,23
262,4980,2021,starter,87
262,4980,2022,rotation,22
262,4980,2023,rotation,33
262,4980,2024,starter,35
89,4981,2018,starter,2
89,4981,2019,starter,60
89,4981,2020,rotation,55
89,4981,2021,starter,24
89,4981,2022,rotation,78
89,4981,2023,rotation,61
89,4981,2024,rotation,67
250,4982,2015,starter,30
250,4982,2016,rotation,45
250,4982,2017,starter,86
250,4982,2018,bench,18
250,4982,2019,rotation,51
250,4982,2020,bench,64
250,4982,2021,starter,88
250,4982,2022,starter,50
250,4982,2023,starter,77
250,4982,2024,bench,33
216,4983,2015,starter,51
216,4983,2016,starter,58
216,4983,2017,bench,27
216,4983,2018,rotation,97
216,4983,2019,rotation,3
216,4983,2020,starter,83
216,4983,2021,rotation,44
216,4983,2022,starter,4
216,4983,2023,starter,68
216,4983,2024,starter,80
28,4985,2015,starter,91
28,4985,2016,starter,14
28,4985,2017,starter,35
28,4985,2018,starter,19
28,4985,2019,rotation,90
28,4985,2020,starter,11
28,4985,2021,bench,63
28,4985,2022,starter,20
28,4985,2023,starter,94
213,4985,2024,starter,11
296,4987,2021,rotation,5
267,4987,2022,bench,36
267,4987,2023,rotation,19
267,4987,2024,starter,70
353,4988,2015,starter,45
353,4988,2016,starter,82
353,4988,2017,starter,65
353,4988,2018,starter,30
353,4988,2019,starter,97
353,4988,2020,starter,75
353,4988,2021,starter,30
353,4988,2022,rotation,4
353,4988,2023,starter,43
353,4988,2024,rotation,66
369,4989,2015,starter,16
369,4989,2016,starter,64
369,4989,2017,starter,75
369,4989,2018,starter,24
369,4989,2019,bench,7
357,4990,2015,starter,12
357,4990,2016,rotation,85
357,4990,2017,starter,63
357,4990,2018,starter,55
357,4990,2019,starter,65
357,4990,2020,bench,29
357,4990,2021,starter,21
357,4990,2022,rotation,25
301,4990,2023,rotation,98
301,4990,2024,rotation,38
112,4991,2019,starter,23
112,4991,2020,starter,20
112,4991,2021,starter,18
112,4991,2022,starter,18
19,4991,2023,starter,30
19,4991,2024,bench,18
150,4992,2015,starter,10
150,4992,2016,starter,2
150,4992,2017,starter,34
150,4992,2018,rotation,51
150,4992,2019,starter,57
150,4992,2020,bench,42
150,4992,2021,rotation,10
150,4992,2022,bench,35
325,4992,2023,starter,61
325,4992,2024,starter,98
205,4994,2018,starter,56
205,4994,2019,starter,42
205,4994,2020,rotation,83
205,4994,2021,starter,57
134,4994,2022,starter,26
134,4994,2023,rotation,79
134,4994,2024,rotation,25
86,4995,2015,rotation,90
365,4995,2016,bench,42
365,4995,2017,starter,46
365,4995,2018,rotation,68
365,4995,2019,bench,32
365,4995,2020,starter,48
365,4995,2021,rotation,9
365,4995,2022,starter,41
365,4995,2023,starter,97
365,4995,2024,rotation,36
165,4996,2019,starter,95
165,4996,2020,starter,96
326,4996,2021,rotation,76
245,4996,2022,rotation,89
334,4996,2023,starter,53
127,4996,2024,starter,30
350,4997,2017,rotation,74
350,4997,2018,starter,42
327,4997,2019,rotation,28
275,4997,2020,starter,54
275,4997,2021,starter,13
275,4997,2022,starter,77
275,4997,2023,starter,1
275,4997,2024,starter,91
116,4998,2015,starter,50
116,4998,2016,starter,52
116,4998,2017,starter,69
116,4998,2018,starter,97
116,4998,2019,rotation,30
116,4998,2020,starter,85
116,4998,2021,starter,6
116,4998,2022,starter,36
116,4998,2023,bench,81
116,4998,2024,starter,27
171,4999,2015,bench,58
171,4999,2016,bench,93
171,4999,2017,rotation,35
171,4999,2018,starter,84
171,4999,2019,starter,59
171,4999,2020,rotation,1
171,4999,2021,starter,43
171,4999,2022,bench,52
171,4999,2023,bench,97
171,4999,2024,rotation,66
8,5000,2017,rotation,71
8,5000,2018,starter,21
166,5000,2019,starter,57
166,5000,2020,rotation,81
166,5000,2021,starter,69
166,5000,2022,starter,65
166,5000,2023,bench,72
166,5000,2024,starter,53
217,5001,2023,starter,64
217,5001,2024,starter,38
208,5002,2022,bench,63
208,5002,2023,starter,56
208,5002,2024,rotation,61
380,5003,2017,starter,39
380,5003,2018,starter,54
380,5003,2019,rotation,46
380,5003,2020,starter,50
380,5003,2021,bench,74
380,5003,2022,rotation,27
380,5003,2023,rotation,53
380,5003,2024,rotation,63
14,5004,2015,starter,21
14,5004,2016,starter,92
14,5004,2017,bench,51
14,5004,2018,starter,41
14,5004,2019,starter,16
14,5004,2020,starter,18
14,5004,2021,rotation,71
14,5004,2022,starter,6
14,5004,2023,rotation,42
14,5004,2024,rotation,48
312,5005,2023,starter,70
312,5005,2024,bench,40
153,5006,2015,starter,36
153,5006,2016,starter,57
222,5006,2017,rotation,29
222,5006,2018,starter,7
222,5006,2019,starter,64
222,5006,2020,rotation,8
222,5006,2021,starter,10
222,5006,2022,starter,16
222,5006,2023,starter,81
222,5006,2024,starter,23
282,5007,2019,starter,14
282,5007,2020,bench,23
272,5007,2021,bench,63
272,5007,2022,starter,47
272,5007,2023,starter,59
272,5007,2024,starter,56
210,5008,2017,rotation,46
180,5008,2018,starter,81
180,5008,2019,starter,31
180,5008,2020,rotation,84
180,5008,2021,bench,16
180,5008,2022,starter,8
180,5008,2023,starter,98
180,5008,2024,starter,80
227,5009,2015,starter,73
227,5009,2016,starter,8
227,5009,2017,bench,61
227,5009,2018,bench,30
294,5009,2019,rotation,65
244,5009,2020,starter,92
244,5009,2021,bench,13
131,5010,2019,starter,55
131,5010,2020,starter,30
131,5010,2021,bench,19
131,5010,2022,starter,39
131,5010,2023,rotation,53
131,5010,2024,bench,17
221,5011,2015,starter,98
221,5011,2016,starter,48
361,5011,2017,starter,27
361,5011,2018,bench,80
361,5011,2019,rotation,81
361,5011,2020,starter,36
361,5011,2021,bench,12
361,5011,2022,starter,37
238,5011,2023,rotation,42
238,5011,2024,starter,11
99,5012,2015,rotation,22
99,5012,2016,rotation,42
99,5012,2017,rotation,35
99,5012,2018,starter,88
99,5012,2019,bench,65
99,5012,2020,starter,16
99,5012,2021,starter,40
99,5012,2022,starter,29
99,5012,2023,rotation,51
332,5013,2015,rotation,9
332,5013,2016,starter,45
332,5013,2017,starter,75
332,5013,2018,starter,47
332,5013,2019,rotation,86
332,5013,2020,starter,77
332,5013,2021,bench,33
332,5013,2022,starter,96
332,5013,2023,starter,70
332,5013,2024,starter,41
313,5014,2023,starter,27
313,5014,2024,starter,75
379,5015,2015,starter,68
379,5015,2016,starter,12
379,5015,2017,starter,26
328,5015,2018,starter,82
328,5015,2019,bench,92
328,5015,2020,starter,88
328,5015,2021,starter,21
328,5015,2022,bench,28
322,5015,2023,bench,68
322,5015,2024,bench,43
348,5016,2024,rotation,95
247,5017,2015,starter,84
344,5017,2016,starter,9
344,5017,2017,starter,7
344,5017,2018,bench,70
344,5017,2019,starter,50
344,5017,2020,starter,80
344,5017,2021,rotation,41
344,5017,2022,starter,66
344,5017,2023,starter,30
207,5018,2015,bench,62
207,5018,2016,rotation,65
207,5018,2017,starter,47
207,5018,2018,bench,17
207,5018,2019,rotation,81
207,5018,2020,rotation,49
207,5018,2021,starter,96
207,5018,2022,starter,33
207,5018,2023,starter,19
207,5018,2024,rotation,25
376,5020,2015,starter,41
376,5020,2016,starter,14
376,5020,2017,bench,31
80,5020,2018,rotation,47
269,5020,2019,bench,56
269,5020,2020,starter,15
269,5020,2021,bench,81
269,5020,2022,starter,67
269,5020,2023,rotation,3
269,5020,2024,bench,40
28,5021,2022,starter,17
28,5021,2023,rotation,67
28,5021,2024,bench,41
117,5022,2015,starter,57
117,5022,2016,starter,9
117,5022,2017,starter,75
117,5022,2018,starter,74
117,5022,2019,starter,61
117,5022,2020,starter,85
117,5022,2021,rotation,98
117,5022,2022,starter,73
251,5023,2015,starter,21
251,5023,2016,rotation,30
251,5023,2017,rotation,3
251,5023,2018,rotation,13
251,5023,2019,starter,36
251,5023,2020,rotation,92
251,5023,2021,bench,13
251,5023,2022,starter,29
251,5023,2023,bench,17
251,5023,2024,starter,31
331,5024,2022,starter,91
331,5024,2023,rotation,68
331,5024,2024,rotation,14
146,5025,2017,starter,16
146,5025,2018,starter,34
146,5025,2019,starter,22
146,5025,2020,bench,4
146,5025,2021,rotation,51
146,5025,2022,starter,18
146,5025,2023,bench,78
146,5025,2024,starter,53
246,5026,2015,starter,41
343,5026,2016,rotation,91
343,5026,2017,rotation,75
328,5026,2018,rotation,64
328,5026,2019,rotation,82
328,5026,2020,rotation,58
328,5026,2021,bench,85
328,5026,2022,rotation,93
328,5026,2023,rotation,58
328,5026,2024,bench,81
359,5027,2015,rotation,72
359,5027,2016,starter,50
279,5027,2017,rotation,13
279,5027,2018,rotation,70
194,5027,2019,starter,11
194,5027,2020,starter,34
194,5027,2021,starter,84
194,5027,2022,bench,59
194,5027,2023,rotation,89
194,5027,2024,rotation,36
308,5028,2022,starter,40
308,5028,2023,starter,83
308,5028,2024,starter,82
102,5030,2022,starter,54
102,5030,2023,starter,34
102,5030,2024,starter,37
197,5031,2015,rotation,37
197,5031,2016,rotation,67
197,5031,2017,starter,89
197,5031,2018,starter,74
365,5031,2019,bench,28
365,5031,2020,bench,28
365,5031,2021,starter,44
360,5032,2015,starter,40
360,5032,2016,bench,56
360,5032,2017,bench,12
360,5032,2018,rotation,58
360,5032,2019,rotation,16
360,5032,2020,starter,61
360,5032,2021,bench,67
331,5032,2022,bench,19
331,5032,2023,rotation,58
331,5032,2024,starter,45
33,5033,2015,bench,21
33,5033,2016,starter,59
33,5033,2017,bench,7
33,5033,2018,rotation,7
33,5033,2019,rotation,89
33,5033,2020,rotation,83
33,5033,2021,starter,11
33,5033,2022,starter,74
300,5034,2015,rotation,30
300,5034,2016,bench,14
300,5034,2017,starter,29
300,5034,2018,starter,85
300,5034,2019,starter,11
300,5034,2020,rotation,95
98,5034,2021,rotation,89
98,5034,2022,starter,87
98,5034,2023,starter,45
98,5034,2024,starter,42
310,5035,2015,starter,65
310,5035,2016,bench,4
310,5035,2017,starter,27
310,5035,2018,starter,7
204,5035,2019,starter,69
204,5035,2020,starter,54
204,5035,2021,rotation,54
204,5035,2022,bench,17
204,5035,2023,bench,22
204,5035,2024,starter,54
204,5036,2015,starter,38
204,5036,2016,rotation,35
200,5036,2017,starter,25
200,5036,2018,starter,7
200,5036,2019,starter,43
200,5036,2020,starter,76
200,5036,2021,starter,94
200,5036,2022,bench,47
200,5036,2023,rotation,21
200,5036,2024,rotation,47
360,5037,2019,starter,72
360,5037,2020,bench,50
360,5037,2021,starter,69
360,5037,2022,rotation,42
360,5037,2023,starter,49
360,5037,2024,rotation,68
370,5038,2022,rotation,50
370,5038,2023,starter,24
366,5038,2024,starter,98
310,5039,2015,starter,35
310,5039,2016,bench,42
378,5039,2017,rotation,7
378,5039,2018,starter,11
378,5039,2019,starter,55
378,5039,2020,rotation,16
378,5039,2021,starter,43
315,5040,2015,rotation,39
315,5040,2016,bench,73
315,5040,2017,starter,42
315,5040,2018,starter,41
315,5040,2019,starter,11
315,5040,2020,starter,30
315,5040,2021,rotation,41
315,5040,2022,starter,92
315,5040,2023,starter,46
156,5041,2015,rotation,47
156,5041,2016,starter,8
37,5041,2017,starter,38
37,5041,2018,rotation,80
37,5041,2019,starter,1
355,5041,2020,starter,81
355,5041,2021,rotation,59
363,5042,2015,starter,46
363,5042,2016,starter,24
363,5042,2017,starter,59
363,5042,2018,starter,48
363,5042,2019,starter,4
363,5042,2020,starter,47
363,5042,2021,starter,42
376,5043,2015,starter,62
19,5043,2016,starter,68
19,5043,2017,rotation,63
134,5043,2018,starter,44
100,5043,2019,bench,43
100,5043,2020,starter,49
100,5043,2021,starter,51
100,5043,2022,rotation,62
351,5043,2023,starter,26
351,5043,2024,starter,41
222,5044,2017,starter,59
222,5044,2018,bench,8
222,5044,2019,rotation,10
222,5044,2020,rotation,57
222,5044,2021,starter,52
222,5044,2022,rotation,6
222,5044,2023,rotation,56
222,5044,2024,bench,15
35,5046,2015,starter,28
35,5046,2016,starter,19
206,5046,2017,rotation,57
254,5046,2018,starter,24
254,5046,2019,starter,40
254,5046,2020,starter,30
254,5046,2021,starter,67
254,5046,2022,rotation,60
254,5046,2023,rotation,53
177,5046,2024,starter,52
215,5047,2015,starter,7
215,5047,2016,rotation,84
215,5047,2017,rotation,98
215,5047,2018,starter,43
215,5047,2019,rotation,38
215,5047,2020,starter,11
215,5047,2021,starter,47
215,5047,2022,rotation,27
215,5047,2023,starter,10
215,5047,2024,starter,68
304,5048,2015,rotation,33
304,5048,2016,starter,16
304,5048,2017,starter,67
304,5048,2018,starter,67
304,5048,2019,starter,60
304,5048,2020,starter,52
375,5049,2016,bench,63
375,5049,2017,rotation,48
375,5049,2018,bench,41
375,5049,2019,rotation,55
375,5049,2020,rotation,83
375,5049,2021,rotation,25
375,5049,2022,rotation,39
375,5049,2023,bench,92
375,5049,2024,rotation,14
331,5050,2022,rotation,26
372,5050,2023,rotation,80
363,5050,2024,starter,82
364,5051,2015,starter,30
364,5051,2016,starter,87
364,5051,2017,starter,80
364,5051,2018,starter,78
364,5051,2019,starter,77
139,5051,2020,rotation,65
139,5051,2021,starter,51
197,5052,2020,rotation,35
169,5052,2021,rotation,3
169,5052,2022,starter,57
169,5052,2023,bench,88
290,5052,2024,rotation,53
245,5053,2020,starter,72
245,5053,2021,starter,43
245,5053,2022,starter,68
245,5053,2023,bench,77
245,5053,2024,starter,79
302,5054,2020,bench,96
302,5054,2021,starter,91
302,5054,2022,starter,33
302,5054,2023,starter,11
349,5054,2024,bench,31
368,5055,2015,starter,96
368,5055,2016,starter,80
368,5055,2017,starter,1
330,5055,2018,starter,24
330,5055,2019,starter,22
330,5055,2020,starter,37
330,5055,2021,starter,32
330,5055,2022,starter,26
137,5056,2022,bench,26
137,5056,2023,starter,86
137,5056,2024,starter,2
285,5057,2015,rotation,73
355,5057,2016,starter,79
355,5057,2017,starter,9
355,5057,2018,bench,97
355,5057,2019,bench,72
355,5057,2020,rotation,25
355,5057,2021,starter,9
355,5057,2022,starter,78
154,5058,2021,starter,94
154,5058,2022,bench,43
154,5058,2023,starter,29
154,5058,2024,starter,57
6,5059,2020,bench,59
6,5059,2021,bench,90
6,5059,2022,starter,50
254,5059,2023,starter,92
254,5059,2024,bench,12
62,5061,2021,bench,25
62,5061,2022,bench,22
62,5061,2023,starter,57
62,5061,2024,starter,34
319,5063,2017,bench,91
319,5063,2018,bench,34
253,5063,2019,starter,59
253,5063,2020,starter,74
253,5063,2021,starter,33
253,5063,2022,rotation,20
253,5063,2023,starter,63
253,5063,2024,starter,57
217,5064,2015,starter,16
217,5064,2016,starter,62
217,5064,2017,bench,29
217,5064,2018,starter,6
195,5064,2019,rotation,39
195,5064,2020,starter,30
195,5064,2021,starter,47
195,5064,2022,starter,91
195,5064,2023,starter,52
195,5064,2024,rotation,34
284,5065,2015,starter,70
358,5065,2016,rotation,90
358,5065,2017,bench,52
358,5065,2018,starter,88
358,5065,2019,starter,57
358,5065,2020,bench,63
358,5065,2021,bench,35
66,5066,2015,rotation,13
66,5066,2016,starter,86
66,5066,2017,starter,17
66,5066,2018,bench,80
66,5066,2019,rotation,48
369,5066,2020,starter,13
369,5066,2021,starter,39
369,5066,2022,starter,36
369,5066,2023,starter,55
328,5067,2017,rotation,96
328,5067,2018,starter,64
328,5067,2019,starter,77
328,5067,2020,bench,66
328,5067,2021,rotation,62
328,5067,2022,starter,72
328,5067,2023,starter,72
328,5067,2024,rotation,42
197,5068,2015,starter,3
197,5068,2016,rotation,19
197,5068,2017,starter,18
337,5068,2018,starter,63
337,5068,2019,rotation,15
337,5068,2020,starter,34
337,5068,2021,starter,95
337,5068,2022,starter,87
337,5068,2023,starter,14
275,5069,2019,rotation,44
275,5069,2020,rotation,15
269,5069,2021,starter,43
269,5069,2022,rotation,20
269,5069,2023,starter,92
269,5069,2024,starter,33
254,5071,2015,starter,61
254,5071,2016,starter,12
254,5071,2017,starter,39
254,5071,2018,starter,40
254,5071,2019,starter,84
254,5071,2020,starter,57
254,5071,2021,bench,59
254,5071,2022,rotation,74
254,5071,2023,starter,40
254,5071,2024,starter,75
294,5072,2016,starter,64
294,5072,2017,rotation,85
294,5072,2018,rotation,46
294,5072,2019,starter,60
294,5072,2020,bench,51
181,5072,2021,bench,90
181,5072,2022,starter,31
181,5072,2023,starter,13
181,5072,2024,rotation,77
372,5074,2018,starter,69
372,5074,2019,bench,60
372,5074,2020,bench,49
372,5074,2021,rotation,98
372,5074,2022,rotation,71
372,5074,2023,rotation,28
372,5074,2024,starter,3
98,5075,2021,starter,48
98,5075,2022,starter,57
98,5075,2023,rotation,15
98,5075,2024,starter,84
378,5077,2015,bench,79
378,5077,2016,rotation,92
378,5077,2017,starter,45
378,5077,2018,starter,66
378,5077,2019,rotation,3
378,5077,2020,starter,6
378,5077,2021,rotation,3
378,5077,2022,starter,97
378,5077,2023,starter,80
378,5077,2024,rotation,74
302,5078,2017,starter,16
302,5078,2018,starter,90
302,5078,2019,bench,77
302,5078,2020,starter,60
302,5078,2021,starter,36
302,5078,2022,starter,83
302,5078,2023,rotation,51
302,5078,2024,starter,81
89,5079,2024,rotation,88
81,5080,2015,starter,55
81,5080,2016,starter,74
313,5080,2017,rotation,73
118,5080,2018,starter,96
118,5080,2019,rotation,52
118,5080,2020,starter,46
327,5080,2021,starter,30
327,5080,2022,starter,93
327,5080,2023,rotation,24
327,5080,2024,bench,59
348,5081,2018,starter,47
380,5081,2019,bench,7
380,5081,2020,rotation,71
380,5081,2021,starter,39
380,5081,2022,starter,71
380,5081,2023,bench,54
380,5081,2024,starter,70
160,5083,2015,starter,75
160,5083,2016,starter,54
160,5083,2017,starter,40
160,5083,2018,starter,23
160,5083,2019,starter,18
160,5083,2020,bench,84
366,5083,2021,starter,13
366,5083,2022,starter,58
366,5083,2023,starter,31
366,5083,2024,starter,72
17,5084,2015,starter,26
17,5084,2016,rotation,46
17,5084,2017,starter,35
17,5084,2018,starter,39
17,5084,2019,starter,24
17,5084,2020,starter,40
17,5084,2021,starter,89
17,5084,2022,starter,97
17,5084,2023,starter,88
17,5084,2024,rotation,57
255,5085,2023,starter,43
255,5085,2024,bench,62
305,5086,2018,starter,47
305,5086,2019,starter,2
305,5086,2020,starter,25
305,5086,2021,starter,97
305,5086,2022,rotation,70
161,5086,2023,starter,78
161,5086,2024,starter,69
264,5087,2021,starter,54
254,5087,2022,rotation,23
254,5087,2023,starter,66
254,5087,2024,rotation,78
219,5088,2015,bench,34
219,5088,2016,rotation,63
219,5088,2017,bench,25
219,5088,2018,starter,50
219,5088,2019,bench,39
219,5088,2020,bench,8
265,5088,2021,starter,51
265,5088,2022,starter,74
265,5088,2023,bench,64
265,5088,2024,bench,50
356,5089,2022,rotation,42
356,5089,2023,rotation,96
356,5089,2024,starter,43
53,5090,2015,rotation,54
53,5090,2016,starter,92
156,5090,2017,starter,21
156,5090,2018,starter,92
156,5090,2019,starter,10
156,5090,2020,bench,80
156,5090,2021,bench,77
156,5090,2022,starter,82
156,5090,2023,starter,54
156,5090,2024,bench,95
193,5091,2015,starter,91
193,5091,2016,starter,82
193,5091,2017,starter,93
193,5091,2018,starter,46
193,5091,2019,starter,55
193,5091,2020,rotation,84
193,5091,2021,rotation,48
193,5091,2022,starter,23
193,5091,2023,starter,49
193,5091,2024,bench,15
313,5092,2017,rotation,63
313,5092,2018,starter,79
189,5092,2019,rotation,79
189,5092,2020,starter,53
189,5092,2021,starter,36
189,5092,2022,starter,17
189,5092,2023,starter,81
265,5092,2024,rotation,48
52,5093,2018,starter,66
52,5093,2019,bench,63
52,5093,2020,rotation,76
52,5093,2021,bench,3
52,5093,2022,starter,33
52,5093,2023,rotation,58
52,5093,2024,rotation,41
132,5094,2024,bench,12
4,5096,2022,rotation,79
4,5096,2023,bench,16
4,5096,2024,starter,52
126,5097,2015,bench,3
126,5097,2016,rotation,61
126,5097,2017,starter,77
126,5097,2018,starter,44
126,5097,2019,starter,15
126,5097,2020,starter,30
126,5097,2021,bench,73
126,5097,2022,starter,66
126,5097,2023,starter,37
278,5098,2015,rotation,62
278,5098,2016,starter,8
278,5098,2017,starter,69
278,5098,2018,starter,28
278,5098,2019,bench,33
298,5098,2020,bench,91
298,5098,2021,starter,54
298,5098,2022,starter,5
298,5098,2023,starter,30
298,5098,2024,starter,69
346,5099,2019,starter,3
346,5099,2020,bench,61
346,5099,2021,bench,80
346,5099,2022,starter,1
346,5099,2023,starter,56
346,5099,2024,starter,40
48,5100,2023,starter,97
48,5100,2024,starter,14
39,5101,2018,rotation,48
39,5101,2019,starter,73
39,5101,2020,starter,47
39,5101,2021,starter,46
39,5101,2022,rotation,21
39,5101,2023,starter,29
39,5101,2024,starter,83
347,5103,2015,rotation,89
347,5103,2016,rotation,19
347,5103,2017,starter,91
347,5103,2018,starter,5
28,5103,2019,starter,74
28,5103,2020,rotation,69
28,5103,2021,starter,36
28,5103,2022,rotation,12
28,5103,2023,starter,70
28,5103,2024,bench,81
117,5104,2015,rotation,62
117,5104,2016,rotation,16
117,5104,2017,rotation,33
117,5104,2018,rotation,31
117,5104,2019,bench,71
117,5104,2020,rotation,25
117,5104,2021,starter,46
355,5105,2015,starter,79
355,5105,2016,starter,67
355,5105,2017,starter,73
355,5105,2018,starter,56
355,5105,2019,bench,75
355,5105,2020,rotation,1
355,5105,2021,rotation,61
355,5105,2022,starter,93
378,5106,2015,starter,87
378,5106,2016,bench,71
378,5106,2017,starter,42
378,5106,2018,starter,17
378,5106,2019,rotation,40
378,5106,2020,starter,24
369,5107,2020,rotation,71
369,5107,2021,starter,5
259,5107,2022,starter,70
259,5107,2023,rotation,90
259,5107,2024,bench,4
338,5108,2016,starter,38
338,5108,2017,rotation,41
338,5108,2018,starter,81
358,5108,2019,rotation,86
358,5108,2020,starter,47
358,5108,2021,bench,52
358,5108,2022,starter,54
358,5108,2023,rotation,54
358,5108,2024,starter,63
194,5109,2023,starter,73
194,5109,2024,rotation,38
375,5110,2017,starter,54
375,5110,2018,rotation,93
375,5110,2019,rotation,17
375,5110,2020,starter,66
375,5110,2021,starter,96
375,5110,2022,bench,52
375,5110,2023,rotation,81
375,5110,2024,bench,83
296,5111,2015,bench,1
296,5111,2016,rotation,81
296,5111,2017,starter,82
296,5111,2018,starter,31
296,5111,2019,bench,43
230,5111,2020,starter,44
245,5114,2023,starter,91
245,5114,2024,starter,14
371,5115,2015,starter,32
371,5115,2016,rotation,56
371,5115,2017,rotation,94
371,5115,2018,rotation,27
371,5115,2019,starter,18
371,5115,2020,bench,12
371,5115,2021,starter,52
17,5115,2022,starter,48
17,5115,2023,starter,62
17,5115,2024,starter,48
94,5116,2022,starter,10
94,5116,2023,starter,85
247,5116,2024,starter,31
293,5117,2023,starter,7
293,5117,2024,starter,75
206,5118,2021,starter,47
206,5118,2022,starter,50
302,5118,2023,starter,89
302,5118,2024,bench,12
380,5120,2015,starter,1
380,5120,2016,rotation,83
380,5120,2017,rotation,46
380,5120,2018,rotation,52
380,5120,2019,starter,86
380,5120,2020,rotation,14
243,5120,2021,bench,58
243,5120,2022,rotation,37
243,5120,2023,starter,88
243,5120,2024,starter,72
354,5121,2015,rotation,70
354,5121,2016,bench,75
259,5121,2017,starter,51
259,5121,2018,bench,91
259,5121,2019,rotation,63
259,5121,2020,starter,84
259,5121,2021,starter,6
259,5121,2022,starter,91
311,5121,2023,starter,71
311,5121,2024,starter,67
114,5122,2015,starter,3
114,5122,2016,rotation,33
114,5122,2017,starter,67
218,5122,2018,rotation,37
218,5122,2019,starter,37
218,5122,2020,starter,44
218,5122,2021,starter,75
218,5122,2022,starter,13
225,5123,2015,starter,92
225,5123,2016,rotation,39
225,5123,2017,starter,43
242,5123,2018,starter,65
242,5123,2019,rotation,51
242,5123,2020,rotation,23
242,5123,2021,rotation,35
242,5123,2022,rotation,44
242,5123,2023,starter,71
242,5123,2024,starter,85
336,5124,2019,bench,52
336,5124,2020,starter,68
336,5124,2021,starter,30
336,5124,2022,bench,8
336,5124,2023,starter,70
336,5124,2024,starter,57
257,5125,2015,starter,5
257,5125,2016,bench,30
257,5125,2017,bench,68
82,5125,2018,bench,66
82,5125,2019,bench,30
82,5125,2020,starter,86
301,5126,2016,starter,22
301,5126,2017,rotation,20
301,5126,2018,starter,39
301,5126,2019,rotation,42
301,5126,2020,starter,69
301,5126,2021,starter,13
359,5126,2022,starter,30
359,5126,2023,rotation,75
359,5126,2024,rotation,7
139,5127,2015,starter,57
139,5127,2016,starter,26
139,5127,2017,starter,83
139,5127,2018,rotation,35
139,5127,2019,starter,83
139,5127,2020,rotation,77
139,5127,2021,starter,36
139,5127,2022,rotation,70
139,5127,2023,rotation,74
139,5127,2024,starter,35
212,5129,2015,starter,50
212,5129,2016,rotation,77
212,5129,2017,starter,64
212,5129,2018,starter,18
212,5129,2019,bench,59
212,5129,2020,starter,25
212,5129,2021,starter,61
109,5129,2022,starter,77
107,5129,2023,rotation,12
107,5129,2024,starter,43
72,5130,2017,starter,67
72,5130,2018,bench,28
72,5130,2019,starter,88
72,5130,2020,rotation,81
72,5130,2021,starter,34
72,5130,2022,starter,40
72,5130,2023,starter,4
72,5130,2024,rotation,64
326,5131,2015,starter,43
326,5131,2016,starter,97
326,5131,2017,rotation,15
326,5131,2018,starter,55
326,5131,2019,rotation,38
326,5131,2020,bench,92
326,5131,2021,rotation,41
326,5131,2022,starter,7
338,5131,2023,starter,47
338,5131,2024,starter,59
122,5132,2015,starter,4
122,5132,2016,starter,17
122,5132,2017,starter,77
122,5132,2018,bench,71
122,5132,2019,starter,81
122,5132,2020,starter,63
122,5132,2021,starter,64
122,5132,2022,starter,64
122,5132,2023,starter,15
363,5133,2015,bench,64
363,5133,2016,starter,48
338,5133,2017,starter,15
338,5133,2018,rotation,27
338,5133,2019,starter,77
338,5133,2020,rotation,43
338,5133,2021,starter,4
338,5133,2022,starter,49
338,5133,2023,rotation,49
338,5133,2024,starter,93
377,5134,2015,starter,9
377,5134,2016,starter,31
377,5134,2017,starter,82
377,5134,2018,rotation,45
377,5134,2019,starter,87
377,5134,2020,starter,9
377,5134,2021,starter,5
373,5135,2015,rotation,5
373,5135,2016,starter,36
373,5135,2017,rotation,28
373,5135,2018,starter,46
373,5135,2019,starter,94
373,5135,2020,starter,39
373,5135,2021,starter,7
373,5135,2022,starter,49
373,5135,2023,starter,65
373,5135,2024,bench,15
64,5137,2015,starter,4
64,5137,2016,starter,93
64,5137,2017,starter,76
64,5137,2018,rotation,67
64,5137,2019,starter,56
64,5137,2020,starter,42
64,5137,2021,rotation,12
64,5137,2022,starter,45
192,5137,2023,rotation,59
192,5137,2024,rotation,46
347,5138,2018,starter,25
347,5138,2019,rotation,85
347,5138,2020,starter,90
347,5138,2021,starter,86
347,5138,2022,starter,25
347,5138,2023,starter,9
347,5138,2024,bench,41
336,5139,2015,rotation,91
336,5139,2016,rotation,91
245,5139,2017,bench,44
245,5139,2018,starter,15
245,5139,2019,bench,32
245,5139,2020,starter,21
245,5139,2021,starter,68
245,5139,2022,rotation,30
245,5139,2023,bench,4
245,5139,2024,rotation,20
28,5141,2015,rotation,4
28,5141,2016,rotation,17
28,5141,2017,rotation,35
28,5141,2018,starter,20
28,5141,2019,starter,82
28,5141,2020,bench,78
28,5141,2021,bench,10
28,5141,2022,rotation,72
28,5141,2023,starter,64
28,5141,2024,starter,93
340,5142,2021,rotation,92
340,5142,2022,starter,19
340,5142,2023,starter,54
13,5142,2024,starter,89
333,5143,2015,starter,18
355,5143,2016,bench,17
355,5143,2017,starter,9
355,5143,2018,starter,58
355,5143,2019,starter,56
355,5143,2020,starter,41
355,5143,2021,starter,22
355,5143,2022,starter,52
355,5143,2023,bench,85
21,5143,2024,starter,19
333,5144,2022,starter,21
333,5144,2023,starter,15
333,5144,2024,bench,52
102,5145,2015,rotation,43
102,5145,2016,starter,71
102,5145,2017,starter,15
102,5145,2018,starter,95
102,5145,2019,starter,42
183,5145,2020,starter,52
183,5145,2021,rotation,25
183,5145,2022,starter,38
140,5146,2020,bench,14
140,5146,2021,bench,69
140,5146,2022,starter,75
140,5146,2023,starter,85
140,5146,2024,bench,98
379,5147,2015,rotation,60
66,5147,2016,rotation,70
66,5147,2017,starter,91
66,5147,2018,rotation,85
66,5147,2019,starter,80
66,5147,2020,starter,18
66,5147,2021,rotation,53
66,5147,2022,starter,95
66,5147,2023,rotation,8
66,5147,2024,starter,40
60,5148,2015,rotation,63
60,5148,2016,starter,28
60,5148,2017,starter,35
60,5148,2018,starter,56
60,5148,2019,rotation,20
60,5148,2020,rotation,92
367,5148,2021,starter,45
367,5148,2022,rotation,55
367,5148,2023,starter,88
367,5148,2024,starter,30
316,5149,2015,starter,32
316,5149,2016,starter,65
316,5149,2017,starter,70
119,5149,2018,starter,71
119,5149,2019,starter,95
119,5149,2020,rotation,65
119,5149,2021,rotation,58
119,5149,2022,starter,78
119,5149,2023,starter,50
119,5149,2024,starter,97
296,5150,2015,starter,34
296,5150,2016,starter,72
296,5150,2017,rotation,92
296,5150,2018,rotation,93
75,5150,2019,starter,88
75,5150,2020,rotation,69
75,5150,2021,rotation,36
75,5150,2022,starter,63
75,5150,2023,starter,31
75,5150,2024,starter,90
351,5151,2020,starter,40
351,5151,2021,rotation,52
351,5151,2022,starter,64
351,5151,2023,starter,62
351,5151,2024,bench,48
288,5152,2015,starter,27
6,5152,2016,starter,6
6,5152,2017,starter,27
6,5152,2018,starter,11
6,5152,2019,rotation,25
121,5152,2020,rotation,27
121,5152,2021,starter,33
121,5152,2022,starter,92
19,5152,2023,starter,36
19,5152,2024,rotation,32
317,5153,2015,starter,52
317,5153,2016,starter,42
317,5153,2017,starter,40
185,5153,2018,starter,81
185,5153,2019,rotation,97
185,5153,2020,rotation,82
185,5153,2021,starter,41
185,5153,2022,bench,33
185,5153,2023,starter,34
213,5153,2024,starter,23
326,5154,2015,starter,20
326,5154,2016,bench,36
326,5154,2017,starter,85
326,5154,2018,starter,49
177,5154,2019,starter,56
177,5154,2020,rotation,3
248,5154,2021,rotation,85
204,5154,2022,starter,39
204,5154,2023,bench,65
204,5154,2024,starter,14
272,5155,2021,rotation,80
272,5155,2022,starter,42
272,5155,2023,starter,16
272,5155,2024,bench,87
175,5156,2015,rotation,53
175,5156,2016,starter,70
175,5156,2017,starter,76
175,5156,2018,rotation,57
175,5156,2019,starter,55
256,5156,2020,starter,1
256,5156,2021,starter,23
256,5156,2022,starter,45
31,5157,2017,starter,95
31,5157,2018,bench,15
15,5157,2019,starter,31
267,5157,2020,starter,70
267,5157,2021,starter,15
267,5157,2022,starter,82
267,5157,2023,rotation,62
267,5157,2024,starter,15
140,5158,2015,starter,68
185,5158,2016,bench,17
185,5158,2017,rotation,93
185,5158,2018,bench,17
185,5158,2019,starter,4
185,5158,2020,rotation,53
185,5158,2021,bench,57
172,5158,2022,starter,18
172,5158,2023,bench,41
172,5158,2024,starter,11
255,5159,2015,starter,13
255,5159,2016,bench,94
255,5159,2017,rotation,47
255,5159,2018,starter,47
255,5159,2019,starter,51
255,5159,2020,starter,7
255,5159,2021,starter,58
255,5159,2022,starter,77
255,5159,2023,starter,26
255,5159,2024,bench,69
304,5160,2015,starter,88
304,5160,2016,rotation,91
304,5160,2017,starter,75
304,5160,2018,starter,34
304,5160,2019,starter,34
304,5160,2020,starter,4
295,5160,2021,starter,83
72,5160,2022,starter,39
72,5160,2023,starter,35
72,5160,2024,rotation,13
146,5161,2022,starter,39
146,5161,2023,starter,52
146,5161,2024,bench,19
372,5162,2015,starter,74
372,5162,2016,starter,2
31,5162,2017,rotation,49
188,5162,2018,starter,78
188,5162,2019,starter,12
188,5162,2020,starter,58
301,5162,2021,rotation,22
301,5162,2022,starter,58
301,5162,2023,rotation,74
328,5163,2024,rotation,64
171,5164,2015,rotation,70
171,5164,2016,starter,66
171,5164,2017,rotation,75
171,5164,2018,starter,97
171,5164,2019,starter,62
171,5164,2020,bench,49
171,5164,2021,starter,20
171,5164,2022,rotation,30
171,5164,2023,bench,55
170,5164,2024,rotation,3
313,5165,2022,starter,90
211,5165,2023,starter,35
315,5165,2024,starter,19
146,5166,2015,rotation,96
146,5166,2016,rotation,3
146,5166,2017,starter,39
146,5166,2018,starter,97
146,5166,2019,starter,80
146,5166,2020,starter,97
146,5166,2021,starter,68
146,5166,2022,rotation,87
146,5166,2023,rotation,92
146,5166,2024,rotation,7
340,5167,2015,bench,16
340,5167,2016,rotation,71
340,5167,2017,rotation,92
340,5167,2018,starter,65
340,5167,2019,rotation,81
340,5167,2020,bench,80
340,5167,2021,starter,69
340,5167,2022,bench,68
340,5167,2023,starter,96
340,5167,2024,starter,75
371,5168,2015,rotation,90
371,5168,2016,starter,7
371,5168,2017,bench,46
371,5168,2018,starter,81
371,5168,2019,rotation,87
371,5168,2020,bench,11
38,5169,2015,bench,43
38,5169,2016,starter,43
38,5169,2017,starter,78
38,5169,2018,bench,45
134,5169,2019,starter,11
134,5169,2020,starter,65
134,5169,2021,starter,58
134,5169,2022,starter,31
134,5169,2023,rotation,3
134,5169,2024,starter,10
140,5170,2017,starter,60
140,5170,2018,bench,96
140,5170,2019,starter,68
140,5170,2020,starter,68
140,5170,2021,rotation,75
140,5170,2022,rotation,24
140,5170,2023,bench,90
140,5170,2024,starter,3
219,5171,2024,bench,86
249,5172,2015,rotation,18
249,5172,2016,rotation,10
249,5172,2017,starter,42
249,5172,2018,rotation,42
8,5172,2019,starter,37
229,5172,2020,rotation,55
157,5172,2021,starter,70
145,5172,2022,starter,53
145,5172,2023,bench,7
145,5172,2024,starter,91
225,5173,2019,starter,23
225,5173,2020,rotation,47
238,5173,2021,starter,5
361,5173,2022,rotation,87
109,5173,2023,starter,62
109,5173,2024,starter,61
217,5174,2015,starter,21
217,5174,2016,bench,79
217,5174,2017,starter,51
217,5174,2018,starter,6
217,5174,2019,starter,93
217,5174,2020,rotation,19
217,5174,2021,rotation,51
217,5174,2022,rotation,63
217,5174,2023,bench,18
217,5174,2024,rotation,84
263,5175,2015,rotation,22
370,5175,2016,rotation,61
370,5175,2017,starter,50
370,5175,2018,rotation,10
370,5175,2019,starter,53
370,5175,2020,rotation,47
370,5175,2021,starter,63
370,5175,2022,bench,2
370,5175,2023,rotation,27
370,5175,2024,rotation,47
171,5176,2022,rotation,46
171,5176,2023,starter,81
171,5176,2024,starter,55
130,5177,2015,starter,5
130,5177,2016,starter,56
130,5177,2017,starter,77
130,5177,2018,rotation,30
130,5177,2019,rotation,74
130,5177,2020,starter,55
130,5177,2021,starter,90
130,5177,2022,rotation,65
278,5178,2020,starter,39
278,5178,2021,rotation,6
278,5178,2022,starter,16
278,5178,2023,bench,41
104,5178,2024,bench,45
358,5179,2015,starter,47
358,5179,2016,starter,5
358,5179,2017,bench,79
358,5179,2018,starter,91
282,5179,2019,rotation,75
282,5179,2020,rotation,57
282,5179,2021,starter,25
282,5179,2022,starter,69
282,5179,2023,starter,85
282,5179,2024,starter,55
322,5180,2015,starter,2
322,5180,2016,rotation,66
322,5180,2017,rotation,42
322,5180,2018,starter,6
322,5180,2019,rotation,9
322,5180,2020,rotation,60
322,5180,2021,starter,81
322,5180,2022,starter,20
179,5182,2020,rotation,88
145,5182,2021,rotation,89
145,5182,2022,starter,19
145,5182,2023,rotation,92
145,5182,2024,starter,7
113,5183,2015,starter,4
113,5183,2016,rotation,53
113,5183,2017,rotation,12
113,5183,2018,rotation,1
113,5183,2019,starter,98
113,5183,2020,starter,86
113,5183,2021,rotation,58
113,5183,2022,starter,56
113,5183,2023,rotation,41
113,5183,2024,rotation,85
265,5184,2017,starter,84
265,5184,2018,starter,44
265,5184,2019,starter,79
265,5184,2020,rotation,28
265,5184,2021,starter,94
265,5184,2022,starter,25
265,5184,2023,starter,55
265,5184,2024,bench,19
123,5185,2020,rotation,5
123,5185,2021,starter,2
123,5185,2022,starter,20
123,5185,2023,starter,2
353,5185,2024,bench,19
97,5187,2018,bench,90
97,5187,2019,rotation,20
97,5187,2020,starter,13
97,5187,2021,starter,29
97,5187,2022,starter,52
97,5187,2023,starter,11
97,5187,2024,starter,27
160,5188,2017,bench,27
160,5188,2018,starter,74
160,5188,2019,rotation,59
101,5188,2020,starter,35
358,5188,2021,rotation,66
358,5188,2022,starter,96
358,5188,2023,rotation,2
358,5188,2024,bench,11
352,5189,2015,starter,89
352,5189,2016,starter,25
352,5189,2017,rotation,6
352,5189,2018,starter,7
352,5189,2019,starter,58
352,5189,2020,starter,76
352,5189,2021,rotation,6
352,5189,2022,bench,24
352,5189,2023,rotation,12
352,5189,2024,starter,17
311,5190,2015,rotation,68
311,5190,2016,rotation,19
311,5190,2017,starter,21
311,5190,2018,starter,8
311,5190,2019,starter,5
247,5191,2017,starter,58
247,5191,2018,rotation,28
84,5191,2019,starter,36
84,5191,2020,starter,10
84,5191,2021,rotation,31
84,5191,2022,starter,23
84,5191,2023,starter,44
84,5191,2024,starter,30
204,5193,2021,starter,85
204,5193,2022,rotation,81
204,5193,2023,bench,47
204,5193,2024,rotation,67
212,5196,2015,starter,73
212,5196,2016,rotation,28
212,5196,2017,starter,56
212,5196,2018,starter,94
212,5196,2019,starter,41
212,5196,2020,rotation,32
212,5196,2021,rotation,82
212,5196,2022,starter,33
119,5196,2023,starter,62
41,5197,2015,rotation,14
41,5197,2016,rotation,70
41,5197,2017,starter,33
41,5197,2018,rotation,20
41,5197,2019,rotation,86
41,5197,2020,starter,51
41,5197,2021,rotation,36
41,5197,2022,bench,72
41,5197,2023,bench,25
41,5197,2024,starter,89
6,5198,2015,rotation,67
6,5198,2016,rotation,47
6,5198,2017,bench,38
6,5198,2018,rotation,85
6,5198,2019,rotation,52
6,5198,2020,rotation,80
6,5198,2021,starter,24
6,5198,2022,rotation,70
6,5198,2023,starter,96
6,5198,2024,starter,70
226,5200,2023,starter,14
226,5200,2024,bench,23
